raw_timestamp,item_id,item_name,ticket_id,service,storage_location,raw_category,raw_note,cleaned_date,system_item_id,standard_category,days_in_storage,aging_status,disposal_action,legal_form,responsible_pic
2023-08-16 13:07:13,4934574,1 tai nghe và dây sạc cũ,462350510,HCM-GE,"THÙNG 01- BÌ SỐ 1, 18 ITEM ","Hàng hóa hàng ngày, giấy tờ khác (quần áo, mắt kính...)",,2023-08-16 13:07:13.000,4934574,"Hàng hóa hàng ngày, giấy tờ khác (quần áo, mắt kính...)",39,Còn hạn,Thuê Vendor tiêu hủy / Quyên góp,Phụ lục 3 (TTLT 18),GE + FPS + Vendor
2023-08-16 13:33:20,6632493,1 tập hồ sơ hợp đồng,461937467,HCM-GE,"THÙNG 01- BÌ SỐ 1, 18 ITEM ","Hàng hóa hàng ngày, giấy tờ khác (quần áo, mắt kính...)",,2023-08-16 13:33:20.000,6632493,"Hàng hóa hàng ngày, giấy tờ khác (quần áo, mắt kính...)",39,Còn hạn,Thuê Vendor tiêu hủy / Quyên góp,Phụ lục 3 (TTLT 18),GE + FPS + Vendor
2023-08-05 15:38:45,1999592,1 hợp đồng lao động,458514116,HCM-GE,"THÙNG 01- BÌ SỐ 1, 18 ITEM ","Hàng hóa hàng ngày, giấy tờ khác (quần áo, mắt kính...)",,2023-05-08 15:38:45.000,1999592,"Hàng hóa hàng ngày, giấy tờ khác (quần áo, mắt kính...)",139,Còn hạn,Thuê Vendor tiêu hủy / Quyên góp,Phụ lục 3 (TTLT 18),GE + FPS + Vendor
2023-08-12 12:27:42,6973810,2 tập hồ sờ,460781375,HCM-GE,"THÙNG 01- BÌ SỐ 1, 18 ITEM ","Hàng hóa hàng ngày, giấy tờ khác (quần áo, mắt kính...)",,2023-12-08 12:27:42.000,6973810,"Hàng hóa hàng ngày, giấy tờ khác (quần áo, mắt kính...)",-75,Còn hạn,Thuê Vendor tiêu hủy / Quyên góp,Phụ lục 3 (TTLT 18),GE + FPS + Vendor
2023-02-24 14:17:58,4766801,hồ sơ,402362998,HCM-GE,"THÙNG 01- BÌ SỐ 1, 18 ITEM ","Hàng hóa hàng ngày, giấy tờ khác (quần áo, mắt kính...)",,2023-02-24 14:17:58.000,4766801,"Hàng hóa hàng ngày, giấy tờ khác (quần áo, mắt kính...)",212,Quá hạn,Thuê Vendor tiêu hủy / Quyên góp,Phụ lục 3 (TTLT 18),GE + FPS + Vendor
2023-08-30 10:57:23,1527374,1 bộ phiếu giao hàng,467467447,HCM-GE,"THÙNG 01- BÌ SỐ 1, 18 ITEM ","Hàng hóa hàng ngày, giấy tờ khác (quần áo, mắt kính...)",,2023-08-30 10:57:23.000,1527374,"Hàng hóa hàng ngày, giấy tờ khác (quần áo, mắt kính...)",25,Còn hạn,Thuê Vendor tiêu hủy / Quyên góp,Phụ lục 3 (TTLT 18),GE + FPS + Vendor
2023-08-25 17:29:39,4219631,bìa phong thư hồ sơ,465813344,HCM-GE,"THÙNG 01- BÌ SỐ 1, 18 ITEM ","Hàng hóa hàng ngày, giấy tờ khác (quần áo, mắt kính...)",,2023-08-25 17:29:39.000,4219631,"Hàng hóa hàng ngày, giấy tờ khác (quần áo, mắt kính...)",30,Còn hạn,Thuê Vendor tiêu hủy / Quyên góp,Phụ lục 3 (TTLT 18),GE + FPS + Vendor
2023-08-08 08:58:39,379716,1 thẻ dân cư,458461678,HCM-GE,"THÙNG 01- BÌ SỐ 1, 18 ITEM ","Hàng hóa hàng ngày, giấy tờ khác (quần áo, mắt kính...)",,2023-08-08 08:58:39.000,379716,"Hàng hóa hàng ngày, giấy tờ khác (quần áo, mắt kính...)",47,Còn hạn,Thuê Vendor tiêu hủy / Quyên góp,Phụ lục 3 (TTLT 18),GE + FPS + Vendor
2023-08-31 14:36:12,4061288,1 gói hàng shoppee màu xanh nước biển,467905906,HCM-GE,"THÙNG 01- BÌ SỐ 1, 18 ITEM ","Hàng hóa hàng ngày, giấy tờ khác (quần áo, mắt kính...)",,2023-08-31 14:36:12.000,4061288,"Hàng hóa hàng ngày, giấy tờ khác (quần áo, mắt kính...)",24,Còn hạn,Thuê Vendor tiêu hủy / Quyên góp,Phụ lục 3 (TTLT 18),GE + FPS + Vendor
2023-05-27 11:00:14,5243087,1 remote máy lạnh,434313919,HCM-GE,"THÙNG 01- BÌ SỐ 1, 18 ITEM ","Hàng hóa hàng ngày, giấy tờ khác (quần áo, mắt kính...)",,2023-05-27 11:00:14.000,5243087,"Hàng hóa hàng ngày, giấy tờ khác (quần áo, mắt kính...)",120,Còn hạn,Thuê Vendor tiêu hủy / Quyên góp,Phụ lục 3 (TTLT 18),GE + FPS + Vendor
2023-08-07 10:57:33,3241125,1 hộp giấy đứng máy thổi bong bóng,458774813,HCM-GE,"THÙNG 01- BÌ SỐ 1, 18 ITEM ","Hàng hóa hàng ngày, giấy tờ khác (quần áo, mắt kính...)",,2023-07-08 10:57:33.000,3241125,"Hàng hóa hàng ngày, giấy tờ khác (quần áo, mắt kính...)",78,Còn hạn,Thuê Vendor tiêu hủy / Quyên góp,Phụ lục 3 (TTLT 18),GE + FPS + Vendor
2023-08-11 15:41:01,6056261,1 gói tinh bột màu vàng,460816536,HCM-GE,"THÙNG 01- BÌ SỐ 1, 18 ITEM ","Hàng hóa hàng ngày, giấy tờ khác (quần áo, mắt kính...)",,2023-11-08 15:41:01.000,6056261,"Hàng hóa hàng ngày, giấy tờ khác (quần áo, mắt kính...)",-45,Còn hạn,Thuê Vendor tiêu hủy / Quyên góp,Phụ lục 3 (TTLT 18),GE + FPS + Vendor
2023-08-28 15:47:12,2850312,1 hộp giấy đựng con chuột,466120042,HCM-GE,"THÙNG 01- BÌ SỐ 1, 18 ITEM ","Hàng hóa hàng ngày, giấy tờ khác (quần áo, mắt kính...)",,2023-08-28 15:47:12.000,2850312,"Hàng hóa hàng ngày, giấy tờ khác (quần áo, mắt kính...)",27,Còn hạn,Thuê Vendor tiêu hủy / Quyên góp,Phụ lục 3 (TTLT 18),GE + FPS + Vendor
2023-08-29 09:31:03,6880292,1 điện thoại bị bể màn hình,466905906,HCM-GE,"THÙNG 01- BÌ SỐ 1, 18 ITEM ","Hàng hóa hàng ngày, giấy tờ khác (quần áo, mắt kính...)",,2023-08-29 09:31:03.000,6880292,"Hàng hóa hàng ngày, giấy tờ khác (quần áo, mắt kính...)",26,Còn hạn,Thuê Vendor tiêu hủy / Quyên góp,Phụ lục 3 (TTLT 18),GE + FPS + Vendor
2023-09-21 16:28:19,5670187,1 phong bì màu đỏ,474800194,HCM-GE,"THÙNG 01- BÌ SỐ 1, 18 ITEM ","Hàng hóa hàng ngày, giấy tờ khác (quần áo, mắt kính...)",,2023-09-21 16:28:19.000,5670187,"Hàng hóa hàng ngày, giấy tờ khác (quần áo, mắt kính...)",3,Còn hạn,Thuê Vendor tiêu hủy / Quyên góp,Phụ lục 3 (TTLT 18),GE + FPS + Vendor
2023-08-08 08:38:02,6544696,1 hộp hàng dán kin,458702625,HCM-GE,"THÙNG 01- BÌ SỐ 1, 18 ITEM ","Hàng hóa hàng ngày, giấy tờ khác (quần áo, mắt kính...)",,2023-08-08 08:38:02.000,6544696,"Hàng hóa hàng ngày, giấy tờ khác (quần áo, mắt kính...)",47,Còn hạn,Thuê Vendor tiêu hủy / Quyên góp,Phụ lục 3 (TTLT 18),GE + FPS + Vendor
2023-08-23 11:27:09,5489349,1 hộp giấy,464779001,HCM-GE,"THÙNG 01- BÌ SỐ 1, 18 ITEM ","Hàng hóa hàng ngày, giấy tờ khác (quần áo, mắt kính...)",,2023-08-23 11:27:09.000,5489349,"Hàng hóa hàng ngày, giấy tờ khác (quần áo, mắt kính...)",32,Còn hạn,Thuê Vendor tiêu hủy / Quyên góp,Phụ lục 3 (TTLT 18),GE + FPS + Vendor
2023-08-12 14:51:48,3060941,1 bịch đỏ chứa hình sticker và 1 hộp giấy nhỏ,461170184,HCM-GE,"THÙNG 01- BÌ SỐ 1, 18 ITEM ","Hàng hóa hàng ngày, giấy tờ khác (quần áo, mắt kính...)",,2023-12-08 14:51:48.000,3060941,"Hàng hóa hàng ngày, giấy tờ khác (quần áo, mắt kính...)",-75,Còn hạn,Thuê Vendor tiêu hủy / Quyên góp,Phụ lục 3 (TTLT 18),GE + FPS + Vendor
2023-08-14 13:43:36,3557933,1 chai nước hoa,461759732,HCM-GE,"THÙNG 01- BÌ SỐ 2, 22 ITEM ","Hàng hóa hàng ngày, giấy tờ khác (quần áo, mắt kính...)",,2023-08-14 13:43:36.000,3557933,"Hàng hóa hàng ngày, giấy tờ khác (quần áo, mắt kính...)",41,Còn hạn,Thuê Vendor tiêu hủy / Quyên góp,Phụ lục 3 (TTLT 18),GE + FPS + Vendor
2023-08-30 15:02:14,7030693,Cà vẹt xe +chùm chìa khóa,467336796,HCM-GE,"THÙNG 01- BÌ SỐ 2, 22 ITEM ","Hàng hóa hàng ngày, giấy tờ khác (quần áo, mắt kính...)",,2023-08-30 15:02:14.000,7030693,"Hàng hóa hàng ngày, giấy tờ khác (quần áo, mắt kính...)",25,Còn hạn,Thuê Vendor tiêu hủy / Quyên góp,Phụ lục 3 (TTLT 18),GE + FPS + Vendor
2023-08-29 11:37:15,4084100,nước hoa + xit mọc tóc + tinh chất dưỡng tóc,467109812,HCM-GE,"THÙNG 01- BÌ SỐ 2, 22 ITEM ","Hàng hóa hàng ngày, giấy tờ khác (quần áo, mắt kính...)",,2023-08-29 11:37:15.000,4084100,"Hàng hóa hàng ngày, giấy tờ khác (quần áo, mắt kính...)",26,Còn hạn,Thuê Vendor tiêu hủy / Quyên góp,Phụ lục 3 (TTLT 18),GE + FPS + Vendor
2023-08-21 17:51:01,6579896,1 mô hình và 1 lọ dung tích,463983846,HCM-GE,"THÙNG 01- BÌ SỐ 2, 22 ITEM ","Hàng hóa hàng ngày, giấy tờ khác (quần áo, mắt kính...)",,2023-08-21 17:51:01.000,6579896,"Hàng hóa hàng ngày, giấy tờ khác (quần áo, mắt kính...)",34,Còn hạn,Thuê Vendor tiêu hủy / Quyên góp,Phụ lục 3 (TTLT 18),GE + FPS + Vendor
2023-08-08 08:38:02,6544696,1 hộp hàng dán kin,458702625,HCM-GE,"THÙNG 01- BÌ SỐ 2, 22 ITEM ","Hàng hóa hàng ngày, giấy tờ khác (quần áo, mắt kính...)",,2023-08-08 08:38:02.000,6544696,"Hàng hóa hàng ngày, giấy tờ khác (quần áo, mắt kính...)",47,Còn hạn,Thuê Vendor tiêu hủy / Quyên góp,Phụ lục 3 (TTLT 18),GE + FPS + Vendor
2023-08-12 14:51:48,3060941,1 bịch đỏ chứa hình sticker và 1 hộp giấy nhỏ,461170184,HCM-GE,"THÙNG 01- BÌ SỐ 2, 22 ITEM ","Hàng hóa hàng ngày, giấy tờ khác (quần áo, mắt kính...)",,2023-12-08 14:51:48.000,3060941,"Hàng hóa hàng ngày, giấy tờ khác (quần áo, mắt kính...)",-75,Còn hạn,Thuê Vendor tiêu hủy / Quyên góp,Phụ lục 3 (TTLT 18),GE + FPS + Vendor
2023-08-23 11:27:09,5489349,1 hộp giấy,464779001,HCM-GE,"THÙNG 01- BÌ SỐ 2, 22 ITEM ","Hàng hóa hàng ngày, giấy tờ khác (quần áo, mắt kính...)",,2023-08-23 11:27:09.000,5489349,"Hàng hóa hàng ngày, giấy tờ khác (quần áo, mắt kính...)",32,Còn hạn,Thuê Vendor tiêu hủy / Quyên góp,Phụ lục 3 (TTLT 18),GE + FPS + Vendor
2023-08-07 10:57:33,3241125,1 hộp giấy đứng máy thổi bong bóng,458774813,HCM-GE,"THÙNG 01- BÌ SỐ 2, 22 ITEM ","Hàng hóa hàng ngày, giấy tờ khác (quần áo, mắt kính...)",,2023-07-08 10:57:33.000,3241125,"Hàng hóa hàng ngày, giấy tờ khác (quần áo, mắt kính...)",78,Còn hạn,Thuê Vendor tiêu hủy / Quyên góp,Phụ lục 3 (TTLT 18),GE + FPS + Vendor
2023-05-27 11:00:14,5243087,1 remote máy lạnh,434313919,HCM-GE,"THÙNG 01- BÌ SỐ 2, 22 ITEM ","Hàng hóa hàng ngày, giấy tờ khác (quần áo, mắt kính...)",,2023-05-27 11:00:14.000,5243087,"Hàng hóa hàng ngày, giấy tờ khác (quần áo, mắt kính...)",120,Còn hạn,Thuê Vendor tiêu hủy / Quyên góp,Phụ lục 3 (TTLT 18),GE + FPS + Vendor
2023-08-29 09:31:03,6880292,1 điện thoại bị bể màn hình,466905906,HCM-GE,"THÙNG 01- BÌ SỐ 2, 22 ITEM ","Hàng hóa hàng ngày, giấy tờ khác (quần áo, mắt kính...)",,2023-08-29 09:31:03.000,6880292,"Hàng hóa hàng ngày, giấy tờ khác (quần áo, mắt kính...)",26,Còn hạn,Thuê Vendor tiêu hủy / Quyên góp,Phụ lục 3 (TTLT 18),GE + FPS + Vendor
2023-08-31 14:36:12,4061288,1 gói hàng shoppee màu xanh nước biển,467905906,HCM-GE,"THÙNG 01- BÌ SỐ 2, 22 ITEM ","Hàng hóa hàng ngày, giấy tờ khác (quần áo, mắt kính...)",,2023-08-31 14:36:12.000,4061288,"Hàng hóa hàng ngày, giấy tờ khác (quần áo, mắt kính...)",24,Còn hạn,Thuê Vendor tiêu hủy / Quyên góp,Phụ lục 3 (TTLT 18),GE + FPS + Vendor
2023-08-08 08:58:39,379716,1 thẻ dân cư,458461678,HCM-GE,"THÙNG 01- BÌ SỐ 2, 22 ITEM ","Hàng hóa hàng ngày, giấy tờ khác (quần áo, mắt kính...)",,2023-08-08 08:58:39.000,379716,"Hàng hóa hàng ngày, giấy tờ khác (quần áo, mắt kính...)",47,Còn hạn,Thuê Vendor tiêu hủy / Quyên góp,Phụ lục 3 (TTLT 18),GE + FPS + Vendor
2023-08-25 17:29:39,4219631,bìa phong thư hồ sơ,465813344,HCM-GE,"THÙNG 01- BÌ SỐ 2, 22 ITEM ","Hàng hóa hàng ngày, giấy tờ khác (quần áo, mắt kính...)",,2023-08-25 17:29:39.000,4219631,"Hàng hóa hàng ngày, giấy tờ khác (quần áo, mắt kính...)",30,Còn hạn,Thuê Vendor tiêu hủy / Quyên góp,Phụ lục 3 (TTLT 18),GE + FPS + Vendor
2023-08-30 10:57:23,1527374,1 bộ phiếu giao hàng,467467447,HCM-GE,"THÙNG 01- BÌ SỐ 2, 22 ITEM ","Hàng hóa hàng ngày, giấy tờ khác (quần áo, mắt kính...)",,2023-08-30 10:57:23.000,1527374,"Hàng hóa hàng ngày, giấy tờ khác (quần áo, mắt kính...)",25,Còn hạn,Thuê Vendor tiêu hủy / Quyên góp,Phụ lục 3 (TTLT 18),GE + FPS + Vendor
2023-02-24 14:17:58,4766801,hồ sơ,402362998,HCM-GE,"THÙNG 01- BÌ SỐ 2, 22 ITEM ","Hàng hóa hàng ngày, giấy tờ khác (quần áo, mắt kính...)",,2023-02-24 14:17:58.000,4766801,"Hàng hóa hàng ngày, giấy tờ khác (quần áo, mắt kính...)",212,Quá hạn,Thuê Vendor tiêu hủy / Quyên góp,Phụ lục 3 (TTLT 18),GE + FPS + Vendor
2023-08-12 12:27:42,6973810,2 tập hồ sờ,460781375,HCM-GE,"THÙNG 01- BÌ SỐ 2, 22 ITEM ","Hàng hóa hàng ngày, giấy tờ khác (quần áo, mắt kính...)",,2023-12-08 12:27:42.000,6973810,"Hàng hóa hàng ngày, giấy tờ khác (quần áo, mắt kính...)",-75,Còn hạn,Thuê Vendor tiêu hủy / Quyên góp,Phụ lục 3 (TTLT 18),GE + FPS + Vendor
2023-08-05 15:38:45,1999592,1 hợp đồng lao động,458514116,HCM-GE,"THÙNG 01- BÌ SỐ 2, 22 ITEM ","Hàng hóa hàng ngày, giấy tờ khác (quần áo, mắt kính...)",,2023-05-08 15:38:45.000,1999592,"Hàng hóa hàng ngày, giấy tờ khác (quần áo, mắt kính...)",139,Còn hạn,Thuê Vendor tiêu hủy / Quyên góp,Phụ lục 3 (TTLT 18),GE + FPS + Vendor
2023-08-16 13:33:20,6632493,1 tập hồ sơ hợp đồng,461937467,HCM-GE,"THÙNG 01- BÌ SỐ 2, 22 ITEM ","Hàng hóa hàng ngày, giấy tờ khác (quần áo, mắt kính...)",,2023-08-16 13:33:20.000,6632493,"Hàng hóa hàng ngày, giấy tờ khác (quần áo, mắt kính...)",39,Còn hạn,Thuê Vendor tiêu hủy / Quyên góp,Phụ lục 3 (TTLT 18),GE + FPS + Vendor
2023-08-16 13:07:13,4934574,1 tai nghe và dây sạc cũ,462350510,HCM-GE,"THÙNG 01- BÌ SỐ 2, 22 ITEM ","Hàng hóa hàng ngày, giấy tờ khác (quần áo, mắt kính...)",,2023-08-16 13:07:13.000,4934574,"Hàng hóa hàng ngày, giấy tờ khác (quần áo, mắt kính...)",39,Còn hạn,Thuê Vendor tiêu hủy / Quyên góp,Phụ lục 3 (TTLT 18),GE + FPS + Vendor
2023-02-06 13:50:07,835272,1 GPLX PHAN HUỲNH DUY KHÁNH số 790135774377 cấp ngày 27/12/2013 tại TPHCM ,394399130,HCM-GE,BAO SỐ 1 - BÌ SỐ 03-15 ITEM  ,"Hàng hóa hàng ngày, giấy tờ khác (quần áo, mắt kính...)",,2023-06-02 13:50:07.000,835272,"Hàng hóa hàng ngày, giấy tờ khác (quần áo, mắt kính...)",114,Còn hạn,Thuê Vendor tiêu hủy / Quyên góp,Phụ lục 3 (TTLT 18),GE + FPS + Vendor
2023-02-13 09:41:15,995052,1 cái áo thun,397606020,HCM-GE,BAO SỐ 1 - BÌ SỐ 03-15 ITEM  ,"Hàng hóa hàng ngày, giấy tờ khác (quần áo, mắt kính...)",,2023-02-13 09:41:15.000,995052,"Hàng hóa hàng ngày, giấy tờ khác (quần áo, mắt kính...)",223,Quá hạn,Thuê Vendor tiêu hủy / Quyên góp,Phụ lục 3 (TTLT 18),GE + FPS + Vendor
2023-02-24 10:34:37,6622308,1 mắt kính,399897940,HCM-GE,BAO SỐ 1 - BÌ SỐ 03-15 ITEM  ,"Hàng hóa hàng ngày, giấy tờ khác (quần áo, mắt kính...)",,2023-02-24 10:34:37.000,6622308,"Hàng hóa hàng ngày, giấy tờ khác (quần áo, mắt kính...)",212,Quá hạn,Thuê Vendor tiêu hủy / Quyên góp,Phụ lục 3 (TTLT 18),GE + FPS + Vendor
2023-02-01 16:08:18,4128916,1 hộp hàng Shopee,392915575,HCM-GE,BAO SỐ 1 - BÌ SỐ 03-15 ITEM  ,"Hàng hóa hàng ngày, giấy tờ khác (quần áo, mắt kính...)",,2023-01-02 16:08:18.000,4128916,"Hàng hóa hàng ngày, giấy tờ khác (quần áo, mắt kính...)",265,Quá hạn,Thuê Vendor tiêu hủy / Quyên góp,Phụ lục 3 (TTLT 18),GE + FPS + Vendor
2023-02-03 16:18:38,1595781,quần áo,393866022,HCM-GE,BAO SỐ 1 - BÌ SỐ 03-15 ITEM  ,"Hàng hóa hàng ngày, giấy tờ khác (quần áo, mắt kính...)",,2023-03-02 16:18:38.000,1595781,"Hàng hóa hàng ngày, giấy tờ khác (quần áo, mắt kính...)",206,Quá hạn,Thuê Vendor tiêu hủy / Quyên góp,Phụ lục 3 (TTLT 18),GE + FPS + Vendor
2023-02-11 13:18:42,6766769,chùm chìa khóa (4 chìa),397198401,HCM-GE,BAO SỐ 1 - BÌ SỐ 03-15 ITEM  ,"Hàng hóa hàng ngày, giấy tờ khác (quần áo, mắt kính...)",,2023-11-02 13:18:42.000,6766769,"Hàng hóa hàng ngày, giấy tờ khác (quần áo, mắt kính...)",-39,Còn hạn,Thuê Vendor tiêu hủy / Quyên góp,Phụ lục 3 (TTLT 18),GE + FPS + Vendor
2023-02-03 09:27:08,6352105,1 cuộn poster + 1 bì thư,383215172,HCM-GE,BAO SỐ 1 - BÌ SỐ 03-15 ITEM  ,"Hàng hóa hàng ngày, giấy tờ khác (quần áo, mắt kính...)",,2023-03-02 09:27:08.000,6352105,"Hàng hóa hàng ngày, giấy tờ khác (quần áo, mắt kính...)",206,Quá hạn,Thuê Vendor tiêu hủy / Quyên góp,Phụ lục 3 (TTLT 18),GE + FPS + Vendor
2023-02-03 13:03:55,5683172,mỹ phẩm,393616545,HCM-GE,BAO SỐ 1 - BÌ SỐ 03-15 ITEM  ,"Hàng hóa hàng ngày, giấy tờ khác (quần áo, mắt kính...)",,2023-03-02 13:03:55.000,5683172,"Hàng hóa hàng ngày, giấy tờ khác (quần áo, mắt kính...)",206,Quá hạn,Thuê Vendor tiêu hủy / Quyên góp,Phụ lục 3 (TTLT 18),GE + FPS + Vendor
2023-02-28 13:20:59,6594943,"2 máy tính casio, 1 linh kiện đt Vsmart",404444968,HCM-GE,BAO SỐ 1 - BÌ SỐ 03-15 ITEM  ,"Hàng hóa hàng ngày, giấy tờ khác (quần áo, mắt kính...)",,2023-02-28 13:20:59.000,6594943,"Hàng hóa hàng ngày, giấy tờ khác (quần áo, mắt kính...)",208,Quá hạn,Thuê Vendor tiêu hủy / Quyên góp,Phụ lục 3 (TTLT 18),GE + FPS + Vendor
2023-02-08 11:13:10,5156771,4 tấm hình thẻ,395939648,HCM-GE,BAO SỐ 1 - BÌ SỐ 03-15 ITEM  ,"Hàng hóa hàng ngày, giấy tờ khác (quần áo, mắt kính...)",,2023-08-02 11:13:10.000,5156771,"Hàng hóa hàng ngày, giấy tờ khác (quần áo, mắt kính...)",53,Còn hạn,Thuê Vendor tiêu hủy / Quyên góp,Phụ lục 3 (TTLT 18),GE + FPS + Vendor
2023-02-01 09:29:42,6688250,1 chai nước hoa mini,386247964,HCM-GE,BAO SỐ 1 - BÌ SỐ 03-15 ITEM  ,"Hàng hóa hàng ngày, giấy tờ khác (quần áo, mắt kính...)",,2023-01-02 09:29:42.000,6688250,"Hàng hóa hàng ngày, giấy tờ khác (quần áo, mắt kính...)",265,Quá hạn,Thuê Vendor tiêu hủy / Quyên góp,Phụ lục 3 (TTLT 18),GE + FPS + Vendor
2023-02-24 09:56:49,5150314,1 cục sạc dự phòng + 1 dây sạc đt,402692224,HCM-GE,BAO SỐ 1 - BÌ SỐ 03-15 ITEM  ,"Hàng hóa hàng ngày, giấy tờ khác (quần áo, mắt kính...)",,2023-02-24 09:56:49.000,5150314,"Hàng hóa hàng ngày, giấy tờ khác (quần áo, mắt kính...)",212,Quá hạn,Thuê Vendor tiêu hủy / Quyên góp,Phụ lục 3 (TTLT 18),GE + FPS + Vendor
2023-02-27 09:06:05,6774537,1 tuýt sữa rữa mặt,403464884,HCM-GE,BAO SỐ 1 - BÌ SỐ 03-15 ITEM  ,"Hàng hóa hàng ngày, giấy tờ khác (quần áo, mắt kính...)",,2023-02-27 09:06:05.000,6774537,"Hàng hóa hàng ngày, giấy tờ khác (quần áo, mắt kính...)",209,Quá hạn,Thuê Vendor tiêu hủy / Quyên góp,Phụ lục 3 (TTLT 18),GE + FPS + Vendor
2023-02-14 13:57:24,328076,hồ sơ,398565508,HCM-GE,BAO SỐ 1 - BÌ SỐ 03-15 ITEM  ,"Hàng hóa hàng ngày, giấy tờ khác (quần áo, mắt kính...)",,2023-02-14 13:57:24.000,328076,"Hàng hóa hàng ngày, giấy tờ khác (quần áo, mắt kính...)",222,Quá hạn,Thuê Vendor tiêu hủy / Quyên góp,Phụ lục 3 (TTLT 18),GE + FPS + Vendor
2023-02-17 09:24:37,5695310,1 xấp giấy,399184344,HCM-GE,BAO SỐ 1 - BÌ SỐ 03-15 ITEM  ,"Hàng hóa hàng ngày, giấy tờ khác (quần áo, mắt kính...)",,2023-02-17 09:24:37.000,5695310,"Hàng hóa hàng ngày, giấy tờ khác (quần áo, mắt kính...)",219,Quá hạn,Thuê Vendor tiêu hủy / Quyên góp,Phụ lục 3 (TTLT 18),GE + FPS + Vendor
2023-02-07 09:07:31,1280605,5 hộp tai nghe,395215875,HCM-GE,BAO 1 - BÌ 4 - STT 56-60 ,"Hàng hóa hàng ngày, giấy tờ khác (quần áo, mắt kính...)",,2023-07-02 09:07:31.000,1280605,"Hàng hóa hàng ngày, giấy tờ khác (quần áo, mắt kính...)",84,Còn hạn,Thuê Vendor tiêu hủy / Quyên góp,Phụ lục 3 (TTLT 18),GE + FPS + Vendor
2023-02-09 16:11:28,1724673,1 bịch đồ dùng cá nhân,396561402,HCM-GE,BAO 1 - BÌ 4 - STT 56-60 ,"Hàng hóa hàng ngày, giấy tờ khác (quần áo, mắt kính...)",,2023-09-02 16:11:28.000,1724673,"Hàng hóa hàng ngày, giấy tờ khác (quần áo, mắt kính...)",22,Còn hạn,Thuê Vendor tiêu hủy / Quyên góp,Phụ lục 3 (TTLT 18),GE + FPS + Vendor
2023-02-09 10:46:42,6654198,1 cái áo thun trắng,396033826,HCM-GE,BAO 1 - BÌ 4 - STT 56-60 ,"Hàng hóa hàng ngày, giấy tờ khác (quần áo, mắt kính...)",,2023-09-02 10:46:42.000,6654198,"Hàng hóa hàng ngày, giấy tờ khác (quần áo, mắt kính...)",22,Còn hạn,Thuê Vendor tiêu hủy / Quyên góp,Phụ lục 3 (TTLT 18),GE + FPS + Vendor
2023-02-27 15:02:35,1142435,1 cục hàng gói kín màu cam,403827345,HCM-GE,BAO 1 - BÌ 4 - STT 56-60 ,"Hàng hóa hàng ngày, giấy tờ khác (quần áo, mắt kính...)",,2023-02-27 15:02:35.000,1142435,"Hàng hóa hàng ngày, giấy tờ khác (quần áo, mắt kính...)",209,Quá hạn,Thuê Vendor tiêu hủy / Quyên góp,Phụ lục 3 (TTLT 18),GE + FPS + Vendor
2023-02-20 15:14:45,6469991,1 sấp vải màu đen,400486580,HCM-GE,BAO 1 - BÌ 4 - STT 56-60 ,"Hàng hóa hàng ngày, giấy tờ khác (quần áo, mắt kính...)",,2023-02-20 15:14:45.000,6469991,"Hàng hóa hàng ngày, giấy tờ khác (quần áo, mắt kính...)",216,Quá hạn,Thuê Vendor tiêu hủy / Quyên góp,Phụ lục 3 (TTLT 18),GE + FPS + Vendor
2022-06-13 08:38:21,6419964,1 nón kết,300651217‬,HCM-GE,THÙNG 2 - BÌ 5 (61-71),"Hàng hóa hàng ngày, giấy tờ khác (quần áo, mắt kính...)",,2022-06-13 08:38:21.000,6419964,"Hàng hóa hàng ngày, giấy tờ khác (quần áo, mắt kính...)",468,Quá hạn,Thuê Vendor tiêu hủy / Quyên góp,Phụ lục 3 (TTLT 18),GE + FPS + Vendor
2022-06-22 08:17:40,673699,1 túi trà,303871291,HCM-GE,THÙNG 2 - BÌ 5 (61-71),"Hàng hóa hàng ngày, giấy tờ khác (quần áo, mắt kính...)",,2022-06-22 08:17:40.000,673699,"Hàng hóa hàng ngày, giấy tờ khác (quần áo, mắt kính...)",459,Quá hạn,Thuê Vendor tiêu hủy / Quyên góp,Phụ lục 3 (TTLT 18),GE + FPS + Vendor
2022-06-14 08:13:34,977671,giỏ có hình con bướm,301016647,HCM-GE,THÙNG 2 - BÌ 5 (61-71),"Hàng hóa hàng ngày, giấy tờ khác (quần áo, mắt kính...)",,2022-06-14 08:13:34.000,977671,"Hàng hóa hàng ngày, giấy tờ khác (quần áo, mắt kính...)",467,Quá hạn,Thuê Vendor tiêu hủy / Quyên góp,Phụ lục 3 (TTLT 18),GE + FPS + Vendor
2022-06-07 14:41:29,5128760,1 hộp hàng shopee,298484435,HCM-GE,THÙNG 2 - BÌ 5 (61-71),"Hàng hóa hàng ngày, giấy tờ khác (quần áo, mắt kính...)",,2022-07-06 14:41:29.000,5128760,"Hàng hóa hàng ngày, giấy tờ khác (quần áo, mắt kính...)",445,Quá hạn,Thuê Vendor tiêu hủy / Quyên góp,Phụ lục 3 (TTLT 18),GE + FPS + Vendor
2022-06-13 15:59:16,1044237,2 hộp thực phẩm chức nắng,300783508,HCM-GE,THÙNG 2 - BÌ 5 (61-71),"Hàng hóa hàng ngày, giấy tờ khác (quần áo, mắt kính...)",,2022-06-13 15:59:16.000,1044237,"Hàng hóa hàng ngày, giấy tờ khác (quần áo, mắt kính...)",468,Quá hạn,Thuê Vendor tiêu hủy / Quyên góp,Phụ lục 3 (TTLT 18),GE + FPS + Vendor
2022-06-15 09:28:19,5379755,1 cái cựa gà,297887919,HCM-GE,THÙNG 2 - BÌ 5 (61-71),"Hàng hóa hàng ngày, giấy tờ khác (quần áo, mắt kính...)",,2022-06-15 09:28:19.000,5379755,"Hàng hóa hàng ngày, giấy tờ khác (quần áo, mắt kính...)",466,Quá hạn,Thuê Vendor tiêu hủy / Quyên góp,Phụ lục 3 (TTLT 18),GE + FPS + Vendor
2022-06-06 11:29:33,5264100,1 túi thuốc tây,298071774,HCM-GE,THÙNG 2 - BÌ 5 (61-71),"Hàng hóa hàng ngày, giấy tờ khác (quần áo, mắt kính...)",,2022-06-06 11:29:33.000,5264100,"Hàng hóa hàng ngày, giấy tờ khác (quần áo, mắt kính...)",475,Quá hạn,Thuê Vendor tiêu hủy / Quyên góp,Phụ lục 3 (TTLT 18),GE + FPS + Vendor
2022-06-18 09:51:22,6447616,3 miếng vải mẫu,302410265,HCM-GE,THÙNG 2 - BÌ 5 (61-71),"Hàng hóa hàng ngày, giấy tờ khác (quần áo, mắt kính...)",,2022-06-18 09:51:22.000,6447616,"Hàng hóa hàng ngày, giấy tờ khác (quần áo, mắt kính...)",463,Quá hạn,Thuê Vendor tiêu hủy / Quyên góp,Phụ lục 3 (TTLT 18),GE + FPS + Vendor
2022-06-16 14:04:22,5401003,1 gói hàng nhỏ màu xám niêm phong,300140584,HCM-GE,THÙNG 2 - BÌ 5 (61-71),"Hàng hóa hàng ngày, giấy tờ khác (quần áo, mắt kính...)",,2022-06-16 14:04:22.000,5401003,"Hàng hóa hàng ngày, giấy tờ khác (quần áo, mắt kính...)",465,Quá hạn,Thuê Vendor tiêu hủy / Quyên góp,Phụ lục 3 (TTLT 18),GE + FPS + Vendor
2022-06-14 16:34:52,5356433,hồ sơ,301233058,HCM-GE,THÙNG 2 - BÌ 5 (61-71),"Hàng hóa hàng ngày, giấy tờ khác (quần áo, mắt kính...)",,2022-06-14 16:34:52.000,5356433,"Hàng hóa hàng ngày, giấy tờ khác (quần áo, mắt kính...)",467,Quá hạn,Thuê Vendor tiêu hủy / Quyên góp,Phụ lục 3 (TTLT 18),GE + FPS + Vendor
2022-06-09 11:53:00,1669996,bịch quần áo,299045792,HCM-GE,THÙNG 2 - BÌ 5 (61-71),"Hàng hóa hàng ngày, giấy tờ khác (quần áo, mắt kính...)",,2022-09-06 11:53:00.000,1669996,"Hàng hóa hàng ngày, giấy tờ khác (quần áo, mắt kính...)",383,Quá hạn,Thuê Vendor tiêu hủy / Quyên góp,Phụ lục 3 (TTLT 18),GE + FPS + Vendor
2022-12-08 14:49:44,5189800,1 điện thoại Samsung đã sứt màn hình,370584836,HCM-GE,BAO 2 - BÌ 6 (72-76),"Hàng hóa hàng ngày, giấy tờ khác (quần áo, mắt kính...)",,2022-08-12 14:49:44.000,5189800,"Hàng hóa hàng ngày, giấy tờ khác (quần áo, mắt kính...)",408,Quá hạn,Thuê Vendor tiêu hủy / Quyên góp,Phụ lục 3 (TTLT 18),GE + FPS + Vendor
2022-07-01 14:45:33,5362021,"1 đt vivo bể màn hình, không lên nguồn.",307430972,HCM-GE,BAO 2 - BÌ 6 (72-76),"Hàng hóa hàng ngày, giấy tờ khác (quần áo, mắt kính...)",,2022-01-07 14:45:33.000,5362021,"Hàng hóa hàng ngày, giấy tờ khác (quần áo, mắt kính...)",625,Quá hạn,Thuê Vendor tiêu hủy / Quyên góp,Phụ lục 3 (TTLT 18),GE + FPS + Vendor
2022-08-23 09:54:19,6378211,"1 điện thoại Xiaomi màu đen bể màn hình, ko lên nguồn",328147739,HCM-GE,BAO 2 - BÌ 6 (72-76),"Hàng hóa hàng ngày, giấy tờ khác (quần áo, mắt kính...)",,2022-08-23 09:54:19.000,6378211,"Hàng hóa hàng ngày, giấy tờ khác (quần áo, mắt kính...)",397,Quá hạn,Thuê Vendor tiêu hủy / Quyên góp,Phụ lục 3 (TTLT 18),GE + FPS + Vendor
2022-11-15 14:09:49,6632303,1 cục sạc + 1 cây son,360883496,HCM-GE,BAO 2 - BÌ 6 (72-76),"Hàng hóa hàng ngày, giấy tờ khác (quần áo, mắt kính...)",,2022-11-15 14:09:49.000,6632303,"Hàng hóa hàng ngày, giấy tờ khác (quần áo, mắt kính...)",313,Quá hạn,Thuê Vendor tiêu hủy / Quyên góp,Phụ lục 3 (TTLT 18),GE + FPS + Vendor
2022-11-25 12:02:31,2606925,1 đồng hồ đeo tay bị mốc,365736473,HCM-GE,BAO 2 - BÌ 6 (72-76),"Hàng hóa hàng ngày, giấy tờ khác (quần áo, mắt kính...)",,2022-11-25 12:02:31.000,2606925,"Hàng hóa hàng ngày, giấy tờ khác (quần áo, mắt kính...)",303,Quá hạn,Thuê Vendor tiêu hủy / Quyên góp,Phụ lục 3 (TTLT 18),GE + FPS + Vendor
,4090444,1 cuốn vải mẫu + gỗ mẫu,314784502,HCM-GE,Bao 3,"Hàng hóa hàng ngày, giấy tờ khác (quần áo, mắt kính...)",,,4090444,"Hàng hóa hàng ngày, giấy tờ khác (quần áo, mắt kính...)",999,Quá hạn,Thuê Vendor tiêu hủy / Quyên góp,Phụ lục 3 (TTLT 18),GE + FPS + Vendor
25/07/2022 13:17:12,3180598,2 chai nước hoa,316858290,HCM-GE,Bao 3,"Hàng hóa hàng ngày, giấy tờ khác (quần áo, mắt kính...)",,2022-07-25 13:17:12.000,3180598,"Hàng hóa hàng ngày, giấy tờ khác (quần áo, mắt kính...)",426,Quá hạn,Thuê Vendor tiêu hủy / Quyên góp,Phụ lục 3 (TTLT 18),GE + FPS + Vendor
2022-08-07 09:21:44,4996554,2 hộp kem,310192732,HCM-GE,Bao 3,"Hàng hóa hàng ngày, giấy tờ khác (quần áo, mắt kính...)",,2022-07-08 09:21:44.000,4996554,"Hàng hóa hàng ngày, giấy tờ khác (quần áo, mắt kính...)",443,Quá hạn,Thuê Vendor tiêu hủy / Quyên góp,Phụ lục 3 (TTLT 18),GE + FPS + Vendor
29/07/2022 13:39:27,3058316,5 hộp thuốc nhuộm tóc,318569538,HCM-GE,Bao 3,"Hàng hóa hàng ngày, giấy tờ khác (quần áo, mắt kính...)",,2022-07-29 13:39:27.000,3058316,"Hàng hóa hàng ngày, giấy tờ khác (quần áo, mắt kính...)",422,Quá hạn,Thuê Vendor tiêu hủy / Quyên góp,Phụ lục 3 (TTLT 18),GE + FPS + Vendor
21/07/2022 9:51:07,4161858,mẫu nhôm,314913059,HCM-GE,Bao 3,"Hàng hóa hàng ngày, giấy tờ khác (quần áo, mắt kính...)",,2022-07-21 09:51:07.000,4161858,"Hàng hóa hàng ngày, giấy tờ khác (quần áo, mắt kính...)",430,Quá hạn,Thuê Vendor tiêu hủy / Quyên góp,Phụ lục 3 (TTLT 18),GE + FPS + Vendor
25/07/2022 11:00:16,6492992,"1 cuộn băng keo, 1cây hàn, 1 cục thiết",316415238,HCM-GE,Bao 3,"Hàng hóa hàng ngày, giấy tờ khác (quần áo, mắt kính...)",,2022-07-25 11:00:16.000,6492992,"Hàng hóa hàng ngày, giấy tờ khác (quần áo, mắt kính...)",426,Quá hạn,Thuê Vendor tiêu hủy / Quyên góp,Phụ lục 3 (TTLT 18),GE + FPS + Vendor
14/07/2022 9:19:03,3746539,1 hộp giày,312490560,HCM-GE,Bao 3,"Hàng hóa hàng ngày, giấy tờ khác (quần áo, mắt kính...)",,2022-07-14 09:19:03.000,3746539,"Hàng hóa hàng ngày, giấy tờ khác (quần áo, mắt kính...)",437,Quá hạn,Thuê Vendor tiêu hủy / Quyên góp,Phụ lục 3 (TTLT 18),GE + FPS + Vendor
2022-08-07 10:59:24,688257,2 hộp kem,307055359,HCM-GE,Bao 3,"Hàng hóa hàng ngày, giấy tờ khác (quần áo, mắt kính...)",,2022-07-08 10:59:24.000,688257,"Hàng hóa hàng ngày, giấy tờ khác (quần áo, mắt kính...)",443,Quá hạn,Thuê Vendor tiêu hủy / Quyên góp,Phụ lục 3 (TTLT 18),GE + FPS + Vendor
2022-08-07 13:49:32,5339269,10 hộp thuốc nhuộm tóc,310115301,HCM-GE,Bao 3,"Hàng hóa hàng ngày, giấy tờ khác (quần áo, mắt kính...)",,2022-07-08 13:49:32.000,5339269,"Hàng hóa hàng ngày, giấy tờ khác (quần áo, mắt kính...)",443,Quá hạn,Thuê Vendor tiêu hủy / Quyên góp,Phụ lục 3 (TTLT 18),GE + FPS + Vendor
15/07/2022 11:08:21,1131710,3 chai nc rửa chén,312941964,HCM-GE,Bao 3,"Hàng hóa hàng ngày, giấy tờ khác (quần áo, mắt kính...)",,2022-07-15 11:08:21.000,1131710,"Hàng hóa hàng ngày, giấy tờ khác (quần áo, mắt kính...)",436,Quá hạn,Thuê Vendor tiêu hủy / Quyên góp,Phụ lục 3 (TTLT 18),GE + FPS + Vendor
2022-05-07 10:52:32,2510039,2 hộp kem dưỡng da,308977039,HCM-GE,Bao 3,"Hàng hóa hàng ngày, giấy tờ khác (quần áo, mắt kính...)",,2022-07-05 10:52:32.000,2510039,"Hàng hóa hàng ngày, giấy tờ khác (quần áo, mắt kính...)",446,Quá hạn,Thuê Vendor tiêu hủy / Quyên góp,Phụ lục 3 (TTLT 18),GE + FPS + Vendor
27/07/2022,3101704,1 Bì thư màu đỏ,317506502,HCM-GE,BÌ 2- BAO 3. ,"Hàng hóa hàng ngày, giấy tờ khác (quần áo, mắt kính...)",,2022-07-27 00:00:00.000,3101704,"Hàng hóa hàng ngày, giấy tờ khác (quần áo, mắt kính...)",425,Quá hạn,Thuê Vendor tiêu hủy / Quyên góp,Phụ lục 3 (TTLT 18),GE + FPS + Vendor
14/07/2022,4559407,1 bộ hồ sơ,312621303,HCM-GE,BÌ 2- BAO 3. ,"Hàng hóa hàng ngày, giấy tờ khác (quần áo, mắt kính...)",,2022-07-14 00:00:00.000,4559407,"Hàng hóa hàng ngày, giấy tờ khác (quần áo, mắt kính...)",438,Quá hạn,Thuê Vendor tiêu hủy / Quyên góp,Phụ lục 3 (TTLT 18),GE + FPS + Vendor
18/07/2022 14:50:34,6459406,bao thư,314144832,HCM-GE,BÌ 2- BAO 3. ,"Hàng hóa hàng ngày, giấy tờ khác (quần áo, mắt kính...)",,2022-07-18 14:50:34.000,6459406,"Hàng hóa hàng ngày, giấy tờ khác (quần áo, mắt kính...)",433,Quá hạn,Thuê Vendor tiêu hủy / Quyên góp,Phụ lục 3 (TTLT 18),GE + FPS + Vendor
25/07/2022 15:54:30,446438,1 bìa hồ sơ,316970830,HCM-GE,BÌ 2- BAO 3. ,"Hàng hóa hàng ngày, giấy tờ khác (quần áo, mắt kính...)",,2022-07-25 15:54:30.000,446438,"Hàng hóa hàng ngày, giấy tờ khác (quần áo, mắt kính...)",426,Quá hạn,Thuê Vendor tiêu hủy / Quyên góp,Phụ lục 3 (TTLT 18),GE + FPS + Vendor
25/07/2022 10:31:05,5112193,1 quyển sách,316685446,HCM-GE,BÌ 2- BAO 3. ,"Hàng hóa hàng ngày, giấy tờ khác (quần áo, mắt kính...)",,2022-07-25 10:31:05.000,5112193,"Hàng hóa hàng ngày, giấy tờ khác (quần áo, mắt kính...)",426,Quá hạn,Thuê Vendor tiêu hủy / Quyên góp,Phụ lục 3 (TTLT 18),GE + FPS + Vendor
20/07/2022 16:16:22,1263905,1 tập hs,314518231,HCM-GE,BÌ 2- BAO 3. ,"Hàng hóa hàng ngày, giấy tờ khác (quần áo, mắt kính...)",,2022-07-20 16:16:22.000,1263905,"Hàng hóa hàng ngày, giấy tờ khác (quần áo, mắt kính...)",431,Quá hạn,Thuê Vendor tiêu hủy / Quyên góp,Phụ lục 3 (TTLT 18),GE + FPS + Vendor
2022-11-07 14:23:17,5780179,1 xấp phiếu bảo hành,311439290,HCM-GE,BÌ 2- BAO 3. ,"Hàng hóa hàng ngày, giấy tờ khác (quần áo, mắt kính...)",,2022-07-11 14:23:17.000,5780179,"Hàng hóa hàng ngày, giấy tờ khác (quần áo, mắt kính...)",440,Quá hạn,Thuê Vendor tiêu hủy / Quyên góp,Phụ lục 3 (TTLT 18),GE + FPS + Vendor
18/07/2022 9:16:52,6394754,vé xem ca nhạc,313674053,HCM-GE,BÌ 2- BAO 3. ,"Hàng hóa hàng ngày, giấy tờ khác (quần áo, mắt kính...)",,2022-07-18 09:16:52.000,6394754,"Hàng hóa hàng ngày, giấy tờ khác (quần áo, mắt kính...)",433,Quá hạn,Thuê Vendor tiêu hủy / Quyên góp,Phụ lục 3 (TTLT 18),GE + FPS + Vendor
22/07/2022 10:16:33,378710,1 hộp hàng Shopee,315511054,HCM-GE,BÌ 2- BAO 3. ,"Hàng hóa hàng ngày, giấy tờ khác (quần áo, mắt kính...)",,2022-07-22 10:16:33.000,378710,"Hàng hóa hàng ngày, giấy tờ khác (quần áo, mắt kính...)",429,Quá hạn,Thuê Vendor tiêu hủy / Quyên góp,Phụ lục 3 (TTLT 18),GE + FPS + Vendor
14/07/2022 14:34:23,5624370,bịch thuốc,312618649,HCM-GE,BÌ 2- BAO 3. ,"Hàng hóa hàng ngày, giấy tờ khác (quần áo, mắt kính...)",,2022-07-14 14:34:23.000,5624370,"Hàng hóa hàng ngày, giấy tờ khác (quần áo, mắt kính...)",437,Quá hạn,Thuê Vendor tiêu hủy / Quyên góp,Phụ lục 3 (TTLT 18),GE + FPS + Vendor
18/07/2022 8:52:33,3276719,2 cavet và 1 CMND tên LÊ THỊ KIM VÂN,313866722,HCM-GE,BÌ 2- BAO 3. ,"Hàng hóa hàng ngày, giấy tờ khác (quần áo, mắt kính...)",,2022-07-18 08:52:33.000,3276719,"Hàng hóa hàng ngày, giấy tờ khác (quần áo, mắt kính...)",433,Quá hạn,Thuê Vendor tiêu hủy / Quyên góp,Phụ lục 3 (TTLT 18),GE + FPS + Vendor
14/07/2022 8:44:54,5818368,thiệp cưới,312438060,HCM-GE,BÌ 2- BAO 3. ,"Hàng hóa hàng ngày, giấy tờ khác (quần áo, mắt kính...)",,2022-07-14 08:44:54.000,5818368,"Hàng hóa hàng ngày, giấy tờ khác (quần áo, mắt kính...)",437,Quá hạn,Thuê Vendor tiêu hủy / Quyên góp,Phụ lục 3 (TTLT 18),GE + FPS + Vendor
2022-06-07 10:57:21,4135655,1 cái sim (để trong bao thư),309306977,HCM-GE,BÌ 2- BAO 3. ,"Hàng hóa hàng ngày, giấy tờ khác (quần áo, mắt kính...)",,2022-07-06 10:57:21.000,4135655,"Hàng hóa hàng ngày, giấy tờ khác (quần áo, mắt kính...)",445,Quá hạn,Thuê Vendor tiêu hủy / Quyên góp,Phụ lục 3 (TTLT 18),GE + FPS + Vendor
29/07/2022 14:30:56,5336133,1 tập giấy tờ,318593763,HCM-GE,BÌ 2- BAO 3. ,"Hàng hóa hàng ngày, giấy tờ khác (quần áo, mắt kính...)",,2022-07-29 14:30:56.000,5336133,"Hàng hóa hàng ngày, giấy tờ khác (quần áo, mắt kính...)",422,Quá hạn,Thuê Vendor tiêu hủy / Quyên góp,Phụ lục 3 (TTLT 18),GE + FPS + Vendor
2022-01-07 08:45:56,4270219,1 cây son,307551238,HCM-GE,BÌ 2- BAO 3. ,"Hàng hóa hàng ngày, giấy tờ khác (quần áo, mắt kính...)",,2022-07-01 08:45:56.000,4270219,"Hàng hóa hàng ngày, giấy tờ khác (quần áo, mắt kính...)",450,Quá hạn,Thuê Vendor tiêu hủy / Quyên góp,Phụ lục 3 (TTLT 18),GE + FPS + Vendor
2022-06-07 13:14:03,712759,1 tệp giấy khen,309644805,HCM-GE,BÌ 2- BAO 3. ,"Hàng hóa hàng ngày, giấy tờ khác (quần áo, mắt kính...)",,2022-07-06 13:14:03.000,712759,"Hàng hóa hàng ngày, giấy tờ khác (quần áo, mắt kính...)",445,Quá hạn,Thuê Vendor tiêu hủy / Quyên góp,Phụ lục 3 (TTLT 18),GE + FPS + Vendor
2022-08-07 16:32:55,3571202,chai xịt tốc,310511228,HCM-GE,BÌ 2- BAO 3. ,"Hàng hóa hàng ngày, giấy tờ khác (quần áo, mắt kính...)",,2022-07-08 16:32:55.000,3571202,"Hàng hóa hàng ngày, giấy tờ khác (quần áo, mắt kính...)",443,Quá hạn,Thuê Vendor tiêu hủy / Quyên góp,Phụ lục 3 (TTLT 18),GE + FPS + Vendor
2022-09-07 08:22:56,6423588,bao thư màu đỏ,310689821,HCM-GE,BÌ 2- BAO 3. ,"Hàng hóa hàng ngày, giấy tờ khác (quần áo, mắt kính...)",,2022-07-09 08:22:56.000,6423588,"Hàng hóa hàng ngày, giấy tờ khác (quần áo, mắt kính...)",442,Quá hạn,Thuê Vendor tiêu hủy / Quyên góp,Phụ lục 3 (TTLT 18),GE + FPS + Vendor
2022-09-07 10:41:56,2798077,ảnh cưới,310601150,HCM-GE,BÌ 2- BAO 3. ,"Hàng hóa hàng ngày, giấy tờ khác (quần áo, mắt kính...)",,2022-07-09 10:41:56.000,2798077,"Hàng hóa hàng ngày, giấy tờ khác (quần áo, mắt kính...)",442,Quá hạn,Thuê Vendor tiêu hủy / Quyên góp,Phụ lục 3 (TTLT 18),GE + FPS + Vendor
21/07/2022 11:30:32,3179513,1 bịch sim,314012416,HCM-GE,BÌ 2- BAO 3. ,"Hàng hóa hàng ngày, giấy tờ khác (quần áo, mắt kính...)",,2022-07-21 11:30:32.000,3179513,"Hàng hóa hàng ngày, giấy tờ khác (quần áo, mắt kính...)",430,Quá hạn,Thuê Vendor tiêu hủy / Quyên góp,Phụ lục 3 (TTLT 18),GE + FPS + Vendor
2022-06-07 13:15:19,4874692,1 túi hồ sơ,309645389,HCM-GE,BÌ 2- BAO 3. ,"Hàng hóa hàng ngày, giấy tờ khác (quần áo, mắt kính...)",,2022-07-06 13:15:19.000,4874692,"Hàng hóa hàng ngày, giấy tờ khác (quần áo, mắt kính...)",445,Quá hạn,Thuê Vendor tiêu hủy / Quyên góp,Phụ lục 3 (TTLT 18),GE + FPS + Vendor
25/07/2022 9:59:01,1173360,hò sơ,316820388,HCM-GE,BÌ 2- BAO 3. ,"Hàng hóa hàng ngày, giấy tờ khác (quần áo, mắt kính...)",,2022-07-25 09:59:01.000,1173360,"Hàng hóa hàng ngày, giấy tờ khác (quần áo, mắt kính...)",426,Quá hạn,Thuê Vendor tiêu hủy / Quyên góp,Phụ lục 3 (TTLT 18),GE + FPS + Vendor
13/07/2022 9:12:02,4428515,1 gói hàng quần áo màu hồng,312105931,HCM-GE,BÌ 2- BAO 3. ,"Hàng hóa hàng ngày, giấy tờ khác (quần áo, mắt kính...)",,2022-07-13 09:12:02.000,4428515,"Hàng hóa hàng ngày, giấy tờ khác (quần áo, mắt kính...)",438,Quá hạn,Thuê Vendor tiêu hủy / Quyên góp,Phụ lục 3 (TTLT 18),GE + FPS + Vendor
2022-08-07 13:29:12,5134849,sổ hộ khẩu gốc,310422990,HCM-GE,BÌ 2- BAO 3. ,"Hàng hóa hàng ngày, giấy tờ khác (quần áo, mắt kính...)",,2022-07-08 13:29:12.000,5134849,"Hàng hóa hàng ngày, giấy tờ khác (quần áo, mắt kính...)",443,Quá hạn,Thuê Vendor tiêu hủy / Quyên góp,Phụ lục 3 (TTLT 18),GE + FPS + Vendor
19/04/2023 9:00:31,4312908,1 hộp bóng đèn,419367424,HCM-GE,"BAO 5, BÌ 1","Hàng hóa hàng ngày, giấy tờ khác (quần áo, mắt kính...)",,2023-04-19 09:00:31.000,4312908,"Hàng hóa hàng ngày, giấy tờ khác (quần áo, mắt kính...)",158,Còn hạn,Thuê Vendor tiêu hủy / Quyên góp,Phụ lục 3 (TTLT 18),GE + FPS + Vendor
17/04/2023 8:15:49,1232935,1 túi bên trong là quần áo,421511709,HCM-GE,"BAO 5, BÌ 1","Hàng hóa hàng ngày, giấy tờ khác (quần áo, mắt kính...)",,2023-04-17 08:15:49.000,1232935,"Hàng hóa hàng ngày, giấy tờ khác (quần áo, mắt kính...)",160,Còn hạn,Thuê Vendor tiêu hủy / Quyên góp,Phụ lục 3 (TTLT 18),GE + FPS + Vendor
2023-03-04 13:38:01,4201266,1 túi hàng mẫu,417015873,HCM-GE,"BAO 5, BÌ 1","Hàng hóa hàng ngày, giấy tờ khác (quần áo, mắt kính...)",,2023-04-03 13:38:01.000,4201266,"Hàng hóa hàng ngày, giấy tờ khác (quần áo, mắt kính...)",174,Còn hạn,Thuê Vendor tiêu hủy / Quyên góp,Phụ lục 3 (TTLT 18),GE + FPS + Vendor
2023-04-04 13:23:19,6432258,1 túi đồ bên trong có 1 cục hàng màu vàng ( không rõ là gì ).,417365858,HCM-GE,"BAO 5, BÌ 1","Hàng hóa hàng ngày, giấy tờ khác (quần áo, mắt kính...)",,2023-04-04 13:23:19.000,6432258,"Hàng hóa hàng ngày, giấy tờ khác (quần áo, mắt kính...)",173,Còn hạn,Thuê Vendor tiêu hủy / Quyên góp,Phụ lục 3 (TTLT 18),GE + FPS + Vendor
2023-06-04 08:21:54,6322810,1 tập hồ sơ,417671929,HCM-GE,"BAO 5, BÌ 1","Hàng hóa hàng ngày, giấy tờ khác (quần áo, mắt kính...)",,2023-04-06 08:21:54.000,6322810,"Hàng hóa hàng ngày, giấy tờ khác (quần áo, mắt kính...)",171,Còn hạn,Thuê Vendor tiêu hủy / Quyên góp,Phụ lục 3 (TTLT 18),GE + FPS + Vendor
2023-03-04 15:50:38,3518191,1 tập hồ sơ,416308205,HCM-GE,"BAO 5, BÌ 1","Hàng hóa hàng ngày, giấy tờ khác (quần áo, mắt kính...)",,2023-04-03 15:50:38.000,3518191,"Hàng hóa hàng ngày, giấy tờ khác (quần áo, mắt kính...)",174,Còn hạn,Thuê Vendor tiêu hủy / Quyên góp,Phụ lục 3 (TTLT 18),GE + FPS + Vendor
18/04/2023 9:58:15,6548047,1 1 tập tài liệu HỢP ĐỒNG BẢO HIỂM CHÁY NỔ,421899724,HCM-GE,"BAO 5, BÌ 1","Hàng hóa hàng ngày, giấy tờ khác (quần áo, mắt kính...)",,2023-04-18 09:58:15.000,6548047,"Hàng hóa hàng ngày, giấy tờ khác (quần áo, mắt kính...)",159,Còn hạn,Thuê Vendor tiêu hủy / Quyên góp,Phụ lục 3 (TTLT 18),GE + FPS + Vendor
2023-04-04 10:55:33,1388016,1 bộ hợp đồng,417293492,HCM-GE,"BAO 5, BÌ 1","Hàng hóa hàng ngày, giấy tờ khác (quần áo, mắt kính...)",,2023-04-04 10:55:33.000,1388016,"Hàng hóa hàng ngày, giấy tờ khác (quần áo, mắt kính...)",173,Còn hạn,Thuê Vendor tiêu hủy / Quyên góp,Phụ lục 3 (TTLT 18),GE + FPS + Vendor
19/04/2023 17:05:56,6649272,1 hồ sơ,422029968,HCM-GE,"BAO 5, BÌ 1","Hàng hóa hàng ngày, giấy tờ khác (quần áo, mắt kính...)",,2023-04-19 17:05:56.000,6649272,"Hàng hóa hàng ngày, giấy tờ khác (quần áo, mắt kính...)",158,Còn hạn,Thuê Vendor tiêu hủy / Quyên góp,Phụ lục 3 (TTLT 18),GE + FPS + Vendor
17/04/2023 15:37:26,5575676,1 bộ hồ sơ,421653681,HCM-GE,"BAO 5, BÌ 1","Hàng hóa hàng ngày, giấy tờ khác (quần áo, mắt kính...)",,2023-04-17 15:37:26.000,5575676,"Hàng hóa hàng ngày, giấy tờ khác (quần áo, mắt kính...)",160,Còn hạn,Thuê Vendor tiêu hủy / Quyên góp,Phụ lục 3 (TTLT 18),GE + FPS + Vendor
2023-06-20 15:01:50,6602231,1 bịch bột ron,442252230,HCM-GE,"BAO 5, BÌ 1","Hàng hóa hàng ngày, giấy tờ khác (quần áo, mắt kính...)",,2023-06-20 15:01:50.000,6602231,"Hàng hóa hàng ngày, giấy tờ khác (quần áo, mắt kính...)",96,Còn hạn,Thuê Vendor tiêu hủy / Quyên góp,Phụ lục 3 (TTLT 18),GE + FPS + Vendor
18/01/2023 9:48:53,6652182,2 gối ôm nhỏ,386689864,HCM-GE,"BAO 5, BÌ 1","Hàng hóa hàng ngày, giấy tờ khác (quần áo, mắt kính...)",,2023-01-18 09:48:53.000,6652182,"Hàng hóa hàng ngày, giấy tờ khác (quần áo, mắt kính...)",249,Quá hạn,Thuê Vendor tiêu hủy / Quyên góp,Phụ lục 3 (TTLT 18),GE + FPS + Vendor
2023-07-04 16:55:57,3344917,1 bịch lá khô,418409266,HCM-GE,"BAO 5, BÌ 1","Hàng hóa hàng ngày, giấy tờ khác (quần áo, mắt kính...)",,2023-04-07 16:55:57.000,3344917,"Hàng hóa hàng ngày, giấy tờ khác (quần áo, mắt kính...)",170,Còn hạn,Thuê Vendor tiêu hủy / Quyên góp,Phụ lục 3 (TTLT 18),GE + FPS + Vendor
2023-11-04 08:20:14,6820646,1 gói hàng (ốp lưng),414055480,HCM-GE,"BAO 5, BÌ 1","Hàng hóa hàng ngày, giấy tờ khác (quần áo, mắt kính...)",,2023-04-11 08:20:14.000,6820646,"Hàng hóa hàng ngày, giấy tờ khác (quần áo, mắt kính...)",166,Còn hạn,Thuê Vendor tiêu hủy / Quyên góp,Phụ lục 3 (TTLT 18),GE + FPS + Vendor
15/04/2023 13:36:25,6692767,1 điện thoại iphone 7 plus (còn lên nguồn),420888217,HCM-GE,"BAO 5, BÌ 1","Hàng hóa hàng ngày, giấy tờ khác (quần áo, mắt kính...)",,2023-04-15 13:36:25.000,6692767,"Hàng hóa hàng ngày, giấy tờ khác (quần áo, mắt kính...)",162,Còn hạn,Thuê Vendor tiêu hủy / Quyên góp,Phụ lục 3 (TTLT 18),GE + FPS + Vendor
2023-11-04 11:03:34,6838630,2 cái mỏ lết,418753215,HCM-GE,"BAO 5, BÌ 1","Hàng hóa hàng ngày, giấy tờ khác (quần áo, mắt kính...)",,2023-04-11 11:03:34.000,6838630,"Hàng hóa hàng ngày, giấy tờ khác (quần áo, mắt kính...)",166,Còn hạn,Thuê Vendor tiêu hủy / Quyên góp,Phụ lục 3 (TTLT 18),GE + FPS + Vendor
18/04/2023 9:52:39,1240866,1 hộp thuốc,421905685,HCM-GE,"BAO 5, BÌ 1","Hàng hóa hàng ngày, giấy tờ khác (quần áo, mắt kính...)",,2023-04-18 09:52:39.000,1240866,"Hàng hóa hàng ngày, giấy tờ khác (quần áo, mắt kính...)",159,Còn hạn,Thuê Vendor tiêu hủy / Quyên góp,Phụ lục 3 (TTLT 18),GE + FPS + Vendor
2023-06-04 10:16:55,5708777,bong bóng,417579453,HCM-GE,"BAO 5, BÌ 1","Hàng hóa hàng ngày, giấy tờ khác (quần áo, mắt kính...)",,2023-04-06 10:16:55.000,5708777,"Hàng hóa hàng ngày, giấy tờ khác (quần áo, mắt kính...)",171,Còn hạn,Thuê Vendor tiêu hủy / Quyên góp,Phụ lục 3 (TTLT 18),GE + FPS + Vendor
2023-08-04 14:01:07,5154553,1 mắt kính,418739392,HCM-GE,BAO 5 ,"Hàng hóa hàng ngày, giấy tờ khác (quần áo, mắt kính...)",,2023-04-08 14:01:07.000,5154553,"Hàng hóa hàng ngày, giấy tờ khác (quần áo, mắt kính...)",169,Còn hạn,Thuê Vendor tiêu hủy / Quyên góp,Phụ lục 3 (TTLT 18),GE + FPS + Vendor
2023-01-04 08:47:41,955313,1 balo đồ cũ,416279960,HCM-GE,BAO 5 ,"Hàng hóa hàng ngày, giấy tờ khác (quần áo, mắt kính...)",,2023-04-01 08:47:41.000,955313,"Hàng hóa hàng ngày, giấy tờ khác (quần áo, mắt kính...)",176,Còn hạn,Thuê Vendor tiêu hủy / Quyên góp,Phụ lục 3 (TTLT 18),GE + FPS + Vendor
2023-04-01 08:49:05,5333150,1 sấp bọc nilong đựng quần áo,377391591,HCM-GE,THÙNG 6,"Hàng hóa hàng ngày, giấy tờ khác (quần áo, mắt kính...)",,2023-01-04 08:49:05.000,5333150,"Hàng hóa hàng ngày, giấy tờ khác (quần áo, mắt kính...)",263,Quá hạn,Thuê Vendor tiêu hủy / Quyên góp,Phụ lục 3 (TTLT 18),GE + FPS + Vendor
28/01/2023 15:24:09,146643,1 hộp bánh rỗng,391208436,HCM-GE,THÙNG 6,"Hàng hóa hàng ngày, giấy tờ khác (quần áo, mắt kính...)",,2023-01-28 15:24:09.000,146643,"Hàng hóa hàng ngày, giấy tờ khác (quần áo, mắt kính...)",239,Quá hạn,Thuê Vendor tiêu hủy / Quyên góp,Phụ lục 3 (TTLT 18),GE + FPS + Vendor
13/01/2023 13:15:47,5719864,1 cuộn giấy niêm phong,384920219,HCM-GE,THÙNG 6,"Hàng hóa hàng ngày, giấy tờ khác (quần áo, mắt kính...)",,2023-01-13 13:15:47.000,5719864,"Hàng hóa hàng ngày, giấy tờ khác (quần áo, mắt kính...)",254,Quá hạn,Thuê Vendor tiêu hủy / Quyên góp,Phụ lục 3 (TTLT 18),GE + FPS + Vendor
23/01/2023 9:50:53,1629370,1 túi áo thun,388924572,HCM-GE,THÙNG 6,"Hàng hóa hàng ngày, giấy tờ khác (quần áo, mắt kính...)",,2023-01-23 09:50:53.000,1629370,"Hàng hóa hàng ngày, giấy tờ khác (quần áo, mắt kính...)",244,Quá hạn,Thuê Vendor tiêu hủy / Quyên góp,Phụ lục 3 (TTLT 18),GE + FPS + Vendor
16/01/2023 12:27:20,4874324,1 đôi giày Adidas màu đen,385405671,HCM-GE,THÙNG 6,"Hàng hóa hàng ngày, giấy tờ khác (quần áo, mắt kính...)",,2023-01-16 12:27:20.000,4874324,"Hàng hóa hàng ngày, giấy tờ khác (quần áo, mắt kính...)",251,Quá hạn,Thuê Vendor tiêu hủy / Quyên góp,Phụ lục 3 (TTLT 18),GE + FPS + Vendor
2023-03-01 08:31:01,3655471,1 hộp gikaays,379921395,HCM-GE,"BÌ 1, THÙNG 6","Hàng hóa hàng ngày, giấy tờ khác (quần áo, mắt kính...)",,2023-01-03 08:31:01.000,3655471,"Hàng hóa hàng ngày, giấy tờ khác (quần áo, mắt kính...)",264,Quá hạn,Thuê Vendor tiêu hủy / Quyên góp,Phụ lục 3 (TTLT 18),GE + FPS + Vendor
2023-04-01 17:11:14,6333017,1 tập hồ sơ Hợp đồng,381360994,HCM-GE,"BÌ 1, THÙNG 6","Hàng hóa hàng ngày, giấy tờ khác (quần áo, mắt kính...)",,2023-01-04 17:11:14.000,6333017,"Hàng hóa hàng ngày, giấy tờ khác (quần áo, mắt kính...)",263,Quá hạn,Thuê Vendor tiêu hủy / Quyên góp,Phụ lục 3 (TTLT 18),GE + FPS + Vendor
13/01/2023 11:37:04,4078399,1 bì thư,384840788,HCM-GE,"BÌ 1, THÙNG 6","Hàng hóa hàng ngày, giấy tờ khác (quần áo, mắt kính...)",,2023-01-13 11:37:04.000,4078399,"Hàng hóa hàng ngày, giấy tờ khác (quần áo, mắt kính...)",254,Quá hạn,Thuê Vendor tiêu hủy / Quyên góp,Phụ lục 3 (TTLT 18),GE + FPS + Vendor
31/01/2023 11:15:57,6551099,1 bộ trang điểm Lameila ( 7 món),392319427,HCM-GE,"BÌ 1, THÙNG 6","Hàng hóa hàng ngày, giấy tờ khác (quần áo, mắt kính...)",,2023-01-31 11:15:57.000,6551099,"Hàng hóa hàng ngày, giấy tờ khác (quần áo, mắt kính...)",236,Quá hạn,Thuê Vendor tiêu hủy / Quyên góp,Phụ lục 3 (TTLT 18),GE + FPS + Vendor
31/01/2023 10:35:09,3050777,1 hộp gói kín của Shopee,391204217,HCM-GE,"BÌ 1, THÙNG 6","Hàng hóa hàng ngày, giấy tờ khác (quần áo, mắt kính...)",,2023-01-31 10:35:09.000,3050777,"Hàng hóa hàng ngày, giấy tờ khác (quần áo, mắt kính...)",236,Quá hạn,Thuê Vendor tiêu hủy / Quyên góp,Phụ lục 3 (TTLT 18),GE + FPS + Vendor
13/01/2023 7:59:55,6676211,1 cái túi.,384466729,HCM-GE,"BÌ 1, THÙNG 6","Hàng hóa hàng ngày, giấy tờ khác (quần áo, mắt kính...)",,2023-01-13 07:59:55.000,6676211,"Hàng hóa hàng ngày, giấy tờ khác (quần áo, mắt kính...)",254,Quá hạn,Thuê Vendor tiêu hủy / Quyên góp,Phụ lục 3 (TTLT 18),GE + FPS + Vendor
16/01/2023 12:43:45,6420031,1 cục màu đen không rõ là gì,385197125,HCM-GE,"BÌ 1, THÙNG 6","Hàng hóa hàng ngày, giấy tờ khác (quần áo, mắt kính...)",,2023-01-16 12:43:45.000,6420031,"Hàng hóa hàng ngày, giấy tờ khác (quần áo, mắt kính...)",251,Quá hạn,Thuê Vendor tiêu hủy / Quyên góp,Phụ lục 3 (TTLT 18),GE + FPS + Vendor
2023-05-01 10:47:56,3489508,5 miếng gạch mẫu,381533577,HCM-GE,"BÌ 1, THÙNG 6","Hàng hóa hàng ngày, giấy tờ khác (quần áo, mắt kính...)",,2023-01-05 10:47:56.000,3489508,"Hàng hóa hàng ngày, giấy tờ khác (quần áo, mắt kính...)",262,Quá hạn,Thuê Vendor tiêu hủy / Quyên góp,Phụ lục 3 (TTLT 18),GE + FPS + Vendor
2023-06-01 09:49:07,6529503,2 miếng gạch mẫu,381739210,HCM-GE,"BÌ 1, THÙNG 6","Hàng hóa hàng ngày, giấy tờ khác (quần áo, mắt kính...)",,2023-01-06 09:49:07.000,6529503,"Hàng hóa hàng ngày, giấy tờ khác (quần áo, mắt kính...)",261,Quá hạn,Thuê Vendor tiêu hủy / Quyên góp,Phụ lục 3 (TTLT 18),GE + FPS + Vendor
2023-06-01 18:11:59,5166778,kính cường lực,365025805,HCM-GE,"BÌ 1, THÙNG 6","Hàng hóa hàng ngày, giấy tờ khác (quần áo, mắt kính...)",,2023-01-06 18:11:59.000,5166778,"Hàng hóa hàng ngày, giấy tờ khác (quần áo, mắt kính...)",261,Quá hạn,Thuê Vendor tiêu hủy / Quyên góp,Phụ lục 3 (TTLT 18),GE + FPS + Vendor
2023-09-01 10:27:44,4994992,mỹ phẩm 3 hộp,382895610,HCM-GE,"BÌ 1, THÙNG 6","Hàng hóa hàng ngày, giấy tờ khác (quần áo, mắt kính...)",,2023-01-09 10:27:44.000,4994992,"Hàng hóa hàng ngày, giấy tờ khác (quần áo, mắt kính...)",258,Quá hạn,Thuê Vendor tiêu hủy / Quyên góp,Phụ lục 3 (TTLT 18),GE + FPS + Vendor
2023-05-01 14:09:25,3805695,1 bì thư,381670954‬,HCM-GE,"BÌ 1, THÙNG 6","Hàng hóa hàng ngày, giấy tờ khác (quần áo, mắt kính...)",,2023-01-05 14:09:25.000,3805695,"Hàng hóa hàng ngày, giấy tờ khác (quần áo, mắt kính...)",262,Quá hạn,Thuê Vendor tiêu hủy / Quyên góp,Phụ lục 3 (TTLT 18),GE + FPS + Vendor
2023-05-01 13:22:30,6447594,1 bì thư,381614475,HCM-GE,"BÌ 1, THÙNG 6","Hàng hóa hàng ngày, giấy tờ khác (quần áo, mắt kính...)",,2023-01-05 13:22:30.000,6447594,"Hàng hóa hàng ngày, giấy tờ khác (quần áo, mắt kính...)",262,Quá hạn,Thuê Vendor tiêu hủy / Quyên góp,Phụ lục 3 (TTLT 18),GE + FPS + Vendor
23/07/2022 8:58:04,530623,6 chai sốt,315876137,HCM-GE,Thùng 4,"Hàng hóa hàng ngày, giấy tờ khác (quần áo, mắt kính...)",,2022-07-23 08:58:04.000,530623,"Hàng hóa hàng ngày, giấy tờ khác (quần áo, mắt kính...)",428,Quá hạn,Thuê Vendor tiêu hủy / Quyên góp,Phụ lục 3 (TTLT 18),GE + FPS + Vendor
15/07/2022 9:48:24,6013358,1 gói đồ,312924294,HCM-GE,Thùng 4,"Hàng hóa hàng ngày, giấy tờ khác (quần áo, mắt kính...)",,2022-07-15 09:48:24.000,6013358,"Hàng hóa hàng ngày, giấy tờ khác (quần áo, mắt kính...)",436,Quá hạn,Thuê Vendor tiêu hủy / Quyên góp,Phụ lục 3 (TTLT 18),GE + FPS + Vendor
2022-11-07 14:12:06,3784116,1 nón bảo hiểm 3/4 màu đen,311167424,HCM-GE,Thùng 4,"Hàng hóa hàng ngày, giấy tờ khác (quần áo, mắt kính...)",,2022-07-11 14:12:06.000,3784116,"Hàng hóa hàng ngày, giấy tờ khác (quần áo, mắt kính...)",440,Quá hạn,Thuê Vendor tiêu hủy / Quyên góp,Phụ lục 3 (TTLT 18),GE + FPS + Vendor
27/07/2022 9:00:27,6332599,1 hủ whey.,317487451,HCM-GE,Thùng 4,"Hàng hóa hàng ngày, giấy tờ khác (quần áo, mắt kính...)",,2022-07-27 09:00:27.000,6332599,"Hàng hóa hàng ngày, giấy tờ khác (quần áo, mắt kính...)",424,Quá hạn,Thuê Vendor tiêu hủy / Quyên góp,Phụ lục 3 (TTLT 18),GE + FPS + Vendor
2022-11-07 10:47:22,6362462,2 bịch thuốc xông,311398151,HCM-GE,Thùng 4,"Hàng hóa hàng ngày, giấy tờ khác (quần áo, mắt kính...)",,2022-07-11 10:47:22.000,6362462,"Hàng hóa hàng ngày, giấy tờ khác (quần áo, mắt kính...)",440,Quá hạn,Thuê Vendor tiêu hủy / Quyên góp,Phụ lục 3 (TTLT 18),GE + FPS + Vendor
25/04/2023 15:27:02,2224974,mỹ phẩm,424079391,HCM-GE,"BÌ 3, BAO 5","Hàng hóa hàng ngày, giấy tờ khác (quần áo, mắt kính...)",,2023-04-25 15:27:02.000,2224974,"Hàng hóa hàng ngày, giấy tờ khác (quần áo, mắt kính...)",152,Còn hạn,Thuê Vendor tiêu hủy / Quyên góp,Phụ lục 3 (TTLT 18),GE + FPS + Vendor
2023-04-04 11:27:28,5621696,1 sắp giấy tờ rơi,417144519,HCM-GE,"BÌ 3, BAO 5","Hàng hóa hàng ngày, giấy tờ khác (quần áo, mắt kính...)",,2023-04-04 11:27:28.000,5621696,"Hàng hóa hàng ngày, giấy tờ khác (quần áo, mắt kính...)",173,Còn hạn,Thuê Vendor tiêu hủy / Quyên góp,Phụ lục 3 (TTLT 18),GE + FPS + Vendor
19/04/2023 16:43:09,3184674,1 gói hàng đóng kín,422392209,HCM-GE,"BÌ 3, BAO 5","Hàng hóa hàng ngày, giấy tờ khác (quần áo, mắt kính...)",,2023-04-19 16:43:09.000,3184674,"Hàng hóa hàng ngày, giấy tờ khác (quần áo, mắt kính...)",158,Còn hạn,Thuê Vendor tiêu hủy / Quyên góp,Phụ lục 3 (TTLT 18),GE + FPS + Vendor
2023-10-04 11:11:42,2239899,1 cái loa màu xanh,418980196,HCM-GE,Thùng 5,"Hàng hóa hàng ngày, giấy tờ khác (quần áo, mắt kính...)",,2023-04-10 11:11:42.000,2239899,"Hàng hóa hàng ngày, giấy tờ khác (quần áo, mắt kính...)",167,Còn hạn,Thuê Vendor tiêu hủy / Quyên góp,Phụ lục 3 (TTLT 18),GE + FPS + Vendor
2023-09-01 08:17:17,809836,rèm cửa,382937486,HCM-GE,"BÌ 1, THÙNG 6","Hàng hóa hàng ngày, giấy tờ khác (quần áo, mắt kính...)",,2023-01-09 08:17:17.000,809836,"Hàng hóa hàng ngày, giấy tờ khác (quần áo, mắt kính...)",258,Quá hạn,Thuê Vendor tiêu hủy / Quyên góp,Phụ lục 3 (TTLT 18),GE + FPS + Vendor
2023-10-01 13:53:59,6151300,ốp lưng máy tính bảng,383549739,HCM-GE,"BÌ 1, THÙNG 6","Hàng hóa hàng ngày, giấy tờ khác (quần áo, mắt kính...)",,2023-01-10 13:53:59.000,6151300,"Hàng hóa hàng ngày, giấy tờ khác (quần áo, mắt kính...)",257,Quá hạn,Thuê Vendor tiêu hủy / Quyên góp,Phụ lục 3 (TTLT 18),GE + FPS + Vendor
18/01/2023 9:48:53,6652182,2 gối ôm nhỏ,386689864,HCM-GE,"BÌ 1, THÙNG 6","Hàng hóa hàng ngày, giấy tờ khác (quần áo, mắt kính...)",,2023-01-18 09:48:53.000,6652182,"Hàng hóa hàng ngày, giấy tờ khác (quần áo, mắt kính...)",249,Quá hạn,Thuê Vendor tiêu hủy / Quyên góp,Phụ lục 3 (TTLT 18),GE + FPS + Vendor
2023-06-01 16:21:44,4807299,1 tập hồ sơ giấy tờ,382115833,HCM-GE,"BÌ 1, THÙNG 6","Hàng hóa hàng ngày, giấy tờ khác (quần áo, mắt kính...)",,2023-01-06 16:21:44.000,4807299,"Hàng hóa hàng ngày, giấy tờ khác (quần áo, mắt kính...)",261,Quá hạn,Thuê Vendor tiêu hủy / Quyên góp,Phụ lục 3 (TTLT 18),GE + FPS + Vendor
13/01/2023 14:17:06,6492535,1 cục hình trái bơ,384914902,HCM-GE,"BÌ 1, THÙNG 6","Hàng hóa hàng ngày, giấy tờ khác (quần áo, mắt kính...)",,2023-01-13 14:17:06.000,6492535,"Hàng hóa hàng ngày, giấy tờ khác (quần áo, mắt kính...)",254,Quá hạn,Thuê Vendor tiêu hủy / Quyên góp,Phụ lục 3 (TTLT 18),GE + FPS + Vendor
2023-05-01 10:51:58,4358229,1 gói hàng đã niêm phong,381572527‬,HCM-GE,"BÌ 1, THÙNG 6","Hàng hóa hàng ngày, giấy tờ khác (quần áo, mắt kính...)",,2023-01-05 10:51:58.000,4358229,"Hàng hóa hàng ngày, giấy tờ khác (quần áo, mắt kính...)",262,Quá hạn,Thuê Vendor tiêu hủy / Quyên góp,Phụ lục 3 (TTLT 18),GE + FPS + Vendor
18/01/2023 13:24:28,6379836,1 công tắc xi nhan,387011700,HCM-GE,"BÌ 1, THÙNG 6","Hàng hóa hàng ngày, giấy tờ khác (quần áo, mắt kính...)",,2023-01-18 13:24:28.000,6379836,"Hàng hóa hàng ngày, giấy tờ khác (quần áo, mắt kính...)",249,Quá hạn,Thuê Vendor tiêu hủy / Quyên góp,Phụ lục 3 (TTLT 18),GE + FPS + Vendor
2023-06-01 13:35:10,6717221,2 cái bên ngoài là Pokemon ( không rõ bên trong là gì ).,382066513,HCM-GE,"BÌ 1, THÙNG 6","Hàng hóa hàng ngày, giấy tờ khác (quần áo, mắt kính...)",,2023-01-06 13:35:10.000,6717221,"Hàng hóa hàng ngày, giấy tờ khác (quần áo, mắt kính...)",261,Quá hạn,Thuê Vendor tiêu hủy / Quyên góp,Phụ lục 3 (TTLT 18),GE + FPS + Vendor
2023-01-09 11:43:53,299271,1 cái túi xách,468096631,HCM-GE,BAO 7 ,"Hàng hóa hàng ngày, giấy tờ khác (quần áo, mắt kính...)",,2023-09-01 11:43:53.000,299271,"Hàng hóa hàng ngày, giấy tờ khác (quần áo, mắt kính...)",23,Còn hạn,Thuê Vendor tiêu hủy / Quyên góp,Phụ lục 3 (TTLT 18),GE + FPS + Vendor
18/09/2023 13:42:35,5238679,1 lon sữa,473159718,HCM-GE,BAO 7 ,"Hàng hóa hàng ngày, giấy tờ khác (quần áo, mắt kính...)",,2023-09-18 13:42:35.000,5238679,"Hàng hóa hàng ngày, giấy tờ khác (quần áo, mắt kính...)",6,Còn hạn,Thuê Vendor tiêu hủy / Quyên góp,Phụ lục 3 (TTLT 18),GE + FPS + Vendor
15/09/2023 13:44:12,5101471,1 Túi quần áo,472986519,HCM-GE,BAO 7 ,"Hàng hóa hàng ngày, giấy tờ khác (quần áo, mắt kính...)",,2023-09-15 13:44:12.000,5101471,"Hàng hóa hàng ngày, giấy tờ khác (quần áo, mắt kính...)",9,Còn hạn,Thuê Vendor tiêu hủy / Quyên góp,Phụ lục 3 (TTLT 18),GE + FPS + Vendor
2023-11-09 18:20:56,5616889,1 cái loa cũ,470762580,HCM-GE,BAO 7 ,"Hàng hóa hàng ngày, giấy tờ khác (quần áo, mắt kính...)",,2023-09-11 18:20:56.000,5616889,"Hàng hóa hàng ngày, giấy tờ khác (quần áo, mắt kính...)",13,Còn hạn,Thuê Vendor tiêu hủy / Quyên góp,Phụ lục 3 (TTLT 18),GE + FPS + Vendor
18/09/2023 13:57:27,714309,10 bóng điện,473966400,HCM-GE,BAO 7 ,"Hàng hóa hàng ngày, giấy tờ khác (quần áo, mắt kính...)",,2023-09-18 13:57:27.000,714309,"Hàng hóa hàng ngày, giấy tờ khác (quần áo, mắt kính...)",6,Còn hạn,Thuê Vendor tiêu hủy / Quyên góp,Phụ lục 3 (TTLT 18),GE + FPS + Vendor
20/09/2023 10:44:02,5012992,1 chai rượu,474575637,HCM-GE,BAO 7 ,"Hàng hóa hàng ngày, giấy tờ khác (quần áo, mắt kính...)",,2023-09-20 10:44:02.000,5012992,"Hàng hóa hàng ngày, giấy tờ khác (quần áo, mắt kính...)",4,Còn hạn,Thuê Vendor tiêu hủy / Quyên góp,Phụ lục 3 (TTLT 18),GE + FPS + Vendor
18/09/2023 16:55:00,4465681,1 đôi giày nữ,474060722,HCM-GE,BAO 7 ,"Hàng hóa hàng ngày, giấy tờ khác (quần áo, mắt kính...)",,2023-09-18 16:55:00.000,4465681,"Hàng hóa hàng ngày, giấy tờ khác (quần áo, mắt kính...)",6,Còn hạn,Thuê Vendor tiêu hủy / Quyên góp,Phụ lục 3 (TTLT 18),GE + FPS + Vendor
20/09/2023 14:37:38,5668089,1 đôi dép cũ đã qua sử dụng,474733617,HCM-GE,BAO 7 ,"Hàng hóa hàng ngày, giấy tờ khác (quần áo, mắt kính...)",,2023-09-20 14:37:38.000,5668089,"Hàng hóa hàng ngày, giấy tờ khác (quần áo, mắt kính...)",4,Còn hạn,Thuê Vendor tiêu hủy / Quyên góp,Phụ lục 3 (TTLT 18),GE + FPS + Vendor
2023-07-09 09:55:31,3430271,miếng vải rách,470163823,HCM-GE,BAO 7 ,"Hàng hóa hàng ngày, giấy tờ khác (quần áo, mắt kính...)",,2023-09-07 09:55:31.000,3430271,"Hàng hóa hàng ngày, giấy tờ khác (quần áo, mắt kính...)",17,Còn hạn,Thuê Vendor tiêu hủy / Quyên góp,Phụ lục 3 (TTLT 18),GE + FPS + Vendor
21/09/2023 17:29:01,6620244,1 hộp đồ nghề sơn móng,474822746,HCM-GE,BAO 7 ,"Hàng hóa hàng ngày, giấy tờ khác (quần áo, mắt kính...)",,2023-09-21 17:29:01.000,6620244,"Hàng hóa hàng ngày, giấy tờ khác (quần áo, mắt kính...)",3,Còn hạn,Thuê Vendor tiêu hủy / Quyên góp,Phụ lục 3 (TTLT 18),GE + FPS + Vendor
2023-11-09 18:07:50,5238727,1 bịch quần áo,471717549,HCM-GE,BAO 7 ,"Hàng hóa hàng ngày, giấy tờ khác (quần áo, mắt kính...)",,2023-09-11 18:07:50.000,5238727,"Hàng hóa hàng ngày, giấy tờ khác (quần áo, mắt kính...)",13,Còn hạn,Thuê Vendor tiêu hủy / Quyên góp,Phụ lục 3 (TTLT 18),GE + FPS + Vendor
15/05/2023 17:06:51,6386917,1 đôi giày và 2 bộ đồ,430728307,HCM-GE,BAO 7 ,"Hàng hóa hàng ngày, giấy tờ khác (quần áo, mắt kính...)",,2023-05-15 17:06:51.000,6386917,"Hàng hóa hàng ngày, giấy tờ khác (quần áo, mắt kính...)",132,Còn hạn,Thuê Vendor tiêu hủy / Quyên góp,Phụ lục 3 (TTLT 18),GE + FPS + Vendor
2023-10-05 16:17:35,5846819,1 hộp thuốc,429082359,HCM-GE,BAO 7 ,"Hàng hóa hàng ngày, giấy tờ khác (quần áo, mắt kính...)",,2023-05-10 16:17:35.000,5846819,"Hàng hóa hàng ngày, giấy tờ khác (quần áo, mắt kính...)",137,Còn hạn,Thuê Vendor tiêu hủy / Quyên góp,Phụ lục 3 (TTLT 18),GE + FPS + Vendor
22/09/2023 9:11:30,6801296,1 bịch quần áo,475262525,HCM-GE,BAO 7,"Hàng hóa hàng ngày, giấy tờ khác (quần áo, mắt kính...)",,2023-09-22 09:11:30.000,6801296,"Hàng hóa hàng ngày, giấy tờ khác (quần áo, mắt kính...)",2,Còn hạn,Thuê Vendor tiêu hủy / Quyên góp,Phụ lục 3 (TTLT 18),GE + FPS + Vendor
2023-06-09 10:08:17,4110539,1 cái loa còn mới trong hộp,468688638,HCM-GE,BAO 7,"Hàng hóa hàng ngày, giấy tờ khác (quần áo, mắt kính...)",,2023-09-06 10:08:17.000,4110539,"Hàng hóa hàng ngày, giấy tờ khác (quần áo, mắt kính...)",18,Còn hạn,Thuê Vendor tiêu hủy / Quyên góp,Phụ lục 3 (TTLT 18),GE + FPS + Vendor
26/05/2023 17:05:27,6542036,1 cái đồng hồ + 2 áo nữ,434248964,HCM-GE,BAO 7,"Hàng hóa hàng ngày, giấy tờ khác (quần áo, mắt kính...)",,2023-05-26 17:05:27.000,6542036,"Hàng hóa hàng ngày, giấy tờ khác (quần áo, mắt kính...)",121,Còn hạn,Thuê Vendor tiêu hủy / Quyên góp,Phụ lục 3 (TTLT 18),GE + FPS + Vendor
2023-08-09 10:48:07,5257585,1 bịch long não và cái chai,470426002,HCM-GE,BAO 7,"Hàng hóa hàng ngày, giấy tờ khác (quần áo, mắt kính...)",,2023-09-08 10:48:07.000,5257585,"Hàng hóa hàng ngày, giấy tờ khác (quần áo, mắt kính...)",16,Còn hạn,Thuê Vendor tiêu hủy / Quyên góp,Phụ lục 3 (TTLT 18),GE + FPS + Vendor
2023-04-09 09:23:46,5610511,phụ trùng xe,468904856,HCM-GE,BAO 7,"Hàng hóa hàng ngày, giấy tờ khác (quần áo, mắt kính...)",,2023-09-04 09:23:46.000,5610511,"Hàng hóa hàng ngày, giấy tờ khác (quần áo, mắt kính...)",20,Còn hạn,Thuê Vendor tiêu hủy / Quyên góp,Phụ lục 3 (TTLT 18),GE + FPS + Vendor
2023-04-09 13:57:33,2731219,1 gói áo quần,468097407,HCM-GE,BAO 7,"Hàng hóa hàng ngày, giấy tờ khác (quần áo, mắt kính...)",,2023-09-04 13:57:33.000,2731219,"Hàng hóa hàng ngày, giấy tờ khác (quần áo, mắt kính...)",20,Còn hạn,Thuê Vendor tiêu hủy / Quyên góp,Phụ lục 3 (TTLT 18),GE + FPS + Vendor
2023-05-09 11:17:01,5025400,1 bịch niloong chứa bộ câu và bình ăc quy,468492805,HCM-GE,BAO 7,"Hàng hóa hàng ngày, giấy tờ khác (quần áo, mắt kính...)",,2023-09-05 11:17:01.000,5025400,"Hàng hóa hàng ngày, giấy tờ khác (quần áo, mắt kính...)",19,Còn hạn,Thuê Vendor tiêu hủy / Quyên góp,Phụ lục 3 (TTLT 18),GE + FPS + Vendor
20/09/2023 14:04:34,6852987,1 bịch chứa đôi dép và dây cáp,474613303,HCM-GE,BAO 7,"Hàng hóa hàng ngày, giấy tờ khác (quần áo, mắt kính...)",,2023-09-20 14:04:34.000,6852987,"Hàng hóa hàng ngày, giấy tờ khác (quần áo, mắt kính...)",4,Còn hạn,Thuê Vendor tiêu hủy / Quyên góp,Phụ lục 3 (TTLT 18),GE + FPS + Vendor
2023-04-09 15:55:22,6211238,2 chai dầu gội còn mới,468355556,HCM-GE,BAO 7,"Hàng hóa hàng ngày, giấy tờ khác (quần áo, mắt kính...)",,2023-09-04 15:55:22.000,6211238,"Hàng hóa hàng ngày, giấy tờ khác (quần áo, mắt kính...)",20,Còn hạn,Thuê Vendor tiêu hủy / Quyên góp,Phụ lục 3 (TTLT 18),GE + FPS + Vendor
21/09/2023 9:43:05,5168884,1 bịch quần áo,474909782,HCM-GE,BAO 7,"Hàng hóa hàng ngày, giấy tờ khác (quần áo, mắt kính...)",,2023-09-21 09:43:05.000,5168884,"Hàng hóa hàng ngày, giấy tờ khác (quần áo, mắt kính...)",3,Còn hạn,Thuê Vendor tiêu hủy / Quyên góp,Phụ lục 3 (TTLT 18),GE + FPS + Vendor
2023-07-09 13:03:32,4709570,1 bịch đỏ chứa quần áo,470159426,HCM-GE,BAO 7,"Hàng hóa hàng ngày, giấy tờ khác (quần áo, mắt kính...)",,2023-09-07 13:03:32.000,4709570,"Hàng hóa hàng ngày, giấy tờ khác (quần áo, mắt kính...)",17,Còn hạn,Thuê Vendor tiêu hủy / Quyên góp,Phụ lục 3 (TTLT 18),GE + FPS + Vendor
2023-12-05 14:13:30,3509665,2 đôi dép,429680814,HCM-GE,BAO 7,"Hàng hóa hàng ngày, giấy tờ khác (quần áo, mắt kính...)",,2023-05-12 14:13:30.000,3509665,"Hàng hóa hàng ngày, giấy tờ khác (quần áo, mắt kính...)",135,Còn hạn,Thuê Vendor tiêu hủy / Quyên góp,Phụ lục 3 (TTLT 18),GE + FPS + Vendor
2022-11-10 12:28:06,5310608,hộp kit test,347627048,HCM-GE,BAO 8 ,"Hàng hóa hàng ngày, giấy tờ khác (quần áo, mắt kính...)",,2022-10-11 12:28:06.000,5310608,"Hàng hóa hàng ngày, giấy tờ khác (quần áo, mắt kính...)",348,Quá hạn,Thuê Vendor tiêu hủy / Quyên góp,Phụ lục 3 (TTLT 18),GE + FPS + Vendor
2022-04-10 11:10:44,346396,1 đôi giày màu hồng,343931592,HCM-GE,BAO 8 ,"Hàng hóa hàng ngày, giấy tờ khác (quần áo, mắt kính...)",,2022-10-04 11:10:44.000,346396,"Hàng hóa hàng ngày, giấy tờ khác (quần áo, mắt kính...)",355,Quá hạn,Thuê Vendor tiêu hủy / Quyên góp,Phụ lục 3 (TTLT 18),GE + FPS + Vendor
2023-10-05 16:17:35,5846819,1 hộp thuốc,429082359,HCM-GE,BAO 8 ,"Hàng hóa hàng ngày, giấy tờ khác (quần áo, mắt kính...)",,2023-05-10 16:17:35.000,5846819,"Hàng hóa hàng ngày, giấy tờ khác (quần áo, mắt kính...)",137,Còn hạn,Thuê Vendor tiêu hủy / Quyên góp,Phụ lục 3 (TTLT 18),GE + FPS + Vendor
18/10/2022 13:48:23,5275124,1 kiếng +áo khoác + hộp bánh + vận dụng cá nhân khác,350433872,HCM-GE,BAO 8 ,"Hàng hóa hàng ngày, giấy tờ khác (quần áo, mắt kính...)",,2022-10-18 13:48:23.000,5275124,"Hàng hóa hàng ngày, giấy tờ khác (quần áo, mắt kính...)",341,Quá hạn,Thuê Vendor tiêu hủy / Quyên góp,Phụ lục 3 (TTLT 18),GE + FPS + Vendor
2022-03-10 08:36:21,2176794,xấp giấy lô tô,343980433,HCM-GE,BAO 8 ,"Hàng hóa hàng ngày, giấy tờ khác (quần áo, mắt kính...)",,2022-10-03 08:36:21.000,2176794,"Hàng hóa hàng ngày, giấy tờ khác (quần áo, mắt kính...)",356,Quá hạn,Thuê Vendor tiêu hủy / Quyên góp,Phụ lục 3 (TTLT 18),GE + FPS + Vendor
29/10/2022,4251791,1 bịt quần áo,354877689,HCM-GE,BAO 8 ,"Hàng hóa hàng ngày, giấy tờ khác (quần áo, mắt kính...)",,2022-10-29 00:00:00.000,4251791,"Hàng hóa hàng ngày, giấy tờ khác (quần áo, mắt kính...)",331,Quá hạn,Thuê Vendor tiêu hủy / Quyên góp,Phụ lục 3 (TTLT 18),GE + FPS + Vendor
2022-03-10 16:59:24,4156527,mỹ phẩm bao màu đen,344308068,HCM-GE,BAO 8 ,"Hàng hóa hàng ngày, giấy tờ khác (quần áo, mắt kính...)",,2022-10-03 16:59:24.000,4156527,"Hàng hóa hàng ngày, giấy tờ khác (quần áo, mắt kính...)",356,Quá hạn,Thuê Vendor tiêu hủy / Quyên góp,Phụ lục 3 (TTLT 18),GE + FPS + Vendor
14/10/2022 15:51:18,6625307,quần áo đựng trong giỏ màu vàng,349030959,HCM-GE,BAO 8 ,"Hàng hóa hàng ngày, giấy tờ khác (quần áo, mắt kính...)",,2022-10-14 15:51:18.000,6625307,"Hàng hóa hàng ngày, giấy tờ khác (quần áo, mắt kính...)",345,Quá hạn,Thuê Vendor tiêu hủy / Quyên góp,Phụ lục 3 (TTLT 18),GE + FPS + Vendor
2022-10-10 13:47:34,5605745,Hộp vitamin H&H,346820274,HCM-GE,BAO 8 ,"Hàng hóa hàng ngày, giấy tờ khác (quần áo, mắt kính...)",,2022-10-10 13:47:34.000,5605745,"Hàng hóa hàng ngày, giấy tờ khác (quần áo, mắt kính...)",349,Quá hạn,Thuê Vendor tiêu hủy / Quyên góp,Phụ lục 3 (TTLT 18),GE + FPS + Vendor
21/10/2022 12:23:30,4678748,5 hộp trà Mộc Can,351424468,HCM-GE,BAO 8 ,"Hàng hóa hàng ngày, giấy tờ khác (quần áo, mắt kính...)",,2022-10-21 12:23:30.000,4678748,"Hàng hóa hàng ngày, giấy tờ khác (quần áo, mắt kính...)",338,Quá hạn,Thuê Vendor tiêu hủy / Quyên góp,Phụ lục 3 (TTLT 18),GE + FPS + Vendor
28/10/2022 13:12:20,6582962,1 mặt nạ nhựa tai thỏ,354684265,HCM-GE,BAO 8 ,"Hàng hóa hàng ngày, giấy tờ khác (quần áo, mắt kính...)",,2022-10-28 13:12:20.000,6582962,"Hàng hóa hàng ngày, giấy tờ khác (quần áo, mắt kính...)",331,Quá hạn,Thuê Vendor tiêu hủy / Quyên góp,Phụ lục 3 (TTLT 18),GE + FPS + Vendor
20/10/2022 13:26:27,6593461,bao mì mẫu (1 túi giấy + 1 hộp giấy),351414842,HCM-GE,BAO 8 ,"Hàng hóa hàng ngày, giấy tờ khác (quần áo, mắt kính...)",,2022-10-20 13:26:27.000,6593461,"Hàng hóa hàng ngày, giấy tờ khác (quần áo, mắt kính...)",339,Quá hạn,Thuê Vendor tiêu hủy / Quyên góp,Phụ lục 3 (TTLT 18),GE + FPS + Vendor
13/10/2022 16:29:10,5248848,nước hoa,348650704,HCM-GE,BAO 8 - BÌ 1 ,"Hàng hóa hàng ngày, giấy tờ khác (quần áo, mắt kính...)",,2022-10-13 16:29:10.000,5248848,"Hàng hóa hàng ngày, giấy tờ khác (quần áo, mắt kính...)",346,Quá hạn,Thuê Vendor tiêu hủy / Quyên góp,Phụ lục 3 (TTLT 18),GE + FPS + Vendor
24/10/2022 10:24:15,358075,dây điện bao màu đen,352943720,HCM-GE,BAO 8 - BÌ 1 ,"Hàng hóa hàng ngày, giấy tờ khác (quần áo, mắt kính...)",,2022-10-24 10:24:15.000,358075,"Hàng hóa hàng ngày, giấy tờ khác (quần áo, mắt kính...)",335,Quá hạn,Thuê Vendor tiêu hủy / Quyên góp,Phụ lục 3 (TTLT 18),GE + FPS + Vendor
17/10/2022 09:30:25,5546000,đồng hồ cũ,349556001,HCM-GE,BAO 8 - BÌ 1 ,"Hàng hóa hàng ngày, giấy tờ khác (quần áo, mắt kính...)",,2022-10-17 09:30:25.000,5546000,"Hàng hóa hàng ngày, giấy tờ khác (quần áo, mắt kính...)",342,Quá hạn,Thuê Vendor tiêu hủy / Quyên góp,Phụ lục 3 (TTLT 18),GE + FPS + Vendor
2022-05-10 14:10:21,5608185,hộp thuốc,345351782,HCM-GE,BAO 8 - BÌ 1 ,"Hàng hóa hàng ngày, giấy tờ khác (quần áo, mắt kính...)",,2022-10-05 14:10:21.000,5608185,"Hàng hóa hàng ngày, giấy tờ khác (quần áo, mắt kính...)",354,Quá hạn,Thuê Vendor tiêu hủy / Quyên góp,Phụ lục 3 (TTLT 18),GE + FPS + Vendor
2022-10-10 15:54:40,904964,1 cục sạc dự phòng màu trắng,346965659,HCM-GE,BAO 8 - BÌ 1 ,"Hàng hóa hàng ngày, giấy tờ khác (quần áo, mắt kính...)",,2022-10-10 15:54:40.000,904964,"Hàng hóa hàng ngày, giấy tờ khác (quần áo, mắt kính...)",349,Quá hạn,Thuê Vendor tiêu hủy / Quyên góp,Phụ lục 3 (TTLT 18),GE + FPS + Vendor
2022-10-10 15:45:39,5173828,1 biển số xe cũ,347292995,HCM-GE,BAO 8 - BÌ 1 ,"Hàng hóa hàng ngày, giấy tờ khác (quần áo, mắt kính...)",,2022-10-10 15:45:39.000,5173828,"Hàng hóa hàng ngày, giấy tờ khác (quần áo, mắt kính...)",349,Quá hạn,Thuê Vendor tiêu hủy / Quyên góp,Phụ lục 3 (TTLT 18),GE + FPS + Vendor
19/10/2022 13:23:08,6372894,hộp len,350786052,HCM-GE,BAO 8 - BÌ 1 ,"Hàng hóa hàng ngày, giấy tờ khác (quần áo, mắt kính...)",,2022-10-19 13:23:08.000,6372894,"Hàng hóa hàng ngày, giấy tờ khác (quần áo, mắt kính...)",340,Quá hạn,Thuê Vendor tiêu hủy / Quyên góp,Phụ lục 3 (TTLT 18),GE + FPS + Vendor
2022-11-10 16:15:58,5857677,1 nón màu vàng,346848983,HCM-GE,BAO 8 - BÌ 1 ,"Hàng hóa hàng ngày, giấy tờ khác (quần áo, mắt kính...)",,2022-10-11 16:15:58.000,5857677,"Hàng hóa hàng ngày, giấy tờ khác (quần áo, mắt kính...)",348,Quá hạn,Thuê Vendor tiêu hủy / Quyên góp,Phụ lục 3 (TTLT 18),GE + FPS + Vendor
18/10/2022 13:20:46,6618777,1 bịch màu vàng nhỏ đã niêm phong,350610423,HCM-GE,BAO 8 - BÌ 1 ,"Hàng hóa hàng ngày, giấy tờ khác (quần áo, mắt kính...)",,2022-10-18 13:20:46.000,6618777,"Hàng hóa hàng ngày, giấy tờ khác (quần áo, mắt kính...)",341,Quá hạn,Thuê Vendor tiêu hủy / Quyên góp,Phụ lục 3 (TTLT 18),GE + FPS + Vendor
25/10/2022 10:48:20,5093503,1 bộ quần áo,353203739,HCM-GE,BAO 8 - BÌ 1 ,"Hàng hóa hàng ngày, giấy tờ khác (quần áo, mắt kính...)",,2022-10-25 10:48:20.000,5093503,"Hàng hóa hàng ngày, giấy tờ khác (quần áo, mắt kính...)",334,Quá hạn,Thuê Vendor tiêu hủy / Quyên góp,Phụ lục 3 (TTLT 18),GE + FPS + Vendor
26/10/2022 15:10:21,1461257,10 hộp son,353908827,HCM-GE,BAO 8 - BÌ 1 ,"Hàng hóa hàng ngày, giấy tờ khác (quần áo, mắt kính...)",,2022-10-26 15:10:21.000,1461257,"Hàng hóa hàng ngày, giấy tờ khác (quần áo, mắt kính...)",333,Quá hạn,Thuê Vendor tiêu hủy / Quyên góp,Phụ lục 3 (TTLT 18),GE + FPS + Vendor
15/10/2022 16:08:23,1979613,1 bịch màu đen có miếng vải ở trong,349468215,HCM-GE,BAO 8 - BÌ 1 ,"Hàng hóa hàng ngày, giấy tờ khác (quần áo, mắt kính...)",,2022-10-15 16:08:23.000,1979613,"Hàng hóa hàng ngày, giấy tờ khác (quần áo, mắt kính...)",344,Quá hạn,Thuê Vendor tiêu hủy / Quyên góp,Phụ lục 3 (TTLT 18),GE + FPS + Vendor
31/10/2022 08:45:57,3363692,1 hoojjp thước hapacol,355248110,HCM-GE,BAO 8 - BÌ 1 ,"Hàng hóa hàng ngày, giấy tờ khác (quần áo, mắt kính...)",,2022-10-31 08:45:57.000,3363692,"Hàng hóa hàng ngày, giấy tờ khác (quần áo, mắt kính...)",328,Quá hạn,Thuê Vendor tiêu hủy / Quyên góp,Phụ lục 3 (TTLT 18),GE + FPS + Vendor
28/10/2022 16:55:38,3352987,1 vòng + 1 cmnd,353934537,HCM-GE,BAO 8 - BÌ 1 ,"Hàng hóa hàng ngày, giấy tờ khác (quần áo, mắt kính...)",,2022-10-28 16:55:38.000,3352987,"Hàng hóa hàng ngày, giấy tờ khác (quần áo, mắt kính...)",331,Quá hạn,Thuê Vendor tiêu hủy / Quyên góp,Phụ lục 3 (TTLT 18),GE + FPS + Vendor
31/10/2022 10:09:13,6332489,bính xăng xe máy,355537049,HCM-GE,BAO 8 - BÌ 1 ,"Hàng hóa hàng ngày, giấy tờ khác (quần áo, mắt kính...)",,2022-10-31 10:09:13.000,6332489,"Hàng hóa hàng ngày, giấy tờ khác (quần áo, mắt kính...)",328,Quá hạn,Thuê Vendor tiêu hủy / Quyên góp,Phụ lục 3 (TTLT 18),GE + FPS + Vendor
2022-05-10 18:04:36,2850411,hồ sơ,345275902,HCM-GE,BAO 8 - BÌ 1 ,"Hàng hóa hàng ngày, giấy tờ khác (quần áo, mắt kính...)",,2022-10-05 18:04:36.000,2850411,"Hàng hóa hàng ngày, giấy tờ khác (quần áo, mắt kính...)",354,Quá hạn,Thuê Vendor tiêu hủy / Quyên góp,Phụ lục 3 (TTLT 18),GE + FPS + Vendor
27/10/2022 16:56:31,5100701,1 tệp hồ sơ,354312098,HCM-GE,BAO 8 - BÌ 1 ,"Hàng hóa hàng ngày, giấy tờ khác (quần áo, mắt kính...)",,2022-10-27 16:56:31.000,5100701,"Hàng hóa hàng ngày, giấy tờ khác (quần áo, mắt kính...)",332,Quá hạn,Thuê Vendor tiêu hủy / Quyên góp,Phụ lục 3 (TTLT 18),GE + FPS + Vendor
2022-04-10 08:27:56,6474443,hồ sơ,344576878,HCM-GE,BAO 8 - BÌ 1 ,"Hàng hóa hàng ngày, giấy tờ khác (quần áo, mắt kính...)",,2022-10-04 08:27:56.000,6474443,"Hàng hóa hàng ngày, giấy tờ khác (quần áo, mắt kính...)",355,Quá hạn,Thuê Vendor tiêu hủy / Quyên góp,Phụ lục 3 (TTLT 18),GE + FPS + Vendor
21/10/2022 10:04:09,3636138,1 bộ hồ sơ + 1 thẻ sim mobi,351564844,HCM-GE,BAO 8 - BÌ 1 ,"Hàng hóa hàng ngày, giấy tờ khác (quần áo, mắt kính...)",,2022-10-21 10:04:09.000,3636138,"Hàng hóa hàng ngày, giấy tờ khác (quần áo, mắt kính...)",338,Quá hạn,Thuê Vendor tiêu hủy / Quyên góp,Phụ lục 3 (TTLT 18),GE + FPS + Vendor
24/10/2022 15:08:59,6631169,1 bìa thư,353106250,HCM-GE,BAO 8 - BÌ 1 ,"Hàng hóa hàng ngày, giấy tờ khác (quần áo, mắt kính...)",,2022-10-24 15:08:59.000,6631169,"Hàng hóa hàng ngày, giấy tờ khác (quần áo, mắt kính...)",335,Quá hạn,Thuê Vendor tiêu hủy / Quyên góp,Phụ lục 3 (TTLT 18),GE + FPS + Vendor
2023-09-18 11:06:18,6691163,dụng cụ tập bơi,473096604,HCM-GE,BAO 10- BÌ 2,"Hàng hóa hàng ngày, giấy tờ khác (quần áo, mắt kính...)",,2023-09-18 11:06:18.000,6691163,"Hàng hóa hàng ngày, giấy tờ khác (quần áo, mắt kính...)",6,Còn hạn,Thuê Vendor tiêu hủy / Quyên góp,Phụ lục 3 (TTLT 18),GE + FPS + Vendor
2023-09-11 18:14:58,5624124,1 gói hàng màu hồng,471754378,HCM-GE,BAO 10- BÌ 2,"Hàng hóa hàng ngày, giấy tờ khác (quần áo, mắt kính...)",,2023-11-09 18:14:58.000,5624124,"Hàng hóa hàng ngày, giấy tờ khác (quần áo, mắt kính...)",-46,Còn hạn,Thuê Vendor tiêu hủy / Quyên góp,Phụ lục 3 (TTLT 18),GE + FPS + Vendor
2023-09-11 18:00:17,3261733,1 bịch đen chứa đồ điện,471830504,HCM-GE,BAO 10- BÌ 2,"Hàng hóa hàng ngày, giấy tờ khác (quần áo, mắt kính...)",,2023-11-09 18:00:17.000,3261733,"Hàng hóa hàng ngày, giấy tờ khác (quần áo, mắt kính...)",-46,Còn hạn,Thuê Vendor tiêu hủy / Quyên góp,Phụ lục 3 (TTLT 18),GE + FPS + Vendor
2023-09-12 15:41:57,7055201,1 remote máy lạnh,471935494,HCM-GE,BAO 10- BÌ 5,"Hàng hóa hàng ngày, giấy tờ khác (quần áo, mắt kính...)",,2023-12-09 15:41:57.000,7055201,"Hàng hóa hàng ngày, giấy tờ khác (quần áo, mắt kính...)",-76,Còn hạn,Thuê Vendor tiêu hủy / Quyên góp,Phụ lục 3 (TTLT 18),GE + FPS + Vendor
2023-09-11 18:11:24,153703,1 máy tính bảng,471741679,HCM-GE,BAO 10- BÌ 5,"Hàng hóa hàng ngày, giấy tờ khác (quần áo, mắt kính...)",,2023-11-09 18:11:24.000,153703,"Hàng hóa hàng ngày, giấy tờ khác (quần áo, mắt kính...)",-46,Còn hạn,Thuê Vendor tiêu hủy / Quyên góp,Phụ lục 3 (TTLT 18),GE + FPS + Vendor
2023-06-16 12:01:41,3826353,nắp nhựa,441081487,HCM-GE,BAO 11- BÌ 1 ,"Hàng hóa hàng ngày, giấy tờ khác (quần áo, mắt kính...)",,2023-06-16 12:01:41.000,3826353,"Hàng hóa hàng ngày, giấy tờ khác (quần áo, mắt kính...)",100,Còn hạn,Thuê Vendor tiêu hủy / Quyên góp,Phụ lục 3 (TTLT 18),GE + FPS + Vendor
2023-06-13 15:10:55,6590050,1 bộ quần áo,439605417,HCM-GE,BAO 11- BÌ 1 ,"Hàng hóa hàng ngày, giấy tờ khác (quần áo, mắt kính...)",,2023-06-13 15:10:55.000,6590050,"Hàng hóa hàng ngày, giấy tờ khác (quần áo, mắt kính...)",103,Còn hạn,Thuê Vendor tiêu hủy / Quyên góp,Phụ lục 3 (TTLT 18),GE + FPS + Vendor
2023-06-30 10:01:28,6765331,1 gói hàng màu hồng,445640201,HCM-GE,BAO 11- BÌ 1 ,"Hàng hóa hàng ngày, giấy tờ khác (quần áo, mắt kính...)",,2023-06-30 10:01:28.000,6765331,"Hàng hóa hàng ngày, giấy tờ khác (quần áo, mắt kính...)",86,Còn hạn,Thuê Vendor tiêu hủy / Quyên góp,Phụ lục 3 (TTLT 18),GE + FPS + Vendor
2023-06-13 08:44:46,4938064,1 hộp giấy gói kín,439926169,HCM-GE,BAO 11- BÌ 1 ,"Hàng hóa hàng ngày, giấy tờ khác (quần áo, mắt kính...)",,2023-06-13 08:44:46.000,4938064,"Hàng hóa hàng ngày, giấy tờ khác (quần áo, mắt kính...)",103,Còn hạn,Thuê Vendor tiêu hủy / Quyên góp,Phụ lục 3 (TTLT 18),GE + FPS + Vendor
2023-06-20 15:01:50,6602231,1 bịch bột ron,442252230,HCM-GE,BAO 11- BÌ 1 ,"Hàng hóa hàng ngày, giấy tờ khác (quần áo, mắt kính...)",,2023-06-20 15:01:50.000,6602231,"Hàng hóa hàng ngày, giấy tờ khác (quần áo, mắt kính...)",96,Còn hạn,Thuê Vendor tiêu hủy / Quyên góp,Phụ lục 3 (TTLT 18),GE + FPS + Vendor
2023-06-06 12:05:44,6559806,quần áo,437604223,HCM-GE,BAO 11- BÌ 1 ,"Hàng hóa hàng ngày, giấy tờ khác (quần áo, mắt kính...)",,2023-06-06 12:05:44.000,6559806,"Hàng hóa hàng ngày, giấy tờ khác (quần áo, mắt kính...)",110,Còn hạn,Thuê Vendor tiêu hủy / Quyên góp,Phụ lục 3 (TTLT 18),GE + FPS + Vendor
2023-06-22 16:54:12,6720167,1 bình nước,443222179,HCM-GE,BAO 11- BÌ 1 ,"Hàng hóa hàng ngày, giấy tờ khác (quần áo, mắt kính...)",,2023-06-22 16:54:12.000,6720167,"Hàng hóa hàng ngày, giấy tờ khác (quần áo, mắt kính...)",94,Còn hạn,Thuê Vendor tiêu hủy / Quyên góp,Phụ lục 3 (TTLT 18),GE + FPS + Vendor
2023-06-19 16:21:07,4465846,1 bịch đồ có 1 cái áo,442170293,HCM-GE,BAO 11- BÌ 1 ,"Hàng hóa hàng ngày, giấy tờ khác (quần áo, mắt kính...)",,2023-06-19 16:21:07.000,4465846,"Hàng hóa hàng ngày, giấy tờ khác (quần áo, mắt kính...)",97,Còn hạn,Thuê Vendor tiêu hủy / Quyên góp,Phụ lục 3 (TTLT 18),GE + FPS + Vendor
2023-06-28 14:08:07,5744068,1 đôi giày cũ,445175735,HCM-GE,BAO 11- BÌ 1 ,"Hàng hóa hàng ngày, giấy tờ khác (quần áo, mắt kính...)",,2023-06-28 14:08:07.000,5744068,"Hàng hóa hàng ngày, giấy tờ khác (quần áo, mắt kính...)",88,Còn hạn,Thuê Vendor tiêu hủy / Quyên góp,Phụ lục 3 (TTLT 18),GE + FPS + Vendor
2023-06-15 14:32:26,6589114,quần áo cũ,440781718,HCM-GE,BAO 11- BÌ 1 ,"Hàng hóa hàng ngày, giấy tờ khác (quần áo, mắt kính...)",,2023-06-15 14:32:26.000,6589114,"Hàng hóa hàng ngày, giấy tờ khác (quần áo, mắt kính...)",101,Còn hạn,Thuê Vendor tiêu hủy / Quyên góp,Phụ lục 3 (TTLT 18),GE + FPS + Vendor
2023-06-20 16:01:31,5780571,1 hộp giấy shopee,442477422,HCM-GE,BAO 12 - BÌ 1 ,"Hàng hóa hàng ngày, giấy tờ khác (quần áo, mắt kính...)",,2023-06-20 16:01:31.000,5780571,"Hàng hóa hàng ngày, giấy tờ khác (quần áo, mắt kính...)",96,Còn hạn,Thuê Vendor tiêu hủy / Quyên góp,Phụ lục 3 (TTLT 18),GE + FPS + Vendor
2023-07-27 13:29:11,5643393,1 bịch nilong màu hồng của shopee,455383424,HCM-GE,BAO 12 - BÌ 1 ,"Hàng hóa hàng ngày, giấy tờ khác (quần áo, mắt kính...)",,2023-07-27 13:29:11.000,5643393,"Hàng hóa hàng ngày, giấy tờ khác (quần áo, mắt kính...)",59,Còn hạn,Thuê Vendor tiêu hủy / Quyên góp,Phụ lục 3 (TTLT 18),GE + FPS + Vendor
2023-07-28 13:55:56,5402619,1 bì thư,455713570,HCM-GE,BAO 12 - BÌ 1 ,"Hàng hóa hàng ngày, giấy tờ khác (quần áo, mắt kính...)",,2023-07-28 13:55:56.000,5402619,"Hàng hóa hàng ngày, giấy tờ khác (quần áo, mắt kính...)",58,Còn hạn,Thuê Vendor tiêu hủy / Quyên góp,Phụ lục 3 (TTLT 18),GE + FPS + Vendor
2023-07-21 09:02:54,3187117,1 BỌC MÀU ĐỎ,452952184,HCM-GE,BAO 12 - BÌ 1 ,"Hàng hóa hàng ngày, giấy tờ khác (quần áo, mắt kính...)",,2023-07-21 09:02:54.000,3187117,"Hàng hóa hàng ngày, giấy tờ khác (quần áo, mắt kính...)",65,Còn hạn,Thuê Vendor tiêu hủy / Quyên góp,Phụ lục 3 (TTLT 18),GE + FPS + Vendor
2023-06-13 15:10:55,6590050,1 bộ quần áo,439605417,HCM-GE,BAO 12 - BÌ 1 ,"Hàng hóa hàng ngày, giấy tờ khác (quần áo, mắt kính...)",,2023-06-13 15:10:55.000,6590050,"Hàng hóa hàng ngày, giấy tờ khác (quần áo, mắt kính...)",103,Còn hạn,Thuê Vendor tiêu hủy / Quyên góp,Phụ lục 3 (TTLT 18),GE + FPS + Vendor
,6738296,hồ sơ Nam Á Bank (đã thanh toán),452196199,HCM-GE,BAO 12 - BÌ 1 ,"Hàng hóa hàng ngày, giấy tờ khác (quần áo, mắt kính...)",,,6738296,"Hàng hóa hàng ngày, giấy tờ khác (quần áo, mắt kính...)",999,Quá hạn,Thuê Vendor tiêu hủy / Quyên góp,Phụ lục 3 (TTLT 18),GE + FPS + Vendor
2023-07-28 14:05:42,6687527,2 miếng nhôm mẫu,455640928,HCM-GE,BAO 12 - BÌ 1 ,"Hàng hóa hàng ngày, giấy tờ khác (quần áo, mắt kính...)",,2023-07-28 14:05:42.000,6687527,"Hàng hóa hàng ngày, giấy tờ khác (quần áo, mắt kính...)",58,Còn hạn,Thuê Vendor tiêu hủy / Quyên góp,Phụ lục 3 (TTLT 18),GE + FPS + Vendor
2023-07-31 16:39:27,3212219,1 gói hàng dán kín,456778611,HCM-GE,BAO 12 - BÌ 1 ,"Hàng hóa hàng ngày, giấy tờ khác (quần áo, mắt kính...)",,2023-07-31 16:39:27.000,3212219,"Hàng hóa hàng ngày, giấy tờ khác (quần áo, mắt kính...)",55,Còn hạn,Thuê Vendor tiêu hủy / Quyên góp,Phụ lục 3 (TTLT 18),GE + FPS + Vendor
2023-07-20 16:42:17,1860333,1 túi nilong màu xanh lá,452911878,HCM-GE,BAO 12 - BÌ 1 ,"Hàng hóa hàng ngày, giấy tờ khác (quần áo, mắt kính...)",,2023-07-20 16:42:17.000,1860333,"Hàng hóa hàng ngày, giấy tờ khác (quần áo, mắt kính...)",66,Còn hạn,Thuê Vendor tiêu hủy / Quyên góp,Phụ lục 3 (TTLT 18),GE + FPS + Vendor
2023-04-09 13:57:33,2731219,1 cái khăn + 3 ống nhựa,468097407,HCM-GE,BAO 8,"Hàng hóa hàng ngày, giấy tờ khác (quần áo, mắt kính...)",,2023-09-04 13:57:33.000,2731219,"Hàng hóa hàng ngày, giấy tờ khác (quần áo, mắt kính...)",20,Còn hạn,Thuê Vendor tiêu hủy / Quyên góp,Phụ lục 3 (TTLT 18),GE + FPS + Vendor
14/10/2022 16:40:31,1278009,1 quần jean - niêm phong bằng túi màu hồng,349103719,HCM-GE,BAO 8,"Hàng hóa hàng ngày, giấy tờ khác (quần áo, mắt kính...)",,2022-10-14 16:40:31.000,1278009,"Hàng hóa hàng ngày, giấy tờ khác (quần áo, mắt kính...)",345,Quá hạn,Thuê Vendor tiêu hủy / Quyên góp,Phụ lục 3 (TTLT 18),GE + FPS + Vendor
31/10/2022 08:23:58,4432575,quần áo đã niêm phong,355169381,HCM-GE,BAO 8,"Hàng hóa hàng ngày, giấy tờ khác (quần áo, mắt kính...)",,2022-10-31 08:23:58.000,4432575,"Hàng hóa hàng ngày, giấy tờ khác (quần áo, mắt kính...)",328,Quá hạn,Thuê Vendor tiêu hủy / Quyên góp,Phụ lục 3 (TTLT 18),GE + FPS + Vendor
2023-09-14 17:01:52,2707837,1 ổ cứng,472693061,HCM-GE,"BAO 10, BÌ 5","Hàng hóa hàng ngày, giấy tờ khác (quần áo, mắt kính...)",,2023-09-14 17:01:52.000,2707837,"Hàng hóa hàng ngày, giấy tờ khác (quần áo, mắt kính...)",10,Còn hạn,Thuê Vendor tiêu hủy / Quyên góp,Phụ lục 3 (TTLT 18),GE + FPS + Vendor
2023-09-07 09:34:35,6720678,1 cái điện thoại oppo,470155289,HCM-GE,"BAO 10, BÌ 5","Hàng hóa hàng ngày, giấy tờ khác (quần áo, mắt kính...)",,2023-07-09 09:34:35.000,6720678,"Hàng hóa hàng ngày, giấy tờ khác (quần áo, mắt kính...)",77,Còn hạn,Thuê Vendor tiêu hủy / Quyên góp,Phụ lục 3 (TTLT 18),GE + FPS + Vendor
2023-09-04 14:33:45,179053,1 gói hàng,469237438,HCM-GE,"BAO 10, BÌ 5","Hàng hóa hàng ngày, giấy tờ khác (quần áo, mắt kính...)",,2023-04-09 14:33:45.000,179053,"Hàng hóa hàng ngày, giấy tờ khác (quần áo, mắt kính...)",168,Còn hạn,Thuê Vendor tiêu hủy / Quyên góp,Phụ lục 3 (TTLT 18),GE + FPS + Vendor
2023-09-04 11:47:00,318874,1 điện thoai realmi,465007461,HCM-GE,"BAO 10, BÌ 5","Hàng hóa hàng ngày, giấy tờ khác (quần áo, mắt kính...)",,2023-04-09 11:47:00.000,318874,"Hàng hóa hàng ngày, giấy tờ khác (quần áo, mắt kính...)",168,Còn hạn,Thuê Vendor tiêu hủy / Quyên góp,Phụ lục 3 (TTLT 18),GE + FPS + Vendor
2023-09-14 15:31:25,5204432,1 chai nước hóa,472374600,HCM-GE,"BAO 10, BÌ 5","Hàng hóa hàng ngày, giấy tờ khác (quần áo, mắt kính...)",,2023-09-14 15:31:25.000,5204432,"Hàng hóa hàng ngày, giấy tờ khác (quần áo, mắt kính...)",10,Còn hạn,Thuê Vendor tiêu hủy / Quyên góp,Phụ lục 3 (TTLT 18),GE + FPS + Vendor
2023-09-14 14:48:50,6822735,1 bịch đen chứa quần áo,472642452,HCM-GE,"BAO 10, BÌ 5","Hàng hóa hàng ngày, giấy tờ khác (quần áo, mắt kính...)",,2023-09-14 14:48:50.000,6822735,"Hàng hóa hàng ngày, giấy tờ khác (quần áo, mắt kính...)",10,Còn hạn,Thuê Vendor tiêu hủy / Quyên góp,Phụ lục 3 (TTLT 18),GE + FPS + Vendor
2023-09-11 15:50:48,4705564,1 chai thuốc,471683195,HCM-GE,"BAO 10, BÌ 5","Hàng hóa hàng ngày, giấy tờ khác (quần áo, mắt kính...)",,2023-11-09 15:50:48.000,4705564,"Hàng hóa hàng ngày, giấy tờ khác (quần áo, mắt kính...)",-46,Còn hạn,Thuê Vendor tiêu hủy / Quyên góp,Phụ lục 3 (TTLT 18),GE + FPS + Vendor
2023-09-21 15:51:07,6563398,1 gói hàng shopee màu xanh,474912325,HCM-GE,"BAO 10, BÌ 5","Hàng hóa hàng ngày, giấy tờ khác (quần áo, mắt kính...)",,2023-09-21 15:51:07.000,6563398,"Hàng hóa hàng ngày, giấy tờ khác (quần áo, mắt kính...)",3,Còn hạn,Thuê Vendor tiêu hủy / Quyên góp,Phụ lục 3 (TTLT 18),GE + FPS + Vendor
2023-09-06 09:22:21,6354849,màn hình điện thoại,469596709,HCM-GE,"BAO 10, BÌ 5","Hàng hóa hàng ngày, giấy tờ khác (quần áo, mắt kính...)",,2023-06-09 09:22:21.000,6354849,"Hàng hóa hàng ngày, giấy tờ khác (quần áo, mắt kính...)",107,Còn hạn,Thuê Vendor tiêu hủy / Quyên góp,Phụ lục 3 (TTLT 18),GE + FPS + Vendor
2023-09-01 13:37:02,3418422,1  củ sạc và hộp tai nghe đã cũ,466764061,HCM-GE,"BAO 10, BÌ 5","Hàng hóa hàng ngày, giấy tờ khác (quần áo, mắt kính...)",,2023-01-09 13:37:02.000,3418422,"Hàng hóa hàng ngày, giấy tờ khác (quần áo, mắt kính...)",258,Quá hạn,Thuê Vendor tiêu hủy / Quyên góp,Phụ lục 3 (TTLT 18),GE + FPS + Vendor
2023-09-14 14:44:45,6776895,1 chai nước hoa còn nguyên siu,472631228,HCM-GE,"BAO 10, BÌ 5","Hàng hóa hàng ngày, giấy tờ khác (quần áo, mắt kính...)",,2023-09-14 14:44:45.000,6776895,"Hàng hóa hàng ngày, giấy tờ khác (quần áo, mắt kính...)",10,Còn hạn,Thuê Vendor tiêu hủy / Quyên góp,Phụ lục 3 (TTLT 18),GE + FPS + Vendor
2023-09-15 13:30:36,6692929,2 hủ maya,472951151,HCM-GE,"BAO 10, BÌ 5","Hàng hóa hàng ngày, giấy tờ khác (quần áo, mắt kính...)",,2023-09-15 13:30:36.000,6692929,"Hàng hóa hàng ngày, giấy tờ khác (quần áo, mắt kính...)",9,Còn hạn,Thuê Vendor tiêu hủy / Quyên góp,Phụ lục 3 (TTLT 18),GE + FPS + Vendor
2023-09-05 15:31:13,6459653,3 màn hình điện thoại cũ,464428251,HCM-GE,"BAO 10, BÌ 5","Hàng hóa hàng ngày, giấy tờ khác (quần áo, mắt kính...)",,2023-05-09 15:31:13.000,6459653,"Hàng hóa hàng ngày, giấy tờ khác (quần áo, mắt kính...)",138,Còn hạn,Thuê Vendor tiêu hủy / Quyên góp,Phụ lục 3 (TTLT 18),GE + FPS + Vendor
2023-09-12 09:36:51,5798845,1 chai nước hoa,471891453,HCM-GE,"BAO 10, BÌ 5","Hàng hóa hàng ngày, giấy tờ khác (quần áo, mắt kính...)",,2023-12-09 09:36:51.000,5798845,"Hàng hóa hàng ngày, giấy tờ khác (quần áo, mắt kính...)",-76,Còn hạn,Thuê Vendor tiêu hủy / Quyên góp,Phụ lục 3 (TTLT 18),GE + FPS + Vendor
2023-06-08 08:26:13,6672741,1 cục hàng màu nâu niêm phong,438318064,HCM-GE,BAO 11. BÌ 4,"Hàng hóa hàng ngày, giấy tờ khác (quần áo, mắt kính...)",,2023-08-06 08:26:13.000,6672741,"Hàng hóa hàng ngày, giấy tờ khác (quần áo, mắt kính...)",49,Còn hạn,Thuê Vendor tiêu hủy / Quyên góp,Phụ lục 3 (TTLT 18),GE + FPS + Vendor
2023-06-20 16:01:31,5780571,1 bịch quần áo màu đỏ,442477422,HCM-GE,BAO 11. BÌ 4,"Hàng hóa hàng ngày, giấy tờ khác (quần áo, mắt kính...)",,2023-06-20 16:01:31.000,5780571,"Hàng hóa hàng ngày, giấy tờ khác (quần áo, mắt kính...)",96,Còn hạn,Thuê Vendor tiêu hủy / Quyên góp,Phụ lục 3 (TTLT 18),GE + FPS + Vendor
2023-06-09 13:22:07,4887911,1 cái muỗng,438465616,HCM-GE,BAO 11. BÌ 4,"Hàng hóa hàng ngày, giấy tờ khác (quần áo, mắt kính...)",,2023-09-06 13:22:07.000,4887911,"Hàng hóa hàng ngày, giấy tờ khác (quần áo, mắt kính...)",18,Còn hạn,Thuê Vendor tiêu hủy / Quyên góp,Phụ lục 3 (TTLT 18),GE + FPS + Vendor
2023-06-14 15:06:47,3667330,1 ốp lưng,440170716,HCM-GE,BAO 11. BÌ 4,"Hàng hóa hàng ngày, giấy tờ khác (quần áo, mắt kính...)",,2023-06-14 15:06:47.000,3667330,"Hàng hóa hàng ngày, giấy tờ khác (quần áo, mắt kính...)",102,Còn hạn,Thuê Vendor tiêu hủy / Quyên góp,Phụ lục 3 (TTLT 18),GE + FPS + Vendor
2023-06-30 08:48:44,362774,1 túi xách,445667124,HCM-GE,BAO 11. BÌ 4,"Hàng hóa hàng ngày, giấy tờ khác (quần áo, mắt kính...)",,2023-06-30 08:48:44.000,362774,"Hàng hóa hàng ngày, giấy tờ khác (quần áo, mắt kính...)",86,Còn hạn,Thuê Vendor tiêu hủy / Quyên góp,Phụ lục 3 (TTLT 18),GE + FPS + Vendor
2023-06-30 13:18:13,3131355,1 cục hàng màu đen niêm phong,445883891,HCM-GE,BAO 11. BÌ 4,"Hàng hóa hàng ngày, giấy tờ khác (quần áo, mắt kính...)",,2023-06-30 13:18:13.000,3131355,"Hàng hóa hàng ngày, giấy tờ khác (quần áo, mắt kính...)",86,Còn hạn,Thuê Vendor tiêu hủy / Quyên góp,Phụ lục 3 (TTLT 18),GE + FPS + Vendor
2023-06-22 16:30:00,5628036,1 hộp nước hoa gồm 3 chai nhỏ,443111915,HCM-GE,BAO 11. BÌ 4,"Hàng hóa hàng ngày, giấy tờ khác (quần áo, mắt kính...)",,2023-06-22 16:30:00.000,5628036,"Hàng hóa hàng ngày, giấy tờ khác (quần áo, mắt kính...)",94,Còn hạn,Thuê Vendor tiêu hủy / Quyên góp,Phụ lục 3 (TTLT 18),GE + FPS + Vendor
2023-06-22 09:25:55,6797821,1 cái điện thoại niêm phong,442918332,HCM-GE,BAO 11. BÌ 4,"Hàng hóa hàng ngày, giấy tờ khác (quần áo, mắt kính...)",,2023-06-22 09:25:55.000,6797821,"Hàng hóa hàng ngày, giấy tờ khác (quần áo, mắt kính...)",94,Còn hạn,Thuê Vendor tiêu hủy / Quyên góp,Phụ lục 3 (TTLT 18),GE + FPS + Vendor
2023-06-19 11:10:05,6621791,1 bịch đồ của Shopee màu đỏ. bên trong là khẩu trang,441870617,HCM-GE,BAO 11. BÌ 4,"Hàng hóa hàng ngày, giấy tờ khác (quần áo, mắt kính...)",,2023-06-19 11:10:05.000,6621791,"Hàng hóa hàng ngày, giấy tờ khác (quần áo, mắt kính...)",97,Còn hạn,Thuê Vendor tiêu hủy / Quyên góp,Phụ lục 3 (TTLT 18),GE + FPS + Vendor
2023-06-15 15:46:56,6287290,1 bì thư,440816586,HCM-GE,BAO 11. BÌ 4,"Hàng hóa hàng ngày, giấy tờ khác (quần áo, mắt kính...)",,2023-06-15 15:46:56.000,6287290,"Hàng hóa hàng ngày, giấy tờ khác (quần áo, mắt kính...)",101,Còn hạn,Thuê Vendor tiêu hủy / Quyên góp,Phụ lục 3 (TTLT 18),GE + FPS + Vendor
2023-06-01 10:44:09,5819361,1 bì thư,436056574,HCM-GE,BAO 11. BÌ 4,"Hàng hóa hàng ngày, giấy tờ khác (quần áo, mắt kính...)",,2023-01-06 10:44:09.000,5819361,"Hàng hóa hàng ngày, giấy tờ khác (quần áo, mắt kính...)",261,Quá hạn,Thuê Vendor tiêu hủy / Quyên góp,Phụ lục 3 (TTLT 18),GE + FPS + Vendor
2023-06-30 13:41:43,6708883,1 bìa hồ sơ,444714622,HCM-GE,BAO 11. BÌ 4,"Hàng hóa hàng ngày, giấy tờ khác (quần áo, mắt kính...)",,2023-06-30 13:41:43.000,6708883,"Hàng hóa hàng ngày, giấy tờ khác (quần áo, mắt kính...)",86,Còn hạn,Thuê Vendor tiêu hủy / Quyên góp,Phụ lục 3 (TTLT 18),GE + FPS + Vendor
2023-06-27 13:31:58,4293742,1 bìa thư,444789132,HCM-GE,BAO 11. BÌ 4,"Hàng hóa hàng ngày, giấy tờ khác (quần áo, mắt kính...)",,2023-06-27 13:31:58.000,4293742,"Hàng hóa hàng ngày, giấy tờ khác (quần áo, mắt kính...)",89,Còn hạn,Thuê Vendor tiêu hủy / Quyên góp,Phụ lục 3 (TTLT 18),GE + FPS + Vendor
2023-06-05 11:37:41,5812420,1 bìa thư,437351680,HCM-GE,BAO 11. BÌ 4,"Hàng hóa hàng ngày, giấy tờ khác (quần áo, mắt kính...)",,2023-05-06 11:37:41.000,5812420,"Hàng hóa hàng ngày, giấy tờ khác (quần áo, mắt kính...)",141,Còn hạn,Thuê Vendor tiêu hủy / Quyên góp,Phụ lục 3 (TTLT 18),GE + FPS + Vendor
2023-06-20 10:34:03,6615175,1 bịch tả,442345656,HCM-GE,"BAO 11, BÌ 5","Hàng hóa hàng ngày, giấy tờ khác (quần áo, mắt kính...)",,2023-06-20 10:34:03.000,6615175,"Hàng hóa hàng ngày, giấy tờ khác (quần áo, mắt kính...)",96,Còn hạn,Thuê Vendor tiêu hủy / Quyên góp,Phụ lục 3 (TTLT 18),GE + FPS + Vendor
2023-06-07 08:31:37,6811933,1 hộp giáy  bên trong là 1 quần jean không có niêm phong,437851150,HCM-GE,"BAO 11, BÌ 5","Hàng hóa hàng ngày, giấy tờ khác (quần áo, mắt kính...)",,2023-07-06 08:31:37.000,6811933,"Hàng hóa hàng ngày, giấy tờ khác (quần áo, mắt kính...)",80,Còn hạn,Thuê Vendor tiêu hủy / Quyên góp,Phụ lục 3 (TTLT 18),GE + FPS + Vendor
2023-06-17 09:52:02,6540795,1 đèn chiếu sáng,441216453,HCM-GE,"BAO 11, BÌ 5","Hàng hóa hàng ngày, giấy tờ khác (quần áo, mắt kính...)",,2023-06-17 09:52:02.000,6540795,"Hàng hóa hàng ngày, giấy tờ khác (quần áo, mắt kính...)",99,Còn hạn,Thuê Vendor tiêu hủy / Quyên góp,Phụ lục 3 (TTLT 18),GE + FPS + Vendor
2023-06-23 10:46:57,5618708,1 cái đầm trắng,443379470,HCM-GE,"BAO 11, BÌ 5","Hàng hóa hàng ngày, giấy tờ khác (quần áo, mắt kính...)",,2023-06-23 10:46:57.000,5618708,"Hàng hóa hàng ngày, giấy tờ khác (quần áo, mắt kính...)",93,Còn hạn,Thuê Vendor tiêu hủy / Quyên góp,Phụ lục 3 (TTLT 18),GE + FPS + Vendor
2023-07-08 13:58:09,4500722,1 đt Samsung (còn lên nguồn),448443375,HCM-GE,BAO 12 - BÌ 2,"Hàng hóa hàng ngày, giấy tờ khác (quần áo, mắt kính...)",,2023-08-07 13:58:09.000,4500722,"Hàng hóa hàng ngày, giấy tờ khác (quần áo, mắt kính...)",48,Còn hạn,Thuê Vendor tiêu hủy / Quyên góp,Phụ lục 3 (TTLT 18),GE + FPS + Vendor
2023-07-01 11:06:30,6659546,2 cái áo dài,446004749,HCM-GE,BAO 12 - BÌ 2,"Hàng hóa hàng ngày, giấy tờ khác (quần áo, mắt kính...)",,2023-01-07 11:06:30.000,6659546,"Hàng hóa hàng ngày, giấy tờ khác (quần áo, mắt kính...)",260,Quá hạn,Thuê Vendor tiêu hủy / Quyên góp,Phụ lục 3 (TTLT 18),GE + FPS + Vendor
2023-07-03 17:23:48,3796778,1 cây băng keo (6 cuộn),446868629,HCM-GE,BAO 12 - BÌ 2,"Hàng hóa hàng ngày, giấy tờ khác (quần áo, mắt kính...)",,2023-03-07 17:23:48.000,3796778,"Hàng hóa hàng ngày, giấy tờ khác (quần áo, mắt kính...)",201,Quá hạn,Thuê Vendor tiêu hủy / Quyên góp,Phụ lục 3 (TTLT 18),GE + FPS + Vendor
2023-07-07 15:52:11,1404046,1 cục hàng niêm phong,448316133,HCM-GE,BAO 12 - BÌ 2,"Hàng hóa hàng ngày, giấy tờ khác (quần áo, mắt kính...)",,2023-07-07 15:52:11.000,1404046,"Hàng hóa hàng ngày, giấy tờ khác (quần áo, mắt kính...)",79,Còn hạn,Thuê Vendor tiêu hủy / Quyên góp,Phụ lục 3 (TTLT 18),GE + FPS + Vendor
2023-07-05 10:03:01,6660141,quần áo,447500811,HCM-GE,BAO 12 - BÌ 2,"Hàng hóa hàng ngày, giấy tờ khác (quần áo, mắt kính...)",,2023-05-07 10:03:01.000,6660141,"Hàng hóa hàng ngày, giấy tờ khác (quần áo, mắt kính...)",140,Còn hạn,Thuê Vendor tiêu hủy / Quyên góp,Phụ lục 3 (TTLT 18),GE + FPS + Vendor
2023-07-01 08:25:48,6462297,1 bịch nắp chai,445998354,HCM-GE,BAO 12 - BÌ 2,"Hàng hóa hàng ngày, giấy tờ khác (quần áo, mắt kính...)",,2023-01-07 08:25:48.000,6462297,"Hàng hóa hàng ngày, giấy tờ khác (quần áo, mắt kính...)",260,Quá hạn,Thuê Vendor tiêu hủy / Quyên góp,Phụ lục 3 (TTLT 18),GE + FPS + Vendor
2023-07-10 16:00:33,902550,2 sim điện thoại đã dùng,449075331,HCM-GE,BAO 12 - BÌ 2,"Hàng hóa hàng ngày, giấy tờ khác (quần áo, mắt kính...)",,2023-10-07 16:00:33.000,902550,"Hàng hóa hàng ngày, giấy tờ khác (quần áo, mắt kính...)",-13,Còn hạn,Thuê Vendor tiêu hủy / Quyên góp,Phụ lục 3 (TTLT 18),GE + FPS + Vendor
2023-07-04 09:05:57,6916076,2 chai nước hoa,447064021,HCM-GE,BAO 12 - BÌ 2,"Hàng hóa hàng ngày, giấy tờ khác (quần áo, mắt kính...)",,2023-04-07 09:05:57.000,6916076,"Hàng hóa hàng ngày, giấy tờ khác (quần áo, mắt kính...)",170,Còn hạn,Thuê Vendor tiêu hủy / Quyên góp,Phụ lục 3 (TTLT 18),GE + FPS + Vendor
2023-07-07 13:10:17,4436610,1 bịch đồ bên trong có 1 cái áo,447999795,HCM-GE,BAO 12 - BÌ 2,"Hàng hóa hàng ngày, giấy tờ khác (quần áo, mắt kính...)",,2023-07-07 13:10:17.000,4436610,"Hàng hóa hàng ngày, giấy tờ khác (quần áo, mắt kính...)",79,Còn hạn,Thuê Vendor tiêu hủy / Quyên góp,Phụ lục 3 (TTLT 18),GE + FPS + Vendor
2023-07-06 15:19:18,5627114,"1 chai nước hoa, 1 chai nước hoa rỗng ruột",445288576,HCM-GE,BAO 12 - BÌ 2,"Hàng hóa hàng ngày, giấy tờ khác (quần áo, mắt kính...)",,2023-06-07 15:19:18.000,5627114,"Hàng hóa hàng ngày, giấy tờ khác (quần áo, mắt kính...)",109,Còn hạn,Thuê Vendor tiêu hủy / Quyên góp,Phụ lục 3 (TTLT 18),GE + FPS + Vendor
2023-07-10 12:05:30,3768294,2 chai sữa tắm đã dùng,448881181,HCM-GE,BAO 12 - BÌ 2,"Hàng hóa hàng ngày, giấy tờ khác (quần áo, mắt kính...)",,2023-10-07 12:05:30.000,3768294,"Hàng hóa hàng ngày, giấy tờ khác (quần áo, mắt kính...)",-13,Còn hạn,Thuê Vendor tiêu hủy / Quyên góp,Phụ lục 3 (TTLT 18),GE + FPS + Vendor
2023-07-08 11:40:54,5324423,quần áo,448438743,HCM-GE,BAO 12 - BÌ 2,"Hàng hóa hàng ngày, giấy tờ khác (quần áo, mắt kính...)",,2023-08-07 11:40:54.000,5324423,"Hàng hóa hàng ngày, giấy tờ khác (quần áo, mắt kính...)",48,Còn hạn,Thuê Vendor tiêu hủy / Quyên góp,Phụ lục 3 (TTLT 18),GE + FPS + Vendor
2023-05-09 15:07:28,6738056,2 cây thuốc lá điện tử,428597428,HCM-GE,BAO 13 - BÌ 1,Thuốc lá điện tử ,,2023-09-05 15:07:28.000,6738056,Thuốc lá điện tử,19,Còn hạn,Tự tiêu hủy tại Hub (Chất thải nguy hại),Biên bản tiêu hủy nội bộ,FPS + COA
2023-05-23 11:55:26,6832955,1 dây nịt,432967574,HCM-GE,BAO 13 - BÌ 1,"Hàng hóa hàng ngày, giấy tờ khác (quần áo, mắt kính...)",,2023-05-23 11:55:26.000,6832955,"Hàng hóa hàng ngày, giấy tờ khác (quần áo, mắt kính...)",124,Còn hạn,Thuê Vendor tiêu hủy / Quyên góp,Phụ lục 3 (TTLT 18),GE + FPS + Vendor
2023-05-22 10:44:41,6761049,1 chùm chìa khóa,432620446,HCM-GE,BAO 13 - BÌ 1,"Hàng hóa hàng ngày, giấy tờ khác (quần áo, mắt kính...)",,2023-05-22 10:44:41.000,6761049,"Hàng hóa hàng ngày, giấy tờ khác (quần áo, mắt kính...)",125,Còn hạn,Thuê Vendor tiêu hủy / Quyên góp,Phụ lục 3 (TTLT 18),GE + FPS + Vendor
2023-05-29 09:21:21,5806847,"1 túi xách, 2 bộ quần áo, BCS",434677482,HCM-GE,BAO 13 - BÌ 1,"Hàng hóa hàng ngày, giấy tờ khác (quần áo, mắt kính...)",,2023-05-29 09:21:21.000,5806847,"Hàng hóa hàng ngày, giấy tờ khác (quần áo, mắt kính...)",118,Còn hạn,Thuê Vendor tiêu hủy / Quyên góp,Phụ lục 3 (TTLT 18),GE + FPS + Vendor
2023-05-30 13:34:54,6491377,1 bàn chải điện,435449242,HCM-GE,BAO 13 - BÌ 1,"Hàng hóa hàng ngày, giấy tờ khác (quần áo, mắt kính...)",,2023-05-30 13:34:54.000,6491377,"Hàng hóa hàng ngày, giấy tờ khác (quần áo, mắt kính...)",117,Còn hạn,Thuê Vendor tiêu hủy / Quyên góp,Phụ lục 3 (TTLT 18),GE + FPS + Vendor
2023-05-30 11:19:54,1094283,1 bịch quần áo,434776357,HCM-GE,BAO 13 - BÌ 1,"Hàng hóa hàng ngày, giấy tờ khác (quần áo, mắt kính...)",,2023-05-30 11:19:54.000,1094283,"Hàng hóa hàng ngày, giấy tờ khác (quần áo, mắt kính...)",117,Còn hạn,Thuê Vendor tiêu hủy / Quyên góp,Phụ lục 3 (TTLT 18),GE + FPS + Vendor
2023-05-06 16:06:07,3299616,2 hộp thuốc,427765811,HCM-GE,BAO 13 - BÌ 1,"Hàng hóa hàng ngày, giấy tờ khác (quần áo, mắt kính...)",,2023-06-05 16:06:07.000,3299616,"Hàng hóa hàng ngày, giấy tờ khác (quần áo, mắt kính...)",111,Còn hạn,Thuê Vendor tiêu hủy / Quyên góp,Phụ lục 3 (TTLT 18),GE + FPS + Vendor
2023-05-22 09:25:55,4977658,1 bọc đồ màu đỏ,432314798,HCM-GE,BAO 13 - BÌ 1,"Hàng hóa hàng ngày, giấy tờ khác (quần áo, mắt kính...)",,2023-05-22 09:25:55.000,4977658,"Hàng hóa hàng ngày, giấy tờ khác (quần áo, mắt kính...)",125,Còn hạn,Thuê Vendor tiêu hủy / Quyên góp,Phụ lục 3 (TTLT 18),GE + FPS + Vendor
2023-05-23 16:38:31,6544567,"1 túi giấy, bên trong có 1 gói đồ bọc kín và 1 hộp nhỏ đựng ghim cài",433199235,HCM-GE,BAO 13 - BÌ 1,"Hàng hóa hàng ngày, giấy tờ khác (quần áo, mắt kính...)",,2023-05-23 16:38:31.000,6544567,"Hàng hóa hàng ngày, giấy tờ khác (quần áo, mắt kính...)",124,Còn hạn,Thuê Vendor tiêu hủy / Quyên góp,Phụ lục 3 (TTLT 18),GE + FPS + Vendor
2023-05-01 10:38:07,4662778,2 cái quần,425757627,HCM-GE,BAO 13 - BÌ 1,"Hàng hóa hàng ngày, giấy tờ khác (quần áo, mắt kính...)",,2023-01-05 10:38:07.000,4662778,"Hàng hóa hàng ngày, giấy tờ khác (quần áo, mắt kính...)",262,Quá hạn,Thuê Vendor tiêu hủy / Quyên góp,Phụ lục 3 (TTLT 18),GE + FPS + Vendor
2023-05-11 10:29:25,3901634,1 tập hồ sơ,428429014,HCM-GE,BAO 13 - BÌ 1,"Hàng hóa hàng ngày, giấy tờ khác (quần áo, mắt kính...)",,2023-11-05 10:29:25.000,3901634,"Hàng hóa hàng ngày, giấy tờ khác (quần áo, mắt kính...)",-42,Còn hạn,Thuê Vendor tiêu hủy / Quyên góp,Phụ lục 3 (TTLT 18),GE + FPS + Vendor
2023-05-30 14:36:55,6429560,thuốc,435446387,HCM-GE,BAO 13 - BÌ 1,"Hàng hóa hàng ngày, giấy tờ khác (quần áo, mắt kính...)",,2023-05-30 14:36:55.000,6429560,"Hàng hóa hàng ngày, giấy tờ khác (quần áo, mắt kính...)",117,Còn hạn,Thuê Vendor tiêu hủy / Quyên góp,Phụ lục 3 (TTLT 18),GE + FPS + Vendor
2023-05-02 10:18:40,6790495,1 bó bông bằng len,425687663,HCM-GE,BAO 13 - BÌ 1,"Hàng hóa hàng ngày, giấy tờ khác (quần áo, mắt kính...)",,2023-02-05 10:18:40.000,6790495,"Hàng hóa hàng ngày, giấy tờ khác (quần áo, mắt kính...)",231,Quá hạn,Thuê Vendor tiêu hủy / Quyên góp,Phụ lục 3 (TTLT 18),GE + FPS + Vendor
2023-05-17 15:17:04,2716688,1 quần tây,431265929,HCM-GE,BAO 13 - BÌ 1,"Hàng hóa hàng ngày, giấy tờ khác (quần áo, mắt kính...)",,2023-05-17 15:17:04.000,2716688,"Hàng hóa hàng ngày, giấy tờ khác (quần áo, mắt kính...)",130,Còn hạn,Thuê Vendor tiêu hủy / Quyên góp,Phụ lục 3 (TTLT 18),GE + FPS + Vendor
2023-05-08 14:38:19,1165360,1 gói cafe,428415169,HCM-GE,BAO 13 - BÌ 1,"Hàng hóa hàng ngày, giấy tờ khác (quần áo, mắt kính...)",,2023-08-05 14:38:19.000,1165360,"Hàng hóa hàng ngày, giấy tờ khác (quần áo, mắt kính...)",50,Còn hạn,Thuê Vendor tiêu hủy / Quyên góp,Phụ lục 3 (TTLT 18),GE + FPS + Vendor
2023-05-04 10:54:27,5712197,1 máy xay sinh tố,427135511,HCM-GE,BAO 13 - BÌ 1,"Hàng hóa hàng ngày, giấy tờ khác (quần áo, mắt kính...)",,2023-04-05 10:54:27.000,5712197,"Hàng hóa hàng ngày, giấy tờ khác (quần áo, mắt kính...)",172,Còn hạn,Thuê Vendor tiêu hủy / Quyên góp,Phụ lục 3 (TTLT 18),GE + FPS + Vendor
24/12/2022 16:58:16,5454299,1 thuốc lá điện tử đã cũ,377076164,HCM-GE,BAO 14,Thuốc lá điện tử ,,2022-12-24 16:58:16.000,5454299,Thuốc lá điện tử,274,Quá hạn,Tự tiêu hủy tại Hub (Chất thải nguy hại),Biên bản tiêu hủy nội bộ,FPS + COA
19/12/2022 13:37:07,4474566,1 hộp giấy bên trong là quần jean,374677835,HCM-GE,BAO 14,"Hàng hóa hàng ngày, giấy tờ khác (quần áo, mắt kính...)",,2022-12-19 13:37:07.000,4474566,"Hàng hóa hàng ngày, giấy tờ khác (quần áo, mắt kính...)",279,Quá hạn,Thuê Vendor tiêu hủy / Quyên góp,Phụ lục 3 (TTLT 18),GE + FPS + Vendor
15/12/2022 11:08:43,4642394,hàng hóa là hộp nước hoa Dior,373522516,HCM-GE,BAO 14,"Hàng hóa hàng ngày, giấy tờ khác (quần áo, mắt kính...)",,2022-12-15 11:08:43.000,4642394,"Hàng hóa hàng ngày, giấy tờ khác (quần áo, mắt kính...)",283,Quá hạn,Thuê Vendor tiêu hủy / Quyên góp,Phụ lục 3 (TTLT 18),GE + FPS + Vendor
22/12/2022 15:12:14,6701892,1 máy uốn tóc đã qua sử dụng,374130463,HCM-GE,BAO 14,"Hàng hóa hàng ngày, giấy tờ khác (quần áo, mắt kính...)",,2022-12-22 15:12:14.000,6701892,"Hàng hóa hàng ngày, giấy tờ khác (quần áo, mắt kính...)",276,Quá hạn,Thuê Vendor tiêu hủy / Quyên góp,Phụ lục 3 (TTLT 18),GE + FPS + Vendor
24/12/2022 8:54:08,929550,1 chai nước hoa,376821490,HCM-GE,BAO 14,"Hàng hóa hàng ngày, giấy tờ khác (quần áo, mắt kính...)",,2022-12-24 08:54:08.000,929550,"Hàng hóa hàng ngày, giấy tờ khác (quần áo, mắt kính...)",274,Quá hạn,Thuê Vendor tiêu hủy / Quyên góp,Phụ lục 3 (TTLT 18),GE + FPS + Vendor
17/12/2022 12:53:59,2307573,1 Chai nước hóa GATSBY,374164425,HCM-GE,BAO 14,"Hàng hóa hàng ngày, giấy tờ khác (quần áo, mắt kính...)",,2022-12-17 12:53:59.000,2307573,"Hàng hóa hàng ngày, giấy tờ khác (quần áo, mắt kính...)",281,Quá hạn,Thuê Vendor tiêu hủy / Quyên góp,Phụ lục 3 (TTLT 18),GE + FPS + Vendor
30/12/2022 10:47:54,6387560,1 bì thư,379322683,HCM-GE,BAO 14,"Hàng hóa hàng ngày, giấy tờ khác (quần áo, mắt kính...)",,2022-12-30 10:47:54.000,6387560,"Hàng hóa hàng ngày, giấy tờ khác (quần áo, mắt kính...)",268,Quá hạn,Thuê Vendor tiêu hủy / Quyên góp,Phụ lục 3 (TTLT 18),GE + FPS + Vendor
26/12/2022 9:48:41,6506383,1 chai dầu dừa,377043156,HCM-GE,BAO 14,"Hàng hóa hàng ngày, giấy tờ khác (quần áo, mắt kính...)",,2022-12-26 09:48:41.000,6506383,"Hàng hóa hàng ngày, giấy tờ khác (quần áo, mắt kính...)",272,Quá hạn,Thuê Vendor tiêu hủy / Quyên góp,Phụ lục 3 (TTLT 18),GE + FPS + Vendor
15/12/2022 8:45:16,5238883,bì thư đựng hồ sơ,373234767,HCM-GE,BAO 14,"Hàng hóa hàng ngày, giấy tờ khác (quần áo, mắt kính...)",,2022-12-15 08:45:16.000,5238883,"Hàng hóa hàng ngày, giấy tờ khác (quần áo, mắt kính...)",283,Quá hạn,Thuê Vendor tiêu hủy / Quyên góp,Phụ lục 3 (TTLT 18),GE + FPS + Vendor
20/12/2022 13:46:04,6517055,1 bộ hồ sơ,375468009,HCM-GE,BAO 14,"Hàng hóa hàng ngày, giấy tờ khác (quần áo, mắt kính...)",,2022-12-20 13:46:04.000,6517055,"Hàng hóa hàng ngày, giấy tờ khác (quần áo, mắt kính...)",278,Quá hạn,Thuê Vendor tiêu hủy / Quyên góp,Phụ lục 3 (TTLT 18),GE + FPS + Vendor
26/12/2022 15:45:00,6545184,1 bao thư màu trắng,376867780,HCM-GE,BAO 14,"Hàng hóa hàng ngày, giấy tờ khác (quần áo, mắt kính...)",,2022-12-26 15:45:00.000,6545184,"Hàng hóa hàng ngày, giấy tờ khác (quần áo, mắt kính...)",272,Quá hạn,Thuê Vendor tiêu hủy / Quyên góp,Phụ lục 3 (TTLT 18),GE + FPS + Vendor
28/12/2022 11:05:59,6656495,1 xích + áo cho chó,378562040,HCM-GE,BAO 14,"Hàng hóa hàng ngày, giấy tờ khác (quần áo, mắt kính...)",,2022-12-28 11:05:59.000,6656495,"Hàng hóa hàng ngày, giấy tờ khác (quần áo, mắt kính...)",270,Quá hạn,Thuê Vendor tiêu hủy / Quyên góp,Phụ lục 3 (TTLT 18),GE + FPS + Vendor
21/12/2022 10:13:44,1254568,Quần áo,375537819,HCM-GE,BAO 14,"Hàng hóa hàng ngày, giấy tờ khác (quần áo, mắt kính...)",,2022-12-21 10:13:44.000,1254568,"Hàng hóa hàng ngày, giấy tờ khác (quần áo, mắt kính...)",277,Quá hạn,Thuê Vendor tiêu hủy / Quyên góp,Phụ lục 3 (TTLT 18),GE + FPS + Vendor
24/12/2022 12:04:04,6700366,2 hộp rau câu,376856200,HCM-GE,BAO 14,"Hàng hóa hàng ngày, giấy tờ khác (quần áo, mắt kính...)",,2022-12-24 12:04:04.000,6700366,"Hàng hóa hàng ngày, giấy tờ khác (quần áo, mắt kính...)",274,Quá hạn,Thuê Vendor tiêu hủy / Quyên góp,Phụ lục 3 (TTLT 18),GE + FPS + Vendor
27/12/2022 9:33:21,3867392,2 áo mới + 3 hộp niêm phong,376789735,HCM-GE,BAO 14,"Hàng hóa hàng ngày, giấy tờ khác (quần áo, mắt kính...)",,2022-12-27 09:33:21.000,3867392,"Hàng hóa hàng ngày, giấy tờ khác (quần áo, mắt kính...)",271,Quá hạn,Thuê Vendor tiêu hủy / Quyên góp,Phụ lục 3 (TTLT 18),GE + FPS + Vendor
22/06/2023 9:30:07,6791239,1 túi niloong đỏ chứa 1 áo thun cũ màu trắng,442904175,HCM-GE,BAO 19 - LẺ,"Hàng hóa hàng ngày, giấy tờ khác (quần áo, mắt kính...)",,2023-06-22 09:30:07.000,6791239,"Hàng hóa hàng ngày, giấy tờ khác (quần áo, mắt kính...)",94,Còn hạn,Thuê Vendor tiêu hủy / Quyên góp,Phụ lục 3 (TTLT 18),GE + FPS + Vendor
2023-12-06 08:40:19,6378593,1 túi giấy chứa 5 cuốn sách,438952902,HCM-GE,BAO 19 - LẺ,"Hàng hóa hàng ngày, giấy tờ khác (quần áo, mắt kính...)",,2023-06-12 08:40:19.000,6378593,"Hàng hóa hàng ngày, giấy tờ khác (quần áo, mắt kính...)",104,Còn hạn,Thuê Vendor tiêu hủy / Quyên góp,Phụ lục 3 (TTLT 18),GE + FPS + Vendor
29/06/2023 16:51:00,6925273, 1 túi chứa nồi cơm điện cũ,445611644,HCM-GE,BAO 19 - LẺ,"Hàng hóa hàng ngày, giấy tờ khác (quần áo, mắt kính...)",,2023-06-29 16:51:00.000,6925273,"Hàng hóa hàng ngày, giấy tờ khác (quần áo, mắt kính...)",87,Còn hạn,Thuê Vendor tiêu hủy / Quyên góp,Phụ lục 3 (TTLT 18),GE + FPS + Vendor
,4240121,1 bịch tả e bé và 4 hộp gạc rốn (đã qua sử dụng),189507065,HCM-GE,BAO 20 - LẺ,"Hàng hóa hàng ngày, giấy tờ khác (quần áo, mắt kính...)",,,4240121,"Hàng hóa hàng ngày, giấy tờ khác (quần áo, mắt kính...)",999,Quá hạn,Thuê Vendor tiêu hủy / Quyên góp,Phụ lục 3 (TTLT 18),GE + FPS + Vendor
,6554345,TS là 1 bức tranh,367374204,HCM-GE,BAO 20 - LẺ,"Hàng hóa hàng ngày, giấy tờ khác (quần áo, mắt kính...)",,,6554345,"Hàng hóa hàng ngày, giấy tờ khác (quần áo, mắt kính...)",999,Quá hạn,Thuê Vendor tiêu hủy / Quyên góp,Phụ lục 3 (TTLT 18),GE + FPS + Vendor
2023-03-07 12:22:56,2861567,1 hộp giấy chứa 2 đầm + 1 áo còn mới,446844787,HCM-GE,BAO 20 - BÌ 2,"Hàng hóa hàng ngày, giấy tờ khác (quần áo, mắt kính...)",,2023-07-03 12:22:56.000,2861567,"Hàng hóa hàng ngày, giấy tờ khác (quần áo, mắt kính...)",83,Còn hạn,Thuê Vendor tiêu hủy / Quyên góp,Phụ lục 3 (TTLT 18),GE + FPS + Vendor
2023-09-01 10:27:44,4994992,1 bịch nhỏ chứa bảng lề cửa,382895610,HCM-GE,BAO 20 - BÌ 3,"Hàng hóa hàng ngày, giấy tờ khác (quần áo, mắt kính...)",,2023-01-09 10:27:44.000,4994992,"Hàng hóa hàng ngày, giấy tờ khác (quần áo, mắt kính...)",258,Quá hạn,Thuê Vendor tiêu hủy / Quyên góp,Phụ lục 3 (TTLT 18),GE + FPS + Vendor
2023-04-05 13:05:20,6497394,1 tập hồ sơ: BẢNG GIÁ TRỊ ĐỀ NGHỊ QUYẾT TOÁN,427172198,HCM-GE,BAO 20 - BÌ 3,"Hàng hóa hàng ngày, giấy tờ khác (quần áo, mắt kính...)",,2023-05-04 13:05:20.000,6497394,"Hàng hóa hàng ngày, giấy tờ khác (quần áo, mắt kính...)",143,Còn hạn,Thuê Vendor tiêu hủy / Quyên góp,Phụ lục 3 (TTLT 18),GE + FPS + Vendor
16/05/2023 14:27:19,6478089,1 túi nilong màu xanh chứa gói hàng shopee: nước hoa ROZA,430989060,HCM-GE,BAO 20 - BÌ 3,"Hàng hóa hàng ngày, giấy tờ khác (quần áo, mắt kính...)",,2023-05-16 14:27:19.000,6478089,"Hàng hóa hàng ngày, giấy tờ khác (quần áo, mắt kính...)",131,Còn hạn,Thuê Vendor tiêu hủy / Quyên góp,Phụ lục 3 (TTLT 18),GE + FPS + Vendor
2022-04-08 09:12:51,6271751,1 đôi dép trắng,320438347,HCM-GE,BAO 22 - LẺ,"Hàng hóa hàng ngày, giấy tờ khác (quần áo, mắt kính...)",,2022-08-04 09:12:51.000,6271751,"Hàng hóa hàng ngày, giấy tờ khác (quần áo, mắt kính...)",416,Quá hạn,Thuê Vendor tiêu hủy / Quyên góp,Phụ lục 3 (TTLT 18),GE + FPS + Vendor
2022-06-16 14:04:22,5401003,1 túi: 1quần + 2 áo + 2 lon bia (HSD: 30/04/2023) -> HUỶ 2 LON BIA,300140584,HCM-GE,BAO 22 - LẺ,"Hàng hóa hàng ngày, giấy tờ khác (quần áo, mắt kính...)",,2022-06-16 14:04:22.000,5401003,"Hàng hóa hàng ngày, giấy tờ khác (quần áo, mắt kính...)",465,Quá hạn,Thuê Vendor tiêu hủy / Quyên góp,Phụ lục 3 (TTLT 18),GE + FPS + Vendor
19/08/2022 15:39:22,3729414,1 cái cặp đen không có gì,326539229,HCM-GE,BAO 22 - LẺ,"Hàng hóa hàng ngày, giấy tờ khác (quần áo, mắt kính...)",,2022-08-19 15:39:22.000,3729414,"Hàng hóa hàng ngày, giấy tờ khác (quần áo, mắt kính...)",401,Quá hạn,Thuê Vendor tiêu hủy / Quyên góp,Phụ lục 3 (TTLT 18),GE + FPS + Vendor
17/08/2022 15:06:22,1593691,3 áo somi trắng nam ,325976134,HCM-GE,BAO 22 - LẺ,"Hàng hóa hàng ngày, giấy tờ khác (quần áo, mắt kính...)",,2022-08-17 15:06:22.000,1593691,"Hàng hóa hàng ngày, giấy tờ khác (quần áo, mắt kính...)",403,Quá hạn,Thuê Vendor tiêu hủy / Quyên góp,Phụ lục 3 (TTLT 18),GE + FPS + Vendor
2022-10-08 09:17:54,5470801,1 đôi giày nike màu trắng,322959438,HCM-GE,BAO 22 - LẺ,"Hàng hóa hàng ngày, giấy tờ khác (quần áo, mắt kính...)",,2022-08-10 09:17:54.000,5470801,"Hàng hóa hàng ngày, giấy tờ khác (quần áo, mắt kính...)",410,Quá hạn,Thuê Vendor tiêu hủy / Quyên góp,Phụ lục 3 (TTLT 18),GE + FPS + Vendor
19/08/2022 10:10:38,4392019,1 hộp giấy: sữa tắm nước hoa hoa sen lotus flower (HSD: 01/2027),326642825,HCM-GE,BAO 22 - LẺ,"Hàng hóa hàng ngày, giấy tờ khác (quần áo, mắt kính...)",,2022-08-19 10:10:38.000,4392019,"Hàng hóa hàng ngày, giấy tờ khác (quần áo, mắt kính...)",401,Quá hạn,Thuê Vendor tiêu hủy / Quyên góp,Phụ lục 3 (TTLT 18),GE + FPS + Vendor
17/08/2022 10:30:38,5380497,"1 chai mật ong thái nhí TV, không có hsd",325849384,HCM-GE,BAO 22 - LẺ,"Hàng hóa hàng ngày, giấy tờ khác (quần áo, mắt kính...)",,2022-08-17 10:30:38.000,5380497,"Hàng hóa hàng ngày, giấy tờ khác (quần áo, mắt kính...)",403,Quá hạn,Thuê Vendor tiêu hủy / Quyên góp,Phụ lục 3 (TTLT 18),GE + FPS + Vendor
27/08/2022 9:29:37,6522470,1 kệ treo tivi.,329923573,HCM-GE,BAO 22 - LẺ,"Hàng hóa hàng ngày, giấy tờ khác (quần áo, mắt kính...)",,2022-08-27 09:29:37.000,6522470,"Hàng hóa hàng ngày, giấy tờ khác (quần áo, mắt kính...)",393,Quá hạn,Thuê Vendor tiêu hủy / Quyên góp,Phụ lục 3 (TTLT 18),GE + FPS + Vendor
24/08/2022 14:10:27,3860078,1 gói hàng màu đen dán kín: 14 áo polo ,328689933,HCM-GE,BAO 22 - LẺ,"Hàng hóa hàng ngày, giấy tờ khác (quần áo, mắt kính...)",,2022-08-24 14:10:27.000,3860078,"Hàng hóa hàng ngày, giấy tờ khác (quần áo, mắt kính...)",396,Quá hạn,Thuê Vendor tiêu hủy / Quyên góp,Phụ lục 3 (TTLT 18),GE + FPS + Vendor
22/08/2022 9:24:26,6550033,1 áo màu trắng,327443547,HCM-GE,BAO 22 - LẺ,"Hàng hóa hàng ngày, giấy tờ khác (quần áo, mắt kính...)",,2022-08-22 09:24:26.000,6550033,"Hàng hóa hàng ngày, giấy tờ khác (quần áo, mắt kính...)",398,Quá hạn,Thuê Vendor tiêu hủy / Quyên góp,Phụ lục 3 (TTLT 18),GE + FPS + Vendor
30/08/2022 10:02:02,5394291,"3 hộp kem đánh răng HQ 200gr LEVAIN (hsd: 21/10/2023) => HUỶ
3 hộp kem đánh răng HQ 50gr LEVAIN (HSD: 07/11/2024)",330911654,HCM-GE,BAO 22 - LẺ,"Hàng hóa hàng ngày, giấy tờ khác (quần áo, mắt kính...)",,2022-08-30 10:02:02.000,5394291,"Hàng hóa hàng ngày, giấy tờ khác (quần áo, mắt kính...)",390,Quá hạn,Thuê Vendor tiêu hủy / Quyên góp,Phụ lục 3 (TTLT 18),GE + FPS + Vendor
2023-05-27 09:54:37,2788533,2 hộp thuốc,434296669,HCM-GE,BAO 13 - BÌ 3,"Hàng hóa hàng ngày, giấy tờ khác (quần áo, mắt kính...)",,2023-05-27 09:54:37.000,2788533,"Hàng hóa hàng ngày, giấy tờ khác (quần áo, mắt kính...)",120,Còn hạn,Thuê Vendor tiêu hủy / Quyên góp,Phụ lục 3 (TTLT 18),GE + FPS + Vendor
2022-05-12 13:16:20,3820332,1 hộp màu vàng đã dán kín,369205328,HCM-GE,BAO 14,"Hàng hóa hàng ngày, giấy tờ khác (quần áo, mắt kính...)",,2022-12-05 13:16:20.000,3820332,"Hàng hóa hàng ngày, giấy tờ khác (quần áo, mắt kính...)",293,Quá hạn,Thuê Vendor tiêu hủy / Quyên góp,Phụ lục 3 (TTLT 18),GE + FPS + Vendor
2022-03-12 09:48:47,6377266,1 tấm gạch mẫu,368836640,HCM-GE,BAO 14,"Hàng hóa hàng ngày, giấy tờ khác (quần áo, mắt kính...)",,2022-12-03 09:48:47.000,6377266,"Hàng hóa hàng ngày, giấy tờ khác (quần áo, mắt kính...)",295,Quá hạn,Thuê Vendor tiêu hủy / Quyên góp,Phụ lục 3 (TTLT 18),GE + FPS + Vendor
21/12/2022 9:07:58,2582290,1 gói hàng đóng kín,375655133,HCM-GE,BAO 14,"Hàng hóa hàng ngày, giấy tờ khác (quần áo, mắt kính...)",,2022-12-21 09:07:58.000,2582290,"Hàng hóa hàng ngày, giấy tờ khác (quần áo, mắt kính...)",277,Quá hạn,Thuê Vendor tiêu hủy / Quyên góp,Phụ lục 3 (TTLT 18),GE + FPS + Vendor
2022-12-12 07:56:03,3240256,cái nón,371610433,HCM-GE,BAO 14,"Hàng hóa hàng ngày, giấy tờ khác (quần áo, mắt kính...)",,2022-12-12 07:56:03.000,3240256,"Hàng hóa hàng ngày, giấy tờ khác (quần áo, mắt kính...)",286,Quá hạn,Thuê Vendor tiêu hủy / Quyên góp,Phụ lục 3 (TTLT 18),GE + FPS + Vendor
13/12/2022 10:54:05,5531611,1 cái áo màu đen,372496036,HCM-GE,BAO 14,"Hàng hóa hàng ngày, giấy tờ khác (quần áo, mắt kính...)",,2022-12-13 10:54:05.000,5531611,"Hàng hóa hàng ngày, giấy tờ khác (quần áo, mắt kính...)",285,Quá hạn,Thuê Vendor tiêu hủy / Quyên góp,Phụ lục 3 (TTLT 18),GE + FPS + Vendor
19/12/2022 14:42:16,4902863,1 thảm massage chân,375093917,HCM-GE,BAO 14,"Hàng hóa hàng ngày, giấy tờ khác (quần áo, mắt kính...)",,2022-12-19 14:42:16.000,4902863,"Hàng hóa hàng ngày, giấy tờ khác (quần áo, mắt kính...)",279,Quá hạn,Thuê Vendor tiêu hủy / Quyên góp,Phụ lục 3 (TTLT 18),GE + FPS + Vendor
20/12/2022 15:02:44,6698441,3 hộp thuốc nhuộm tóc,375535952,HCM-GE,BAO 14,"Hàng hóa hàng ngày, giấy tờ khác (quần áo, mắt kính...)",,2022-12-20 15:02:44.000,6698441,"Hàng hóa hàng ngày, giấy tờ khác (quần áo, mắt kính...)",278,Quá hạn,Thuê Vendor tiêu hủy / Quyên góp,Phụ lục 3 (TTLT 18),GE + FPS + Vendor
22/12/2022 14:37:15,3479648,1 đầu thu HD,376370124,HCM-GE,BAO 14,"Hàng hóa hàng ngày, giấy tờ khác (quần áo, mắt kính...)",,2022-12-22 14:37:15.000,3479648,"Hàng hóa hàng ngày, giấy tờ khác (quần áo, mắt kính...)",276,Quá hạn,Thuê Vendor tiêu hủy / Quyên góp,Phụ lục 3 (TTLT 18),GE + FPS + Vendor
16/12/2022 16:16:18,121389,1 miếng gỗ,369523182,HCM-GE,BAO 14,"Hàng hóa hàng ngày, giấy tờ khác (quần áo, mắt kính...)",,2022-12-16 16:16:18.000,121389,"Hàng hóa hàng ngày, giấy tờ khác (quần áo, mắt kính...)",282,Quá hạn,Thuê Vendor tiêu hủy / Quyên góp,Phụ lục 3 (TTLT 18),GE + FPS + Vendor
2022-03-12 14:26:48,3874591,1 gói hàng màu trắng đã dán kín,368945985,HCM-GE,BAO 14,"Hàng hóa hàng ngày, giấy tờ khác (quần áo, mắt kính...)",,2022-12-03 14:26:48.000,3874591,"Hàng hóa hàng ngày, giấy tờ khác (quần áo, mắt kính...)",295,Quá hạn,Thuê Vendor tiêu hủy / Quyên góp,Phụ lục 3 (TTLT 18),GE + FPS + Vendor
28/12/2022 8:24:48,6616340,1 bộ hợp đồng,378281075,HCM-GE,BAO 14,"Hàng hóa hàng ngày, giấy tờ khác (quần áo, mắt kính...)",,2022-12-28 08:24:48.000,6616340,"Hàng hóa hàng ngày, giấy tờ khác (quần áo, mắt kính...)",270,Quá hạn,Thuê Vendor tiêu hủy / Quyên góp,Phụ lục 3 (TTLT 18),GE + FPS + Vendor
17/12/2022 11:10:23,6642776,1 biên bản đào tạo nghề,374128887,HCM-GE,BAO 14,"Hàng hóa hàng ngày, giấy tờ khác (quần áo, mắt kính...)",,2022-12-17 11:10:23.000,6642776,"Hàng hóa hàng ngày, giấy tờ khác (quần áo, mắt kính...)",281,Quá hạn,Thuê Vendor tiêu hủy / Quyên góp,Phụ lục 3 (TTLT 18),GE + FPS + Vendor
24/12/2022 17:06:19,6568423,1 tập hồ sơ,377162130,HCM-GE,BAO 14,"Hàng hóa hàng ngày, giấy tờ khác (quần áo, mắt kính...)",,2022-12-24 17:06:19.000,6568423,"Hàng hóa hàng ngày, giấy tờ khác (quần áo, mắt kính...)",274,Quá hạn,Thuê Vendor tiêu hủy / Quyên góp,Phụ lục 3 (TTLT 18),GE + FPS + Vendor
,6586276,1 chai nước hoa,348970474,HCM-GE,BAO 20 - BÌ 1,"Hàng hóa hàng ngày, giấy tờ khác (quần áo, mắt kính...)",,,6586276,"Hàng hóa hàng ngày, giấy tờ khác (quần áo, mắt kính...)",999,Quá hạn,Thuê Vendor tiêu hủy / Quyên góp,Phụ lục 3 (TTLT 18),GE + FPS + Vendor
2022-01-06 10:05:10,5714894,1 tập hồ sơ (ng nhận anh Hùng),295387647,HCM-GE,BAO 20 - BÌ 1,"Hàng hóa hàng ngày, giấy tờ khác (quần áo, mắt kính...)",,2022-06-01 10:05:10.000,5714894,"Hàng hóa hàng ngày, giấy tờ khác (quần áo, mắt kính...)",480,Quá hạn,Thuê Vendor tiêu hủy / Quyên góp,Phụ lục 3 (TTLT 18),GE + FPS + Vendor
,6460302,1 TÚI MÀU ĐÓ CHƯA HỒ SƠ,309687128,HCM-GE,BAO 20 - BÌ 1,"Hàng hóa hàng ngày, giấy tờ khác (quần áo, mắt kính...)",,,6460302,"Hàng hóa hàng ngày, giấy tờ khác (quần áo, mắt kính...)",999,Quá hạn,Thuê Vendor tiêu hủy / Quyên góp,Phụ lục 3 (TTLT 18),GE + FPS + Vendor
,5472826,1 phong bì (ms Hiền),314460399,HCM-GE,BAO 20 - BÌ 1,"Hàng hóa hàng ngày, giấy tờ khác (quần áo, mắt kính...)",,,5472826,"Hàng hóa hàng ngày, giấy tờ khác (quần áo, mắt kính...)",999,Quá hạn,Thuê Vendor tiêu hủy / Quyên góp,Phụ lục 3 (TTLT 18),GE + FPS + Vendor
,3240067,TS là 1 tập hồ sơ của ngân hàng ACB photo,314001185,HCM-GE,BAO 20 - BÌ 1,"Hàng hóa hàng ngày, giấy tờ khác (quần áo, mắt kính...)",,,3240067,"Hàng hóa hàng ngày, giấy tờ khác (quần áo, mắt kính...)",999,Quá hạn,Thuê Vendor tiêu hủy / Quyên góp,Phụ lục 3 (TTLT 18),GE + FPS + Vendor
,1531107,TS là 2 tập văn bản,301800429,HCM-GE,BAO 20 - BÌ 1,"Hàng hóa hàng ngày, giấy tờ khác (quần áo, mắt kính...)",,,1531107,"Hàng hóa hàng ngày, giấy tờ khác (quần áo, mắt kính...)",999,Quá hạn,Thuê Vendor tiêu hủy / Quyên góp,Phụ lục 3 (TTLT 18),GE + FPS + Vendor
,2037640,1 bìa hồ sơ màu vàng chứa sách tiếng Hàn,202089766,HCM-GE,BAO 20 - BÌ 1,"Hàng hóa hàng ngày, giấy tờ khác (quần áo, mắt kính...)",,,2037640,"Hàng hóa hàng ngày, giấy tờ khác (quần áo, mắt kính...)",999,Quá hạn,Thuê Vendor tiêu hủy / Quyên góp,Phụ lục 3 (TTLT 18),GE + FPS + Vendor
,5622635,1 hộp tai nghe k dây màu trắng,276311245,HCM-GE,BAO 20 - BÌ 1,"Hàng hóa hàng ngày, giấy tờ khác (quần áo, mắt kính...)",,,5622635,"Hàng hóa hàng ngày, giấy tờ khác (quần áo, mắt kính...)",999,Quá hạn,Thuê Vendor tiêu hủy / Quyên góp,Phụ lục 3 (TTLT 18),GE + FPS + Vendor
2022-06-06 17:32:34,638527,10 hộp thuốc nhuộm,296560475,HCM-GE,BAO 20 - BÌ 1,"Hàng hóa hàng ngày, giấy tờ khác (quần áo, mắt kính...)",,2022-06-06 17:32:34.000,638527,"Hàng hóa hàng ngày, giấy tờ khác (quần áo, mắt kính...)",475,Quá hạn,Thuê Vendor tiêu hủy / Quyên góp,Phụ lục 3 (TTLT 18),GE + FPS + Vendor
,6463130,bịch nilong chứa 5 áo,350782387,HCM-GE,BAO 20 - BÌ 1,"Hàng hóa hàng ngày, giấy tờ khác (quần áo, mắt kính...)",,,6463130,"Hàng hóa hàng ngày, giấy tờ khác (quần áo, mắt kính...)",999,Quá hạn,Thuê Vendor tiêu hủy / Quyên góp,Phụ lục 3 (TTLT 18),GE + FPS + Vendor
2021-04-05 14:50:24,5651179,2 sim điện thoại mobi,190274157,HCM-GE,BAO 20 - BÌ 1,"Hàng hóa hàng ngày, giấy tờ khác (quần áo, mắt kính...)",,2021-05-04 14:50:24.000,5651179,"Hàng hóa hàng ngày, giấy tờ khác (quần áo, mắt kính...)",873,Quá hạn,Thuê Vendor tiêu hủy / Quyên góp,Phụ lục 3 (TTLT 18),GE + FPS + Vendor
,4130197,TS là 1 bịch nilong gồm 3 hủ màu nhỏ,342611191,HCM-GE,BAO 20 - BÌ 1,"Hàng hóa hàng ngày, giấy tờ khác (quần áo, mắt kính...)",,,4130197,"Hàng hóa hàng ngày, giấy tờ khác (quần áo, mắt kính...)",999,Quá hạn,Thuê Vendor tiêu hủy / Quyên góp,Phụ lục 3 (TTLT 18),GE + FPS + Vendor
,5324399,TS là 1 túi nilong màu đỏ chưa áo thun,299828436,HCM-GE,BAO 20 - BÌ 1,"Hàng hóa hàng ngày, giấy tờ khác (quần áo, mắt kính...)",,,5324399,"Hàng hóa hàng ngày, giấy tờ khác (quần áo, mắt kính...)",999,Quá hạn,Thuê Vendor tiêu hủy / Quyên góp,Phụ lục 3 (TTLT 18),GE + FPS + Vendor
,5591816,TS là 1 túi giấy chưa mỹ phẩm,330506350,HCM-GE,BAO 20 - BÌ 1,"Hàng hóa hàng ngày, giấy tờ khác (quần áo, mắt kính...)",,,5591816,"Hàng hóa hàng ngày, giấy tờ khác (quần áo, mắt kính...)",999,Quá hạn,Thuê Vendor tiêu hủy / Quyên góp,Phụ lục 3 (TTLT 18),GE + FPS + Vendor
,6521442,1 GÓI QUÀ SHOPPE: dây sạc nhanh,322527356,HCM-GE,BAO 20 - BÌ 1,"Hàng hóa hàng ngày, giấy tờ khác (quần áo, mắt kính...)",,,6521442,"Hàng hóa hàng ngày, giấy tờ khác (quần áo, mắt kính...)",999,Quá hạn,Thuê Vendor tiêu hủy / Quyên góp,Phụ lục 3 (TTLT 18),GE + FPS + Vendor
,6491207,1 hộp giấy: máy in (NG TÊN: HÀ LÊ QUỐC THÁI),318286486,HCM-GE,BAO 20 - BÌ 1,"Hàng hóa hàng ngày, giấy tờ khác (quần áo, mắt kính...)",,,6491207,"Hàng hóa hàng ngày, giấy tờ khác (quần áo, mắt kính...)",999,Quá hạn,Thuê Vendor tiêu hủy / Quyên góp,Phụ lục 3 (TTLT 18),GE + FPS + Vendor
,4623522,TS là 1 kiện hàng shoppe: kính râm gấp gọn - đến: Vũ quỳnh chi,313115063,HCM-GE,BAO 20 - BÌ 1,"Hàng hóa hàng ngày, giấy tờ khác (quần áo, mắt kính...)",,,4623522,"Hàng hóa hàng ngày, giấy tờ khác (quần áo, mắt kính...)",999,Quá hạn,Thuê Vendor tiêu hủy / Quyên góp,Phụ lục 3 (TTLT 18),GE + FPS + Vendor
29/12/2022 11:57:01,6718348,1 túi giấy chứa 2 tập lịch,378961195,HCM-GE,BAO 20 - BÌ 4,"Hàng hóa hàng ngày, giấy tờ khác (quần áo, mắt kính...)",,2022-12-29 11:57:01.000,6718348,"Hàng hóa hàng ngày, giấy tờ khác (quần áo, mắt kính...)",269,Quá hạn,Thuê Vendor tiêu hủy / Quyên góp,Phụ lục 3 (TTLT 18),GE + FPS + Vendor
21/02/2023 10:06:14,6421023,bịch màu vàng: 5 tai nghe còn mới,394755203,HCM-GE,BAO 20 - BÌ 4,"Hàng hóa hàng ngày, giấy tờ khác (quần áo, mắt kính...)",,2023-02-21 10:06:14.000,6421023,"Hàng hóa hàng ngày, giấy tờ khác (quần áo, mắt kính...)",215,Quá hạn,Thuê Vendor tiêu hủy / Quyên góp,Phụ lục 3 (TTLT 18),GE + FPS + Vendor
2023-06-05 11:37:41,5812420,"1 hộp giấy chứa 1 chai sữa rửa mặt, băng đô",437351680,HCM-GE,BAO 20 - BÌ 4,"Hàng hóa hàng ngày, giấy tờ khác (quần áo, mắt kính...)",,2023-05-06 11:37:41.000,5812420,"Hàng hóa hàng ngày, giấy tờ khác (quần áo, mắt kính...)",141,Còn hạn,Thuê Vendor tiêu hủy / Quyên góp,Phụ lục 3 (TTLT 18),GE + FPS + Vendor
2023-10-03 16:29:06,5209163,1 hộp giấy chưa đôi giày nữ,408338445,HCM-GE,BAO 20 - BÌ 4,"Hàng hóa hàng ngày, giấy tờ khác (quần áo, mắt kính...)",,2023-03-10 16:29:06.000,5209163,"Hàng hóa hàng ngày, giấy tờ khác (quần áo, mắt kính...)",198,Quá hạn,Thuê Vendor tiêu hủy / Quyên góp,Phụ lục 3 (TTLT 18),GE + FPS + Vendor
28/12/2022 15:55:39,6629684,1 hộp nước hoa còn mới và có hóa đơn,378319393,HCM-GE,BAO 20 - BÌ 4,"Hàng hóa hàng ngày, giấy tờ khác (quần áo, mắt kính...)",,2022-12-28 15:55:39.000,6629684,"Hàng hóa hàng ngày, giấy tờ khác (quần áo, mắt kính...)",270,Quá hạn,Thuê Vendor tiêu hủy / Quyên góp,Phụ lục 3 (TTLT 18),GE + FPS + Vendor
17/01/2023 9:21:35,6491680,chuỗi hạt màu đỏ - tx lấy nhầm hàng,382816657,HCM-GE,BAO 20 - BÌ 4,"Hàng hóa hàng ngày, giấy tờ khác (quần áo, mắt kính...)",,2023-01-17 09:21:35.000,6491680,"Hàng hóa hàng ngày, giấy tờ khác (quần áo, mắt kính...)",250,Quá hạn,Thuê Vendor tiêu hủy / Quyên góp,Phụ lục 3 (TTLT 18),GE + FPS + Vendor
2023-03-03 13:52:55,5123957,"Giấy đăng kiểm số 0610775 biển số 51C-994.75 cấp ngày 5/5/2022
Cavet số 367090 biển số 51C-994.75  cấp ngày 10/05/2018
Bảo hiểm xe tự nguyện số 0038059",405505716,HCM-GE,BAO 20 - BÌ 4,"Hàng hóa hàng ngày, giấy tờ khác (quần áo, mắt kính...)",,2023-03-03 13:52:55.000,5123957,"Hàng hóa hàng ngày, giấy tờ khác (quần áo, mắt kính...)",205,Quá hạn,Thuê Vendor tiêu hủy / Quyên góp,Phụ lục 3 (TTLT 18),GE + FPS + Vendor
,6434628,1 tập hồ sơ màu đỏ,368489442,HCM-GE,BAO 20 - BÌ 4,"Hàng hóa hàng ngày, giấy tờ khác (quần áo, mắt kính...)",,,6434628,"Hàng hóa hàng ngày, giấy tờ khác (quần áo, mắt kính...)",999,Quá hạn,Thuê Vendor tiêu hủy / Quyên góp,Phụ lục 3 (TTLT 18),GE + FPS + Vendor
20/04/2023 8:30:03,4010884,"1 dây chuyền bạc. không có hóa đơn, hôp PNJ đã cũ",422492663,HCM-GE,BAO 20 - BÌ 4,"Hàng hóa hàng ngày, giấy tờ khác (quần áo, mắt kính...)",,2023-04-20 08:30:03.000,4010884,"Hàng hóa hàng ngày, giấy tờ khác (quần áo, mắt kính...)",157,Còn hạn,Thuê Vendor tiêu hủy / Quyên góp,Phụ lục 3 (TTLT 18),GE + FPS + Vendor
20/12/2022 18:48:24,4891980,1 cái áo thun màu vàng trong bọc màu đỏ,374442717,HCM-GE,BAO 20 - BÌ 4,"Hàng hóa hàng ngày, giấy tờ khác (quần áo, mắt kính...)",,2022-12-20 18:48:24.000,4891980,"Hàng hóa hàng ngày, giấy tờ khác (quần áo, mắt kính...)",278,Quá hạn,Thuê Vendor tiêu hủy / Quyên góp,Phụ lục 3 (TTLT 18),GE + FPS + Vendor
2023-08-02 10:03:12,4885735,1 thẻ Sacombank: 3564800006314357 tên HOANG PHUC QUAN. Dated: 09/27,394638031,HCM-GE,BAO 20 - BÌ 4,"Hàng hóa hàng ngày, giấy tờ khác (quần áo, mắt kính...)",,2023-02-08 10:03:12.000,4885735,"Hàng hóa hàng ngày, giấy tờ khác (quần áo, mắt kính...)",228,Quá hạn,Thuê Vendor tiêu hủy / Quyên góp,Phụ lục 3 (TTLT 18),GE + FPS + Vendor
24/12/2022 16:03:14,6683981,1 bịch bánh quy => HỦY: HẾT HSD,376829138,HCM-GE,,"Hàng hóa hàng ngày, giấy tờ khác (quần áo, mắt kính...)",,2022-12-24 16:03:14.000,6683981,"Hàng hóa hàng ngày, giấy tờ khác (quần áo, mắt kính...)",274,Quá hạn,Thuê Vendor tiêu hủy / Quyên góp,Phụ lục 3 (TTLT 18),GE + FPS + Vendor
18/08/2022 10:55:51,1195190,1 bì thư EMS,326061308,HCM-GE,BAO 22 - BÌ 1,"Hàng hóa hàng ngày, giấy tờ khác (quần áo, mắt kính...)",,2022-08-18 10:55:51.000,1195190,"Hàng hóa hàng ngày, giấy tờ khác (quần áo, mắt kính...)",402,Quá hạn,Thuê Vendor tiêu hủy / Quyên góp,Phụ lục 3 (TTLT 18),GE + FPS + Vendor
2022-03-08 15:45:19,1605643,hồ sơ,320287857,HCM-GE,BAO 22 - BÌ 1,"Hàng hóa hàng ngày, giấy tờ khác (quần áo, mắt kính...)",,2022-08-03 15:45:19.000,1605643,"Hàng hóa hàng ngày, giấy tờ khác (quần áo, mắt kính...)",417,Quá hạn,Thuê Vendor tiêu hủy / Quyên góp,Phụ lục 3 (TTLT 18),GE + FPS + Vendor
24/08/2022 8:45:21,3536968,1 tập hồ sơ,328057204,HCM-GE,BAO 22 - BÌ 1,"Hàng hóa hàng ngày, giấy tờ khác (quần áo, mắt kính...)",,2022-08-24 08:45:21.000,3536968,"Hàng hóa hàng ngày, giấy tờ khác (quần áo, mắt kính...)",396,Quá hạn,Thuê Vendor tiêu hủy / Quyên góp,Phụ lục 3 (TTLT 18),GE + FPS + Vendor
15/08/2022 9:45:48,6487435,1 bộ hồ sơ,325048754,HCM-GE,BAO 22 - BÌ 1,"Hàng hóa hàng ngày, giấy tờ khác (quần áo, mắt kính...)",,2022-08-15 09:45:48.000,6487435,"Hàng hóa hàng ngày, giấy tờ khác (quần áo, mắt kính...)",405,Quá hạn,Thuê Vendor tiêu hủy / Quyên góp,Phụ lục 3 (TTLT 18),GE + FPS + Vendor
19/08/2022 8:51:12,791993,hò sơ,326436297,HCM-GE,BAO 22 - BÌ 1,"Hàng hóa hàng ngày, giấy tờ khác (quần áo, mắt kính...)",,2022-08-19 08:51:12.000,791993,"Hàng hóa hàng ngày, giấy tờ khác (quần áo, mắt kính...)",401,Quá hạn,Thuê Vendor tiêu hủy / Quyên góp,Phụ lục 3 (TTLT 18),GE + FPS + Vendor
20/08/2022 11:26:30,6531906,hồ sơ,327064582,HCM-GE,BAO 22 - BÌ 1,"Hàng hóa hàng ngày, giấy tờ khác (quần áo, mắt kính...)",,2022-08-20 11:26:30.000,6531906,"Hàng hóa hàng ngày, giấy tờ khác (quần áo, mắt kính...)",400,Quá hạn,Thuê Vendor tiêu hủy / Quyên góp,Phụ lục 3 (TTLT 18),GE + FPS + Vendor
31/08/2022 10:17:26,6381803,hò sơ,331450516,HCM-GE,BAO 22 - BÌ 1,"Hàng hóa hàng ngày, giấy tờ khác (quần áo, mắt kính...)",,2022-08-31 10:17:26.000,6381803,"Hàng hóa hàng ngày, giấy tờ khác (quần áo, mắt kính...)",389,Quá hạn,Thuê Vendor tiêu hủy / Quyên góp,Phụ lục 3 (TTLT 18),GE + FPS + Vendor
30/08/2022 13:17:21,1294222,bọ hồ sơ,331127688,HCM-GE,BAO 22 - BÌ 1,"Hàng hóa hàng ngày, giấy tờ khác (quần áo, mắt kính...)",,2022-08-30 13:17:21.000,1294222,"Hàng hóa hàng ngày, giấy tờ khác (quần áo, mắt kính...)",390,Quá hạn,Thuê Vendor tiêu hủy / Quyên góp,Phụ lục 3 (TTLT 18),GE + FPS + Vendor
26/08/2022 14:07:58,5310628,1 hóa đơn giá trị gia tăng,329208026,HCM-GE,BAO 22 - BÌ 1,"Hàng hóa hàng ngày, giấy tờ khác (quần áo, mắt kính...)",,2022-08-26 14:07:58.000,5310628,"Hàng hóa hàng ngày, giấy tờ khác (quần áo, mắt kính...)",394,Quá hạn,Thuê Vendor tiêu hủy / Quyên góp,Phụ lục 3 (TTLT 18),GE + FPS + Vendor
22/08/2022 15:35:55,5089752,1 biên bản hủy hợp đồng,327902289,HCM-GE,BAO 22 - BÌ 1,"Hàng hóa hàng ngày, giấy tờ khác (quần áo, mắt kính...)",,2022-08-22 15:35:55.000,5089752,"Hàng hóa hàng ngày, giấy tờ khác (quần áo, mắt kính...)",398,Quá hạn,Thuê Vendor tiêu hủy / Quyên góp,Phụ lục 3 (TTLT 18),GE + FPS + Vendor
18/08/2022 14:55:05,6548483,1 tờ giấy yêu cầu bồi thường,326335518,HCM-GE,BAO 22 - BÌ 1,"Hàng hóa hàng ngày, giấy tờ khác (quần áo, mắt kính...)",,2022-08-18 14:55:05.000,6548483,"Hàng hóa hàng ngày, giấy tờ khác (quần áo, mắt kính...)",402,Quá hạn,Thuê Vendor tiêu hủy / Quyên góp,Phụ lục 3 (TTLT 18),GE + FPS + Vendor
2022-10-08 11:47:39,4963629,1 bịch hạt đình lịch,322665407,HCM-GE,BAO 22 - BÌ 1,"Hàng hóa hàng ngày, giấy tờ khác (quần áo, mắt kính...)",,2022-08-10 11:47:39.000,4963629,"Hàng hóa hàng ngày, giấy tờ khác (quần áo, mắt kính...)",410,Quá hạn,Thuê Vendor tiêu hủy / Quyên góp,Phụ lục 3 (TTLT 18),GE + FPS + Vendor
2022-05-08 14:34:57,4467006,"1 hợp đồng sdung đất photto đã hết hạn, 1 giấy đề nghị kiêm hợp đồng cấp hạn mức tín dụng, 1 tờ trình của đơn vị cho vay bản photo công chứng 27/1/2021",321226031,HCM-GE,BAO 22 - BÌ 1,"Hàng hóa hàng ngày, giấy tờ khác (quần áo, mắt kính...)",,2022-08-05 14:34:57.000,4467006,"Hàng hóa hàng ngày, giấy tờ khác (quần áo, mắt kính...)",415,Quá hạn,Thuê Vendor tiêu hủy / Quyên góp,Phụ lục 3 (TTLT 18),GE + FPS + Vendor
2022-09-08 13:57:51,6092234,1 bao thư có bằng tốt nghiệp photo,322743797,HCM-GE,BAO 22 - BÌ 1,"Hàng hóa hàng ngày, giấy tờ khác (quần áo, mắt kính...)",,2022-08-09 13:57:51.000,6092234,"Hàng hóa hàng ngày, giấy tờ khác (quần áo, mắt kính...)",411,Quá hạn,Thuê Vendor tiêu hủy / Quyên góp,Phụ lục 3 (TTLT 18),GE + FPS + Vendor
2022-12-08 15:02:06,5181296,giống decal.,323772569,HCM-GE,BAO 22 - BÌ 1,"Hàng hóa hàng ngày, giấy tờ khác (quần áo, mắt kính...)",,2022-08-12 15:02:06.000,5181296,"Hàng hóa hàng ngày, giấy tờ khác (quần áo, mắt kính...)",408,Quá hạn,Thuê Vendor tiêu hủy / Quyên góp,Phụ lục 3 (TTLT 18),GE + FPS + Vendor
16/08/2022 16:14:11,5604217,2 gói đồ,325559074,HCM-GE,BAO 22 - BÌ 1,"Hàng hóa hàng ngày, giấy tờ khác (quần áo, mắt kính...)",,2022-08-16 16:14:11.000,5604217,"Hàng hóa hàng ngày, giấy tờ khác (quần áo, mắt kính...)",404,Quá hạn,Thuê Vendor tiêu hủy / Quyên góp,Phụ lục 3 (TTLT 18),GE + FPS + Vendor
2022-08-08 09:54:24,4557928,1 củ sạc và dây sạc.,322284205,HCM-GE,BAO 22 - BÌ 1,"Hàng hóa hàng ngày, giấy tờ khác (quần áo, mắt kính...)",,2022-08-08 09:54:24.000,4557928,"Hàng hóa hàng ngày, giấy tờ khác (quần áo, mắt kính...)",412,Quá hạn,Thuê Vendor tiêu hủy / Quyên góp,Phụ lục 3 (TTLT 18),GE + FPS + Vendor
15/08/2022 9:46:12,643794,1 bàn phím kiêm chuột ko dây,324440285,HCM-GE,BAO 22 - BÌ 1,"Hàng hóa hàng ngày, giấy tờ khác (quần áo, mắt kính...)",,2022-08-15 09:46:12.000,643794,"Hàng hóa hàng ngày, giấy tờ khác (quần áo, mắt kính...)",405,Quá hạn,Thuê Vendor tiêu hủy / Quyên góp,Phụ lục 3 (TTLT 18),GE + FPS + Vendor
19/08/2022 10:41:32,2791805,2 hộp hàng shoppe,326464398,HCM-GE,BAO 22 - BÌ 1,"Hàng hóa hàng ngày, giấy tờ khác (quần áo, mắt kính...)",,2022-08-19 10:41:32.000,2791805,"Hàng hóa hàng ngày, giấy tờ khác (quần áo, mắt kính...)",401,Quá hạn,Thuê Vendor tiêu hủy / Quyên góp,Phụ lục 3 (TTLT 18),GE + FPS + Vendor
2022-04-08 11:38:29,6391895,1 cục pin,320611288,HCM-GE,BAO 22 - BÌ 1,"Hàng hóa hàng ngày, giấy tờ khác (quần áo, mắt kính...)",,2022-08-04 11:38:29.000,6391895,"Hàng hóa hàng ngày, giấy tờ khác (quần áo, mắt kính...)",416,Quá hạn,Thuê Vendor tiêu hủy / Quyên góp,Phụ lục 3 (TTLT 18),GE + FPS + Vendor
26/08/2022 13:31:12,6371746,1 chìa khóa màu đen.,329612039,HCM-GE,BAO 22 - BÌ 1,"Hàng hóa hàng ngày, giấy tờ khác (quần áo, mắt kính...)",,2022-08-26 13:31:12.000,6371746,"Hàng hóa hàng ngày, giấy tờ khác (quần áo, mắt kính...)",394,Quá hạn,Thuê Vendor tiêu hủy / Quyên góp,Phụ lục 3 (TTLT 18),GE + FPS + Vendor
19/08/2022 14:45:57,4244430,1 sổ hộ khẩu photo,326682631,HCM-GE,BAO 22 - BÌ 1,"Hàng hóa hàng ngày, giấy tờ khác (quần áo, mắt kính...)",,2022-08-19 14:45:57.000,4244430,"Hàng hóa hàng ngày, giấy tờ khác (quần áo, mắt kính...)",401,Quá hạn,Thuê Vendor tiêu hủy / Quyên góp,Phụ lục 3 (TTLT 18),GE + FPS + Vendor
,5815383,1 hộp con Dấu mực,1,HCM-GE,BAO 22 - BÌ 1,"Hàng hóa hàng ngày, giấy tờ khác (quần áo, mắt kính...)",,,5815383,"Hàng hóa hàng ngày, giấy tờ khác (quần áo, mắt kính...)",999,Quá hạn,Thuê Vendor tiêu hủy / Quyên góp,Phụ lục 3 (TTLT 18),GE + FPS + Vendor
2022-09-07 08:22:56,6423588,1 hộp giấy đựng 2 viên xà bông,310689821,HCM-GE,BAO 22 - BÌ 1,"Hàng hóa hàng ngày, giấy tờ khác (quần áo, mắt kính...)",,2022-07-09 08:22:56.000,6423588,"Hàng hóa hàng ngày, giấy tờ khác (quần áo, mắt kính...)",442,Quá hạn,Thuê Vendor tiêu hủy / Quyên góp,Phụ lục 3 (TTLT 18),GE + FPS + Vendor
30/08/2022 8:38:23,2159874,5 cây son,330890071,HCM-GE,BAO 22 - BÌ 1,"Hàng hóa hàng ngày, giấy tờ khác (quần áo, mắt kính...)",,2022-08-30 08:38:23.000,2159874,"Hàng hóa hàng ngày, giấy tờ khác (quần áo, mắt kính...)",390,Quá hạn,Thuê Vendor tiêu hủy / Quyên góp,Phụ lục 3 (TTLT 18),GE + FPS + Vendor
19/08/2022 9:37:25,778456,miếng vải mẫu,326241538,HCM-GE,BAO 22 - BÌ 1,"Hàng hóa hàng ngày, giấy tờ khác (quần áo, mắt kính...)",,2022-08-19 09:37:25.000,778456,"Hàng hóa hàng ngày, giấy tờ khác (quần áo, mắt kính...)",401,Quá hạn,Thuê Vendor tiêu hủy / Quyên góp,Phụ lục 3 (TTLT 18),GE + FPS + Vendor
2022-03-08 13:27:17,6111722,1 túi hạt chia => HỦY: HẾT HSD,320194951,HCM-GE,BAO 22 - BÌ 1,"Hàng hóa hàng ngày, giấy tờ khác (quần áo, mắt kính...)",,2022-08-03 13:27:17.000,6111722,"Hàng hóa hàng ngày, giấy tờ khác (quần áo, mắt kính...)",417,Quá hạn,Thuê Vendor tiêu hủy / Quyên góp,Phụ lục 3 (TTLT 18),GE + FPS + Vendor
23/08/2022 13:14:56,1601866,1 sim,328148704,HCM-GE,BAO 22 - BÌ 1,"Hàng hóa hàng ngày, giấy tờ khác (quần áo, mắt kính...)",,2022-08-23 13:14:56.000,1601866,"Hàng hóa hàng ngày, giấy tờ khác (quần áo, mắt kính...)",397,Quá hạn,Thuê Vendor tiêu hủy / Quyên góp,Phụ lục 3 (TTLT 18),GE + FPS + Vendor
2023-05-09 11:17:01,5025400,5 cây son,468492805,HCM-GE,BAO 22 - BÌ 1,"Hàng hóa hàng ngày, giấy tờ khác (quần áo, mắt kính...)",,2023-09-05 11:17:01.000,5025400,"Hàng hóa hàng ngày, giấy tờ khác (quần áo, mắt kính...)",19,Còn hạn,Thuê Vendor tiêu hủy / Quyên góp,Phụ lục 3 (TTLT 18),GE + FPS + Vendor
22/08/2022 08:45:26,5235703,1 áo sơ mi trắng,327733612,HCM-GE,BAO 22 - BÌ 1,"Hàng hóa hàng ngày, giấy tờ khác (quần áo, mắt kính...)",,2022-08-22 08:45:26.000,5235703,"Hàng hóa hàng ngày, giấy tờ khác (quần áo, mắt kính...)",398,Quá hạn,Thuê Vendor tiêu hủy / Quyên góp,Phụ lục 3 (TTLT 18),GE + FPS + Vendor
2022-11-08 11:02:02,851384,1 chiếc giày => HỦY,321465511,HCM-GE,BAO 22 - BÌ 1,"Hàng hóa hàng ngày, giấy tờ khác (quần áo, mắt kính...)",,2022-08-11 11:02:02.000,851384,"Hàng hóa hàng ngày, giấy tờ khác (quần áo, mắt kính...)",409,Quá hạn,Thuê Vendor tiêu hủy / Quyên góp,Phụ lục 3 (TTLT 18),GE + FPS + Vendor
26/08/2022 16:44:54,5251795,5 chai siro ho covid => HỦY (HẾT HSD),329588628,HCM-GE,BAO 22 - BÌ 1,"Hàng hóa hàng ngày, giấy tờ khác (quần áo, mắt kính...)",,2022-08-26 16:44:54.000,5251795,"Hàng hóa hàng ngày, giấy tờ khác (quần áo, mắt kính...)",394,Quá hạn,Thuê Vendor tiêu hủy / Quyên góp,Phụ lục 3 (TTLT 18),GE + FPS + Vendor
2022-01-08 11:10:34,870594,1 hộp đồng hồ tissot ( không có đồng hồ bên trong) => HỦY HỘP GIẤY KO,319639036,HCM-GE,BAO 22 - BÌ 1,"Hàng hóa hàng ngày, giấy tờ khác (quần áo, mắt kính...)",,2022-08-01 11:10:34.000,870594,"Hàng hóa hàng ngày, giấy tờ khác (quần áo, mắt kính...)",419,Quá hạn,Thuê Vendor tiêu hủy / Quyên góp,Phụ lục 3 (TTLT 18),GE + FPS + Vendor
2022-02-08 13:09:27,1542066,2 hộp mỹ phẩm,320085497,HCM-GE,BAO 22 - BÌ 1,"Hàng hóa hàng ngày, giấy tờ khác (quần áo, mắt kính...)",,2022-08-02 13:09:27.000,1542066,"Hàng hóa hàng ngày, giấy tờ khác (quần áo, mắt kính...)",418,Quá hạn,Thuê Vendor tiêu hủy / Quyên góp,Phụ lục 3 (TTLT 18),GE + FPS + Vendor
2022-04-08 13:21:36,5749978,12 bịch trà => HỦY (HẾT HSD),318984013,HCM-GE,BAO 22 - BÌ 1,"Hàng hóa hàng ngày, giấy tờ khác (quần áo, mắt kính...)",,2022-08-04 13:21:36.000,5749978,"Hàng hóa hàng ngày, giấy tờ khác (quần áo, mắt kính...)",416,Quá hạn,Thuê Vendor tiêu hủy / Quyên góp,Phụ lục 3 (TTLT 18),GE + FPS + Vendor
19/08/2022 14:36:08,4150319,1 bịch màu đen,326707683,HCM-GE,BAO 22 - BÌ 1,"Hàng hóa hàng ngày, giấy tờ khác (quần áo, mắt kính...)",,2022-08-19 14:36:08.000,4150319,"Hàng hóa hàng ngày, giấy tờ khác (quần áo, mắt kính...)",401,Quá hạn,Thuê Vendor tiêu hủy / Quyên góp,Phụ lục 3 (TTLT 18),GE + FPS + Vendor
16/08/2022 16:24:35,4527209,1 kéo cắt tóc + (1 hộp keo vuốt tóc: hết HSD => HỦY),325554237,HCM-GE,BAO 22 - BÌ 1,"Hàng hóa hàng ngày, giấy tờ khác (quần áo, mắt kính...)",,2022-08-16 16:24:35.000,4527209,"Hàng hóa hàng ngày, giấy tờ khác (quần áo, mắt kính...)",404,Quá hạn,Thuê Vendor tiêu hủy / Quyên góp,Phụ lục 3 (TTLT 18),GE + FPS + Vendor
18/08/2022 10:11:38,6491696,1 bịch vải,326048758,HCM-GE,BAO 22 - BÌ 1,"Hàng hóa hàng ngày, giấy tờ khác (quần áo, mắt kính...)",,2022-08-18 10:11:38.000,6491696,"Hàng hóa hàng ngày, giấy tờ khác (quần áo, mắt kính...)",402,Quá hạn,Thuê Vendor tiêu hủy / Quyên góp,Phụ lục 3 (TTLT 18),GE + FPS + Vendor
22/08/2022 10:08:23,1127329,"2 tuýp kém dưỡng da, 1 bàn chải đánh răng, 1 bộ bài => HỦY (CHẢY NƯỚC)",327199040,HCM-GE,BAO 22 - BÌ 1,"Hàng hóa hàng ngày, giấy tờ khác (quần áo, mắt kính...)",,2022-08-22 10:08:23.000,1127329,"Hàng hóa hàng ngày, giấy tờ khác (quần áo, mắt kính...)",398,Quá hạn,Thuê Vendor tiêu hủy / Quyên góp,Phụ lục 3 (TTLT 18),GE + FPS + Vendor
2022-02-08 13:49:45,5658420,2 bình sữa em bé,320083944,HCM-GE,BAO 22 - BÌ 1,"Hàng hóa hàng ngày, giấy tờ khác (quần áo, mắt kính...)",,2022-08-02 13:49:45.000,5658420,"Hàng hóa hàng ngày, giấy tờ khác (quần áo, mắt kính...)",418,Quá hạn,Thuê Vendor tiêu hủy / Quyên góp,Phụ lục 3 (TTLT 18),GE + FPS + Vendor
18/03/2023 15:16:43,6518631,1 cục hàng Shopee đã niêm phong: set đầm 2 dây,411731792,HCM-GE,BAO 23 - BÌ 1,"Hàng hóa hàng ngày, giấy tờ khác (quần áo, mắt kính...)",,2023-03-18 15:16:43.000,6518631,"Hàng hóa hàng ngày, giấy tờ khác (quần áo, mắt kính...)",190,Quá hạn,Thuê Vendor tiêu hủy / Quyên góp,Phụ lục 3 (TTLT 18),GE + FPS + Vendor
2023-11-03 00:00:00,6793501,1 hộp giấy dán keo: bản chải đánh răng,409158756,HCM-GE,BAO 23 - BÌ 1,"Hàng hóa hàng ngày, giấy tờ khác (quần áo, mắt kính...)",,2023-03-11 00:00:00.000,6793501,"Hàng hóa hàng ngày, giấy tờ khác (quần áo, mắt kính...)",198,Quá hạn,Thuê Vendor tiêu hủy / Quyên góp,Phụ lục 3 (TTLT 18),GE + FPS + Vendor
2023-07-03 11:07:49,6654031,quần áo,407285703,HCM-GE,BAO 23 - BÌ 1,"Hàng hóa hàng ngày, giấy tờ khác (quần áo, mắt kính...)",,2023-03-07 11:07:49.000,6654031,"Hàng hóa hàng ngày, giấy tờ khác (quần áo, mắt kính...)",201,Quá hạn,Thuê Vendor tiêu hủy / Quyên góp,Phụ lục 3 (TTLT 18),GE + FPS + Vendor
2023-03-03 13:52:55,5123957,1 hồ sơ thiết kế,405505716,HCM-GE,BAO 23 - BÌ 1,"Hàng hóa hàng ngày, giấy tờ khác (quần áo, mắt kính...)",,2023-03-03 13:52:55.000,5123957,"Hàng hóa hàng ngày, giấy tờ khác (quần áo, mắt kính...)",205,Quá hạn,Thuê Vendor tiêu hủy / Quyên góp,Phụ lục 3 (TTLT 18),GE + FPS + Vendor
2023-07-03 16:21:37,4996799,1 bìa hồ sơ,407577746,HCM-GE,BAO 23 - BÌ 1,"Hàng hóa hàng ngày, giấy tờ khác (quần áo, mắt kính...)",,2023-03-07 16:21:37.000,4996799,"Hàng hóa hàng ngày, giấy tờ khác (quần áo, mắt kính...)",201,Quá hạn,Thuê Vendor tiêu hủy / Quyên góp,Phụ lục 3 (TTLT 18),GE + FPS + Vendor
16/03/2023 9:47:08,4096412,1 sấp thẻ Kpop,410664389,HCM-GE,BAO 23 - BÌ 1,"Hàng hóa hàng ngày, giấy tờ khác (quần áo, mắt kính...)",,2023-03-16 09:47:08.000,4096412,"Hàng hóa hàng ngày, giấy tờ khác (quần áo, mắt kính...)",192,Quá hạn,Thuê Vendor tiêu hủy / Quyên góp,Phụ lục 3 (TTLT 18),GE + FPS + Vendor
31/03/2023 9:22:52,6720593,1 bìa thư,415824161,HCM-GE,BAO 23 - BÌ 1,"Hàng hóa hàng ngày, giấy tờ khác (quần áo, mắt kính...)",,2023-03-31 09:22:52.000,6720593,"Hàng hóa hàng ngày, giấy tờ khác (quần áo, mắt kính...)",177,Còn hạn,Thuê Vendor tiêu hủy / Quyên góp,Phụ lục 3 (TTLT 18),GE + FPS + Vendor
18/03/2023 9:25:43,5825400,1 cốc sạc,410694194,HCM-GE,BAO 23 - BÌ 1,"Hàng hóa hàng ngày, giấy tờ khác (quần áo, mắt kính...)",,2023-03-18 09:25:43.000,5825400,"Hàng hóa hàng ngày, giấy tờ khác (quần áo, mắt kính...)",190,Quá hạn,Thuê Vendor tiêu hủy / Quyên góp,Phụ lục 3 (TTLT 18),GE + FPS + Vendor
17/03/2023 8:37:27,2294613,1 cái ví màu đen bên trong có giấy và 2 bao lì xì ( không có tiền mặt ),410911813,HCM-GE,BAO 23 - BÌ 1,"Hàng hóa hàng ngày, giấy tờ khác (quần áo, mắt kính...)",,2023-03-17 08:37:27.000,2294613,"Hàng hóa hàng ngày, giấy tờ khác (quần áo, mắt kính...)",191,Quá hạn,Thuê Vendor tiêu hủy / Quyên góp,Phụ lục 3 (TTLT 18),GE + FPS + Vendor
23/03/2023 14:26:41,2130838,1 cục hàng gói kín: đồ tập gym,413157168,HCM-GE,BAO 23 - BÌ 1,"Hàng hóa hàng ngày, giấy tờ khác (quần áo, mắt kính...)",,2023-03-23 14:26:41.000,2130838,"Hàng hóa hàng ngày, giấy tờ khác (quần áo, mắt kính...)",185,Quá hạn,Thuê Vendor tiêu hủy / Quyên góp,Phụ lục 3 (TTLT 18),GE + FPS + Vendor
2023-02-24 14:17:58,4766801,1 bịch thuốc tây.,402362998,HCM-GE,BAO 23 - BÌ 1,"Hàng hóa hàng ngày, giấy tờ khác (quần áo, mắt kính...)",,2023-02-24 14:17:58.000,4766801,"Hàng hóa hàng ngày, giấy tờ khác (quần áo, mắt kính...)",212,Quá hạn,Thuê Vendor tiêu hủy / Quyên góp,Phụ lục 3 (TTLT 18),GE + FPS + Vendor
2023-02-03 09:13:15,6662985,bịch màu xanh bên trong là sắp giấy bảng vẽ nhà có tên Thảo Phương,405274477,HCM-GE,BAO 23 - BÌ 1,"Hàng hóa hàng ngày, giấy tờ khác (quần áo, mắt kính...)",,2023-03-02 09:13:15.000,6662985,"Hàng hóa hàng ngày, giấy tờ khác (quần áo, mắt kính...)",206,Quá hạn,Thuê Vendor tiêu hủy / Quyên góp,Phụ lục 3 (TTLT 18),GE + FPS + Vendor
17/03/2023 10:38:06,2073445,1 bịch thuốc cỏ => HỦY ,411257970,HCM-GE,BAO 23 - BÌ 1,"Hàng hóa hàng ngày, giấy tờ khác (quần áo, mắt kính...)",,2023-03-17 10:38:06.000,2073445,"Hàng hóa hàng ngày, giấy tờ khác (quần áo, mắt kính...)",191,Quá hạn,Thuê Vendor tiêu hủy / Quyên góp,Phụ lục 3 (TTLT 18),GE + FPS + Vendor
2023-06-09 10:08:17,4110539,1 cái loa còn mới trong hộp,468688638,HCM-GE,BAO 23 - BÌ 1,"Hàng hóa hàng ngày, giấy tờ khác (quần áo, mắt kính...)",,2023-09-06 10:08:17.000,4110539,"Hàng hóa hàng ngày, giấy tờ khác (quần áo, mắt kính...)",18,Còn hạn,Thuê Vendor tiêu hủy / Quyên góp,Phụ lục 3 (TTLT 18),GE + FPS + Vendor
21/03/2023 8:16:39,3899645,1bộ đp + 1 thẻ giấy nhân viên tập huấn,412335755,HCM-GE,BAO 23 - BÌ 1,"Hàng hóa hàng ngày, giấy tờ khác (quần áo, mắt kính...)",,2023-03-21 08:16:39.000,3899645,"Hàng hóa hàng ngày, giấy tờ khác (quần áo, mắt kính...)",187,Quá hạn,Thuê Vendor tiêu hủy / Quyên góp,Phụ lục 3 (TTLT 18),GE + FPS + Vendor
14/09/2022 16:40:58,6557197,1 hồ sơ: hàng mẫu in + bản thiết kế mẫu áo + quần,336661779,HCM-GE,BAO 24 - BÌ 1,"Hàng hóa hàng ngày, giấy tờ khác (quần áo, mắt kính...)",,2022-09-14 16:40:58.000,6557197,"Hàng hóa hàng ngày, giấy tờ khác (quần áo, mắt kính...)",375,Quá hạn,Thuê Vendor tiêu hủy / Quyên góp,Phụ lục 3 (TTLT 18),GE + FPS + Vendor
13/09/2022 8:33:45,4393432,1 bộ hồ sơ ngân hàng MB Bank.,336240663,HCM-GE,BAO 24 - BÌ 1,"Hàng hóa hàng ngày, giấy tờ khác (quần áo, mắt kính...)",,2022-09-13 08:33:45.000,4393432,"Hàng hóa hàng ngày, giấy tờ khác (quần áo, mắt kính...)",376,Quá hạn,Thuê Vendor tiêu hủy / Quyên góp,Phụ lục 3 (TTLT 18),GE + FPS + Vendor
29/09/2022 17:07:46,4634388,hồ sơ,343165064,HCM-GE,BAO 24 - BÌ 1,"Hàng hóa hàng ngày, giấy tờ khác (quần áo, mắt kính...)",,2022-09-29 17:07:46.000,4634388,"Hàng hóa hàng ngày, giấy tờ khác (quần áo, mắt kính...)",360,Quá hạn,Thuê Vendor tiêu hủy / Quyên góp,Phụ lục 3 (TTLT 18),GE + FPS + Vendor
,5243507,biên bản thỏa thuận,337019654,HCM-GE,BAO 24 - BÌ 1,"Hàng hóa hàng ngày, giấy tờ khác (quần áo, mắt kính...)",,,5243507,"Hàng hóa hàng ngày, giấy tờ khác (quần áo, mắt kính...)",999,Quá hạn,Thuê Vendor tiêu hủy / Quyên góp,Phụ lục 3 (TTLT 18),GE + FPS + Vendor
21/09/2022 15:02:18,6565046,quần áo - niêm phong,339932679,HCM-GE,BAO 24 - BÌ 1,"Hàng hóa hàng ngày, giấy tờ khác (quần áo, mắt kính...)",,2022-09-21 15:02:18.000,6565046,"Hàng hóa hàng ngày, giấy tờ khác (quần áo, mắt kính...)",368,Quá hạn,Thuê Vendor tiêu hủy / Quyên góp,Phụ lục 3 (TTLT 18),GE + FPS + Vendor
28/09/2022 10:56:45,6509336,1 áo,342597772,HCM-GE,BAO 24 - BÌ 1,"Hàng hóa hàng ngày, giấy tờ khác (quần áo, mắt kính...)",,2022-09-28 10:56:45.000,6509336,"Hàng hóa hàng ngày, giấy tờ khác (quần áo, mắt kính...)",361,Quá hạn,Thuê Vendor tiêu hủy / Quyên góp,Phụ lục 3 (TTLT 18),GE + FPS + Vendor
21/09/2022 14:27:33,5331065, 5 cây son => HỦY (HẾT HSD),339883792,HCM-GE,BAO 24 - BÌ 1,"Hàng hóa hàng ngày, giấy tờ khác (quần áo, mắt kính...)",,2022-09-21 14:27:33.000,5331065,"Hàng hóa hàng ngày, giấy tờ khác (quần áo, mắt kính...)",368,Quá hạn,Thuê Vendor tiêu hủy / Quyên góp,Phụ lục 3 (TTLT 18),GE + FPS + Vendor
24/09/2022 16:40:59,4400761,hồ sơ,341192165,HCM-GE,BAO 24 - BÌ 1,"Hàng hóa hàng ngày, giấy tờ khác (quần áo, mắt kính...)",,2022-09-24 16:40:59.000,4400761,"Hàng hóa hàng ngày, giấy tờ khác (quần áo, mắt kính...)",365,Quá hạn,Thuê Vendor tiêu hủy / Quyên góp,Phụ lục 3 (TTLT 18),GE + FPS + Vendor
23/09/2022 17:06:07,3097009,Phiếu xác nhận phiếu lương,340754942,HCM-GE,BAO 24 - BÌ 1,"Hàng hóa hàng ngày, giấy tờ khác (quần áo, mắt kính...)",,2022-09-23 17:06:07.000,3097009,"Hàng hóa hàng ngày, giấy tờ khác (quần áo, mắt kính...)",366,Quá hạn,Thuê Vendor tiêu hủy / Quyên góp,Phụ lục 3 (TTLT 18),GE + FPS + Vendor
2022-09-09 08:29:26,5341729,1 cục hàng niêm phong,334937602,HCM-GE,BAO 24 - BÌ 1,"Hàng hóa hàng ngày, giấy tờ khác (quần áo, mắt kính...)",,2022-09-09 08:29:26.000,5341729,"Hàng hóa hàng ngày, giấy tờ khác (quần áo, mắt kính...)",380,Quá hạn,Thuê Vendor tiêu hủy / Quyên góp,Phụ lục 3 (TTLT 18),GE + FPS + Vendor
2022-06-09 11:55:43,4162321,hàng shoppe màu xanh: đầm dự tiệc big size,333776005,HCM-GE,BAO 24 - BÌ 1,"Hàng hóa hàng ngày, giấy tờ khác (quần áo, mắt kính...)",,2022-09-06 11:55:43.000,4162321,"Hàng hóa hàng ngày, giấy tờ khác (quần áo, mắt kính...)",383,Quá hạn,Thuê Vendor tiêu hủy / Quyên góp,Phụ lục 3 (TTLT 18),GE + FPS + Vendor
21/09/2022 15:27:02,4875744,đạp số xe máy,339944971,HCM-GE,BAO 24 - BÌ 1,"Hàng hóa hàng ngày, giấy tờ khác (quần áo, mắt kính...)",,2022-09-21 15:27:02.000,4875744,"Hàng hóa hàng ngày, giấy tờ khác (quần áo, mắt kính...)",368,Quá hạn,Thuê Vendor tiêu hủy / Quyên góp,Phụ lục 3 (TTLT 18),GE + FPS + Vendor
13/09/2022 8:55:13,6563933,họp mỹ phẩm => HỦY (HẾT HSD),336009587,HCM-GE,BAO 24 - BÌ 1,"Hàng hóa hàng ngày, giấy tờ khác (quần áo, mắt kính...)",,2022-09-13 08:55:13.000,6563933,"Hàng hóa hàng ngày, giấy tờ khác (quần áo, mắt kính...)",376,Quá hạn,Thuê Vendor tiêu hủy / Quyên góp,Phụ lục 3 (TTLT 18),GE + FPS + Vendor
22/09/2022 11:11:08,1942261,mỹ phẩm => HỦY (HẾT HSD),340149911,HCM-GE,BAO 24 - BÌ 1,"Hàng hóa hàng ngày, giấy tờ khác (quần áo, mắt kính...)",,2022-09-22 11:11:08.000,1942261,"Hàng hóa hàng ngày, giấy tờ khác (quần áo, mắt kính...)",367,Quá hạn,Thuê Vendor tiêu hủy / Quyên góp,Phụ lục 3 (TTLT 18),GE + FPS + Vendor
2022-08-09 09:38:15,4413790,hàng shopee (đồ trang điểm),334562363,HCM-GE,BAO 24 - BÌ 1,"Hàng hóa hàng ngày, giấy tờ khác (quần áo, mắt kính...)",,2022-09-08 09:38:15.000,4413790,"Hàng hóa hàng ngày, giấy tờ khác (quần áo, mắt kính...)",381,Quá hạn,Thuê Vendor tiêu hủy / Quyên góp,Phụ lục 3 (TTLT 18),GE + FPS + Vendor
21/09/2022 8:53:19,5154128,áo,329277112,HCM-GE,BAO 24 - BÌ 1,"Hàng hóa hàng ngày, giấy tờ khác (quần áo, mắt kính...)",,2022-09-21 08:53:19.000,5154128,"Hàng hóa hàng ngày, giấy tờ khác (quần áo, mắt kính...)",368,Quá hạn,Thuê Vendor tiêu hủy / Quyên góp,Phụ lục 3 (TTLT 18),GE + FPS + Vendor
2022-12-11 08:14:58,4955848,tấm băng rôn,360402937,HCM-GE,BAO 25 - LẺ,"Hàng hóa hàng ngày, giấy tờ khác (quần áo, mắt kính...)",,2022-11-12 08:14:58.000,4955848,"Hàng hóa hàng ngày, giấy tờ khác (quần áo, mắt kính...)",316,Quá hạn,Thuê Vendor tiêu hủy / Quyên góp,Phụ lục 3 (TTLT 18),GE + FPS + Vendor
16/11/2022 17:19:53,6428466,1 bịch có nhiều cuộn giấy in bill: 24 cuộn,362266388,HCM-GE,BAO 25 - LẺ,"Hàng hóa hàng ngày, giấy tờ khác (quần áo, mắt kính...)",,2022-11-16 17:19:53.000,6428466,"Hàng hóa hàng ngày, giấy tờ khác (quần áo, mắt kính...)",312,Quá hạn,Thuê Vendor tiêu hủy / Quyên góp,Phụ lục 3 (TTLT 18),GE + FPS + Vendor
24/11/2022 16:45:34,6637461,1 dây diện,365468503,HCM-GE,BAO 25 - LẺ,"Hàng hóa hàng ngày, giấy tờ khác (quần áo, mắt kính...)",,2022-11-24 16:45:34.000,6637461,"Hàng hóa hàng ngày, giấy tờ khác (quần áo, mắt kính...)",304,Quá hạn,Thuê Vendor tiêu hủy / Quyên góp,Phụ lục 3 (TTLT 18),GE + FPS + Vendor
28/11/2022 12:44:07,5134357,1 cục hàng (ko rõ mặt hàng): sắt,362733771,HCM-GE,BAO 25 - LẺ,"Hàng hóa hàng ngày, giấy tờ khác (quần áo, mắt kính...)",,2022-11-28 12:44:07.000,5134357,"Hàng hóa hàng ngày, giấy tờ khác (quần áo, mắt kính...)",300,Quá hạn,Thuê Vendor tiêu hủy / Quyên góp,Phụ lục 3 (TTLT 18),GE + FPS + Vendor
2022-07-06 08:56:18,4559583,2 hộp kem trắng da. CORXMASTIC (HSD: 10/03/2024) ,298317760,HCM-GE,BAO 28- Lẻ,"Hàng hóa hàng ngày, giấy tờ khác (quần áo, mắt kính...)",,2022-06-07 08:56:18.000,4559583,"Hàng hóa hàng ngày, giấy tờ khác (quần áo, mắt kính...)",474,Quá hạn,Thuê Vendor tiêu hủy / Quyên góp,Phụ lục 3 (TTLT 18),GE + FPS + Vendor
29/06/2022 9:34:40,1834097,2 hộp kem (HSD: 10/03/2024) CORX,306617412,HCM-GE,BAO 28- Lẻ,"Hàng hóa hàng ngày, giấy tờ khác (quần áo, mắt kính...)",,2022-06-29 09:34:40.000,1834097,"Hàng hóa hàng ngày, giấy tờ khác (quần áo, mắt kính...)",452,Quá hạn,Thuê Vendor tiêu hủy / Quyên góp,Phụ lục 3 (TTLT 18),GE + FPS + Vendor
25/06/2022 17:06:39,5006515,5 hộp thuốc nhuộm tóc (HSD: 04/06/2025),305525959,HCM-GE,BAO 28- Lẻ,"Hàng hóa hàng ngày, giấy tờ khác (quần áo, mắt kính...)",,2022-06-25 17:06:39.000,5006515,"Hàng hóa hàng ngày, giấy tờ khác (quần áo, mắt kính...)",456,Quá hạn,Thuê Vendor tiêu hủy / Quyên góp,Phụ lục 3 (TTLT 18),GE + FPS + Vendor
20/06/2022 14:12:45,5735255,2 hộp mỹ phẩm (HSD: 10/03/2024) CORX,302893601,HCM-GE,BAO 28- Lẻ,"Hàng hóa hàng ngày, giấy tờ khác (quần áo, mắt kính...)",,2022-06-20 14:12:45.000,5735255,"Hàng hóa hàng ngày, giấy tờ khác (quần áo, mắt kính...)",461,Quá hạn,Thuê Vendor tiêu hủy / Quyên góp,Phụ lục 3 (TTLT 18),GE + FPS + Vendor
2022-04-06 14:13:25,1669669,10 hộp kem nhuộm tóc (HSD: 22/02/2025),297555103,HCM-GE,BAO 28- Lẻ,"Hàng hóa hàng ngày, giấy tờ khác (quần áo, mắt kính...)",,2022-06-04 14:13:25.000,1669669,"Hàng hóa hàng ngày, giấy tờ khác (quần áo, mắt kính...)",477,Quá hạn,Thuê Vendor tiêu hủy / Quyên góp,Phụ lục 3 (TTLT 18),GE + FPS + Vendor
2022-01-06 10:43:01,657614,2 họp kem LIVY'S (HSD: 01/11/2024),296260254,HCM-GE,BAO 28- Lẻ,"Hàng hóa hàng ngày, giấy tờ khác (quần áo, mắt kính...)",,2022-06-01 10:43:01.000,657614,"Hàng hóa hàng ngày, giấy tờ khác (quần áo, mắt kính...)",480,Quá hạn,Thuê Vendor tiêu hủy / Quyên góp,Phụ lục 3 (TTLT 18),GE + FPS + Vendor
2022-08-06 14:37:03,74558,5 hộp kem nhuộm tóc (hsd: 29/12/2024),299005154,HCM-GE,BAO 28- Lẻ,"Hàng hóa hàng ngày, giấy tờ khác (quần áo, mắt kính...)",,2022-06-08 14:37:03.000,74558,"Hàng hóa hàng ngày, giấy tờ khác (quần áo, mắt kính...)",473,Quá hạn,Thuê Vendor tiêu hủy / Quyên góp,Phụ lục 3 (TTLT 18),GE + FPS + Vendor
2022-06-06 10:06:41,4250912,2 hộp kem trắng da corx (hsd: 10/03/2024),297906594,HCM-GE,BAO 28- Lẻ,"Hàng hóa hàng ngày, giấy tờ khác (quần áo, mắt kính...)",,2022-06-06 10:06:41.000,4250912,"Hàng hóa hàng ngày, giấy tờ khác (quần áo, mắt kính...)",475,Quá hạn,Thuê Vendor tiêu hủy / Quyên góp,Phụ lục 3 (TTLT 18),GE + FPS + Vendor
2022-03-06 08:39:23,4936880,2 hộp kem trắng da corx (hsd: 10/03/2024),297066534‬,HCM-GE,BAO 28- Lẻ,"Hàng hóa hàng ngày, giấy tờ khác (quần áo, mắt kính...)",,2022-06-03 08:39:23.000,4936880,"Hàng hóa hàng ngày, giấy tờ khác (quần áo, mắt kính...)",478,Quá hạn,Thuê Vendor tiêu hủy / Quyên góp,Phụ lục 3 (TTLT 18),GE + FPS + Vendor
21/06/2022 13:54:28,2720037,2 hộp kem trắng da corx (hsd: 10/03/2024),301683499,HCM-GE,BAO 28- Lẻ,"Hàng hóa hàng ngày, giấy tờ khác (quần áo, mắt kính...)",,2022-06-21 13:54:28.000,2720037,"Hàng hóa hàng ngày, giấy tờ khác (quần áo, mắt kính...)",460,Quá hạn,Thuê Vendor tiêu hủy / Quyên góp,Phụ lục 3 (TTLT 18),GE + FPS + Vendor
2021-09-06 14:56:06,5688387,hồ sơ,197175202,HCM-GE,BÌ 1 LẺ,"Hàng hóa hàng ngày, giấy tờ khác (quần áo, mắt kính...)",,2021-06-09 14:56:06.000,5688387,"Hàng hóa hàng ngày, giấy tờ khác (quần áo, mắt kính...)",837,Quá hạn,Thuê Vendor tiêu hủy / Quyên góp,Phụ lục 3 (TTLT 18),GE + FPS + Vendor
2021-08-04 08:32:42,5147848,1 cái loa mini + 1 cái quần,185469490,HCM-GE,,"Hàng hóa hàng ngày, giấy tờ khác (quần áo, mắt kính...)",,2021-04-08 08:32:42.000,5147848,"Hàng hóa hàng ngày, giấy tờ khác (quần áo, mắt kính...)",899,Quá hạn,Thuê Vendor tiêu hủy / Quyên góp,Phụ lục 3 (TTLT 18),GE + FPS + Vendor
23/08/2022 8:54:51,6552367,1 cái áo màu đen,328137347,HCM-GE,BAO 22 - LẺ ,"Hàng hóa hàng ngày, giấy tờ khác (quần áo, mắt kính...)",,2022-08-23 08:54:51.000,6552367,"Hàng hóa hàng ngày, giấy tờ khác (quần áo, mắt kính...)",397,Quá hạn,Thuê Vendor tiêu hủy / Quyên góp,Phụ lục 3 (TTLT 18),GE + FPS + Vendor
15/08/2022 14:47:13,5796650,màn vải rèm cửa,325103917,HCM-GE,BAO 22 - LẺ ,"Hàng hóa hàng ngày, giấy tờ khác (quần áo, mắt kính...)",,2022-08-15 14:47:13.000,5796650,"Hàng hóa hàng ngày, giấy tờ khác (quần áo, mắt kính...)",405,Quá hạn,Thuê Vendor tiêu hủy / Quyên góp,Phụ lục 3 (TTLT 18),GE + FPS + Vendor
2022-09-08 13:26:12,4155386,4 ổ khóa xe,322768651,HCM-GE,BAO 22 - LẺ ,"Hàng hóa hàng ngày, giấy tờ khác (quần áo, mắt kính...)",,2022-08-09 13:26:12.000,4155386,"Hàng hóa hàng ngày, giấy tờ khác (quần áo, mắt kính...)",411,Quá hạn,Thuê Vendor tiêu hủy / Quyên góp,Phụ lục 3 (TTLT 18),GE + FPS + Vendor
2022-03-08 15:03:27,831115,1 gói quần áo màu xanh,320459625,HCM-GE,BAO 22 - LẺ ,"Hàng hóa hàng ngày, giấy tờ khác (quần áo, mắt kính...)",,2022-08-03 15:03:27.000,831115,"Hàng hóa hàng ngày, giấy tờ khác (quần áo, mắt kính...)",417,Quá hạn,Thuê Vendor tiêu hủy / Quyên góp,Phụ lục 3 (TTLT 18),GE + FPS + Vendor
24/08/2022 15:18:56,5361028,5 túi đựng rác,328864326,HCM-GE,BAO 22 - LẺ ,"Hàng hóa hàng ngày, giấy tờ khác (quần áo, mắt kính...)",,2022-08-24 15:18:56.000,5361028,"Hàng hóa hàng ngày, giấy tờ khác (quần áo, mắt kính...)",396,Quá hạn,Thuê Vendor tiêu hủy / Quyên góp,Phụ lục 3 (TTLT 18),GE + FPS + Vendor
2022-06-08 16:51:06,4965951,lồng đèn,321775165,HCM-GE,BAO 22 - LẺ ,"Hàng hóa hàng ngày, giấy tờ khác (quần áo, mắt kính...)",,2022-08-06 16:51:06.000,4965951,"Hàng hóa hàng ngày, giấy tờ khác (quần áo, mắt kính...)",414,Quá hạn,Thuê Vendor tiêu hủy / Quyên góp,Phụ lục 3 (TTLT 18),GE + FPS + Vendor
16/03/2023 15:57:15,5755297,1 bịch quần áo đã niêm phong: chăn phao gấu xám,410264709,HCM-GE,BAO 23 - LẺ,"Hàng hóa hàng ngày, giấy tờ khác (quần áo, mắt kính...)",,2023-03-16 15:57:15.000,5755297,"Hàng hóa hàng ngày, giấy tờ khác (quần áo, mắt kính...)",192,Quá hạn,Thuê Vendor tiêu hủy / Quyên góp,Phụ lục 3 (TTLT 18),GE + FPS + Vendor
24/03/2023 13:41:31,3783524,2 cái nón bảo hiểm 3/4,413708212,HCM-GE,BAO 23 - LẺ,"Hàng hóa hàng ngày, giấy tờ khác (quần áo, mắt kính...)",,2023-03-24 13:41:31.000,3783524,"Hàng hóa hàng ngày, giấy tờ khác (quần áo, mắt kính...)",184,Quá hạn,Thuê Vendor tiêu hủy / Quyên góp,Phụ lục 3 (TTLT 18),GE + FPS + Vendor
30/03/2023 10:53:10,6706423,"1 hộp giày, bên trong có 1 đôi giày boot nâu SALVIA",415657258,HCM-GE,BAO 23 - LẺ,"Hàng hóa hàng ngày, giấy tờ khác (quần áo, mắt kính...)",,2023-03-30 10:53:10.000,6706423,"Hàng hóa hàng ngày, giấy tờ khác (quần áo, mắt kính...)",178,Còn hạn,Thuê Vendor tiêu hủy / Quyên góp,Phụ lục 3 (TTLT 18),GE + FPS + Vendor
31/03/2023 13:14:57,1133535,"1 giỏ hàng đã niêm phong: BÓP RECKLES, 4 cái nón kết: 3 màu đen & 1 xanh rêu + 1 bịch đồ: túi tote xanh đen đế nâu",416012133,HCM-GE,BAO 23 - LẺ,"Hàng hóa hàng ngày, giấy tờ khác (quần áo, mắt kính...)",,2023-03-31 13:14:57.000,1133535,"Hàng hóa hàng ngày, giấy tờ khác (quần áo, mắt kính...)",177,Còn hạn,Thuê Vendor tiêu hủy / Quyên góp,Phụ lục 3 (TTLT 18),GE + FPS + Vendor
31/03/2023 13:14:57,1133535,"1 giỏ hàng đã niêm phong: MỸ PHẨM SULWHASOO
MASK (HSD:03/05/2024) -> HUỶ
SERUM (HSD: 24/07/2025)
KEM DƯỠNG (HSD: 29/09/2025)
5 CÂY KEM CHE KHUYẾT ĐIỂM (HSD: 06/03/2025)
2 CHAI SRM (HSD: 09/08/2025)
TINH CHẤT (HSD: 28/06/2025)
Sữa dưỡng thể
1 đôi giày thể thao trắng + 1 đôi giày thể thao đen",416012133,HCM-GE,BAO 23 - LẺ,"Hàng hóa hàng ngày, giấy tờ khác (quần áo, mắt kính...)",,2023-03-31 13:14:57.000,1133535,"Hàng hóa hàng ngày, giấy tờ khác (quần áo, mắt kính...)",177,Còn hạn,Thuê Vendor tiêu hủy / Quyên góp,Phụ lục 3 (TTLT 18),GE + FPS + Vendor
23/09/2022,3990722,bịch hàng bên trong là áo đã niêm phong ,340622669,HCM-GE,BAO 24 - LẺ,"Hàng hóa hàng ngày, giấy tờ khác (quần áo, mắt kính...)",,2022-09-23 00:00:00.000,3990722,"Hàng hóa hàng ngày, giấy tờ khác (quần áo, mắt kính...)",367,Quá hạn,Thuê Vendor tiêu hủy / Quyên góp,Phụ lục 3 (TTLT 18),GE + FPS + Vendor
26/09/2022 16:58:04,4580029,1 bịch vinmart ở trong có 1 bộ áo dài màu hồng,341584697,HCM-GE,BAO 24 - LẺ,"Hàng hóa hàng ngày, giấy tờ khác (quần áo, mắt kính...)",,2022-09-26 16:58:04.000,4580029,"Hàng hóa hàng ngày, giấy tờ khác (quần áo, mắt kính...)",363,Quá hạn,Thuê Vendor tiêu hủy / Quyên góp,Phụ lục 3 (TTLT 18),GE + FPS + Vendor
13/09/2022 9:10:10,6313682,thùng hàng nguyên liệu trà sữa (đã mốc) -> HUỶ,336439686,HCM-GE,BAO 24 - LẺ,"Hàng hóa hàng ngày, giấy tờ khác (quần áo, mắt kính...)",,2022-09-13 09:10:10.000,6313682,"Hàng hóa hàng ngày, giấy tờ khác (quần áo, mắt kính...)",376,Quá hạn,Thuê Vendor tiêu hủy / Quyên góp,Phụ lục 3 (TTLT 18),GE + FPS + Vendor
22/09/2022 8:20:08,5693587,1 hộp thực phẩm bảo vệ sức khỏe màu đỏ (hsd 21/02/2025),340117066,HCM-GE,BAO 24 - LẺ,"Hàng hóa hàng ngày, giấy tờ khác (quần áo, mắt kính...)",,2022-09-22 08:20:08.000,5693587,"Hàng hóa hàng ngày, giấy tờ khác (quần áo, mắt kính...)",367,Quá hạn,Thuê Vendor tiêu hủy / Quyên góp,Phụ lục 3 (TTLT 18),GE + FPS + Vendor
23/09/2022 8:46:29,6589129,1 gói hàng đóng kín màu trắng: đầm dây màu đen ,340470037,HCM-GE,BAO 24 - LẺ,"Hàng hóa hàng ngày, giấy tờ khác (quần áo, mắt kính...)",,2022-09-23 08:46:29.000,6589129,"Hàng hóa hàng ngày, giấy tờ khác (quần áo, mắt kính...)",366,Quá hạn,Thuê Vendor tiêu hủy / Quyên góp,Phụ lục 3 (TTLT 18),GE + FPS + Vendor
2022-03-09 14:28:29,6248797,1 túi đồ bên trong có 1 cái áo thun màu trắng,332485202,HCM-GE,BAO 24 - LẺ,"Hàng hóa hàng ngày, giấy tờ khác (quần áo, mắt kính...)",,2022-09-03 14:28:29.000,6248797,"Hàng hóa hàng ngày, giấy tờ khác (quần áo, mắt kính...)",386,Quá hạn,Thuê Vendor tiêu hủy / Quyên góp,Phụ lục 3 (TTLT 18),GE + FPS + Vendor
2022-12-09 10:30:35,6399501,2 bịch tả,335765614,HCM-GE,BAO 24 - LẺ,"Hàng hóa hàng ngày, giấy tờ khác (quần áo, mắt kính...)",,2022-09-12 10:30:35.000,6399501,"Hàng hóa hàng ngày, giấy tờ khác (quần áo, mắt kính...)",377,Quá hạn,Thuê Vendor tiêu hủy / Quyên góp,Phụ lục 3 (TTLT 18),GE + FPS + Vendor
14/09/2022 8:21:24,6185641,"1 thùng hàng dán kín: 1 hộp bánh LU (HSD: 01/07/2023) + 1 hộp Oreo (HSD: 01/07/2023) -> HUỶ
Hộp bánh kinhdo (hsd 17/09/2022) + singum trident (hsd 17/09/2022) -> HUỶ",335523888,HCM-GE,BAO 24 - LẺ,"Hàng hóa hàng ngày, giấy tờ khác (quần áo, mắt kính...)",,2022-09-14 08:21:24.000,6185641,"Hàng hóa hàng ngày, giấy tờ khác (quần áo, mắt kính...)",375,Quá hạn,Thuê Vendor tiêu hủy / Quyên góp,Phụ lục 3 (TTLT 18),GE + FPS + Vendor
14/11/2022 14:18:27,6621651,bịch vải trắng,360665526,HCM-GE,BAO 25 - LẺ,"Hàng hóa hàng ngày, giấy tờ khác (quần áo, mắt kính...)",,2022-11-14 14:18:27.000,6621651,"Hàng hóa hàng ngày, giấy tờ khác (quần áo, mắt kính...)",314,Quá hạn,Thuê Vendor tiêu hủy / Quyên góp,Phụ lục 3 (TTLT 18),GE + FPS + Vendor
30/11/2022 16:32:27,6548590,1 bàn ủi + 1 ổ cắm,367697490,HCM-GE,BAO 25 - LẺ,"Hàng hóa hàng ngày, giấy tờ khác (quần áo, mắt kính...)",,2022-11-30 16:32:27.000,6548590,"Hàng hóa hàng ngày, giấy tờ khác (quần áo, mắt kính...)",298,Quá hạn,Thuê Vendor tiêu hủy / Quyên góp,Phụ lục 3 (TTLT 18),GE + FPS + Vendor
28/11/2022 16:18:35,4486081,1 bình inox,366996058,HCM-GE,BAO 25 - LẺ,"Hàng hóa hàng ngày, giấy tờ khác (quần áo, mắt kính...)",,2022-11-28 16:18:35.000,4486081,"Hàng hóa hàng ngày, giấy tờ khác (quần áo, mắt kính...)",300,Quá hạn,Thuê Vendor tiêu hủy / Quyên góp,Phụ lục 3 (TTLT 18),GE + FPS + Vendor
22/11/2022 15:53:34,5089575,1 cuộn decal,364601025,HCM-GE,BAO 25 - LẺ,"Hàng hóa hàng ngày, giấy tờ khác (quần áo, mắt kính...)",,2022-11-22 15:53:34.000,5089575,"Hàng hóa hàng ngày, giấy tờ khác (quần áo, mắt kính...)",306,Quá hạn,Thuê Vendor tiêu hủy / Quyên góp,Phụ lục 3 (TTLT 18),GE + FPS + Vendor
2022-07-11 14:44:59,6354964,1 gói màu trắng (đã dán kín) => HỦY (bị mốc và gỉ sét),358561777,HCM-GE,BAO 25 - BÌ 1,"Hàng hóa hàng ngày, giấy tờ khác (quần áo, mắt kính...)",,2022-11-07 14:44:59.000,6354964,"Hàng hóa hàng ngày, giấy tờ khác (quần áo, mắt kính...)",321,Quá hạn,Thuê Vendor tiêu hủy / Quyên góp,Phụ lục 3 (TTLT 18),GE + FPS + Vendor
25/11/2022 15:57:37,365336,1 bịch gạo tầm 0.5kg => HỦY: bị mốc,365739846,HCM-GE,BAO 25 - BÌ 1,"Hàng hóa hàng ngày, giấy tờ khác (quần áo, mắt kính...)",,2022-11-25 15:57:37.000,365336,"Hàng hóa hàng ngày, giấy tờ khác (quần áo, mắt kính...)",303,Quá hạn,Thuê Vendor tiêu hủy / Quyên góp,Phụ lục 3 (TTLT 18),GE + FPS + Vendor
29/11/2022,3798962,1 móc treo đồ của Mex,367036413,HCM-GE,BAO 25 - BÌ 1,"Hàng hóa hàng ngày, giấy tờ khác (quần áo, mắt kính...)",,2022-11-29 00:00:00.000,3798962,"Hàng hóa hàng ngày, giấy tờ khác (quần áo, mắt kính...)",300,Quá hạn,Thuê Vendor tiêu hủy / Quyên góp,Phụ lục 3 (TTLT 18),GE + FPS + Vendor
2022-08-11 16:31:38,5430845,2 chìa khóa,358836122,HCM-GE,BAO 25 - BÌ 1,"Hàng hóa hàng ngày, giấy tờ khác (quần áo, mắt kính...)",,2022-11-08 16:31:38.000,5430845,"Hàng hóa hàng ngày, giấy tờ khác (quần áo, mắt kính...)",320,Quá hạn,Thuê Vendor tiêu hủy / Quyên góp,Phụ lục 3 (TTLT 18),GE + FPS + Vendor
2022-01-11 09:24:17,4239883,1 hộp màu trắng => HỦY: bị mốc,355948785,HCM-GE,BAO 25 - BÌ 1,"Hàng hóa hàng ngày, giấy tờ khác (quần áo, mắt kính...)",,2022-11-01 09:24:17.000,4239883,"Hàng hóa hàng ngày, giấy tờ khác (quần áo, mắt kính...)",327,Quá hạn,Thuê Vendor tiêu hủy / Quyên góp,Phụ lục 3 (TTLT 18),GE + FPS + Vendor
18/11/2022 11:22:29,4772535,2 hộp mỹ phẩm => HỦY: HẾT HSD,362725165,HCM-GE,BAO 25 - BÌ 1,"Hàng hóa hàng ngày, giấy tờ khác (quần áo, mắt kính...)",,2022-11-18 11:22:29.000,4772535,"Hàng hóa hàng ngày, giấy tờ khác (quần áo, mắt kính...)",310,Quá hạn,Thuê Vendor tiêu hủy / Quyên góp,Phụ lục 3 (TTLT 18),GE + FPS + Vendor
18/11/2022 11:22:29,4772535,2 hộp mỹ phẩm,362725165,HCM-GE,BAO 25 - BÌ 1,"Hàng hóa hàng ngày, giấy tờ khác (quần áo, mắt kính...)",,2022-11-18 11:22:29.000,4772535,"Hàng hóa hàng ngày, giấy tờ khác (quần áo, mắt kính...)",310,Quá hạn,Thuê Vendor tiêu hủy / Quyên góp,Phụ lục 3 (TTLT 18),GE + FPS + Vendor
2022-09-11 09:25:23,6588977,24 cái nút áo,359231107,HCM-GE,BAO 25 - BÌ 1,"Hàng hóa hàng ngày, giấy tờ khác (quần áo, mắt kính...)",,2022-11-09 09:25:23.000,6588977,"Hàng hóa hàng ngày, giấy tờ khác (quần áo, mắt kính...)",319,Quá hạn,Thuê Vendor tiêu hủy / Quyên góp,Phụ lục 3 (TTLT 18),GE + FPS + Vendor
25/11/2022 16:44:36,6469991,1 hộp thuốc nhãn hiệu hàn quốc,365818121,HCM-GE,BAO 25 - BÌ 1,"Hàng hóa hàng ngày, giấy tờ khác (quần áo, mắt kính...)",,2022-11-25 16:44:36.000,6469991,"Hàng hóa hàng ngày, giấy tờ khác (quần áo, mắt kính...)",303,Quá hạn,Thuê Vendor tiêu hủy / Quyên góp,Phụ lục 3 (TTLT 18),GE + FPS + Vendor
2022-09-11 16:17:04,6629425,1 áo khoác màu vàng,359427199,HCM-GE,BAO 25 - BÌ 1,"Hàng hóa hàng ngày, giấy tờ khác (quần áo, mắt kính...)",,2022-11-09 16:17:04.000,6629425,"Hàng hóa hàng ngày, giấy tờ khác (quần áo, mắt kính...)",319,Quá hạn,Thuê Vendor tiêu hủy / Quyên góp,Phụ lục 3 (TTLT 18),GE + FPS + Vendor
17/11/2022 8:48:14,5759890,1 gói hàng nhỏ (kẹp tăm + mái giả),362242777,HCM-GE,BAO 25 - BÌ 1,"Hàng hóa hàng ngày, giấy tờ khác (quần áo, mắt kính...)",,2022-11-17 08:48:14.000,5759890,"Hàng hóa hàng ngày, giấy tờ khác (quần áo, mắt kính...)",311,Quá hạn,Thuê Vendor tiêu hủy / Quyên góp,Phụ lục 3 (TTLT 18),GE + FPS + Vendor
2022-05-11 09:51:10,6588805,hồ sơ - dax lấy nhầm hàng,357554689,HCM-GE,BAO 25 - BÌ 1,"Hàng hóa hàng ngày, giấy tờ khác (quần áo, mắt kính...)",,2022-11-05 09:51:10.000,6588805,"Hàng hóa hàng ngày, giấy tờ khác (quần áo, mắt kính...)",323,Quá hạn,Thuê Vendor tiêu hủy / Quyên góp,Phụ lục 3 (TTLT 18),GE + FPS + Vendor
29/11/2022 13:41:33,6613827,1 men bio gain => HỦY: HẾT HSD,367219446,HCM-GE,BAO 25 - BÌ 1,"Hàng hóa hàng ngày, giấy tờ khác (quần áo, mắt kính...)",,2022-11-29 13:41:33.000,6613827,"Hàng hóa hàng ngày, giấy tờ khác (quần áo, mắt kính...)",299,Quá hạn,Thuê Vendor tiêu hủy / Quyên góp,Phụ lục 3 (TTLT 18),GE + FPS + Vendor
2022-08-11 08:18:36,2662870,1 đơn đăng ký thi công sửa chữa căn hộ,358664241,HCM-GE,BAO 25 - BÌ 1,"Hàng hóa hàng ngày, giấy tờ khác (quần áo, mắt kính...)",,2022-11-08 08:18:36.000,2662870,"Hàng hóa hàng ngày, giấy tờ khác (quần áo, mắt kính...)",320,Quá hạn,Thuê Vendor tiêu hủy / Quyên góp,Phụ lục 3 (TTLT 18),GE + FPS + Vendor
22/11/2022 17:08:03,2344756,quần áo,364607883,HCM-GE,BAO 25 - BÌ 1,"Hàng hóa hàng ngày, giấy tờ khác (quần áo, mắt kính...)",,2022-11-22 17:08:03.000,2344756,"Hàng hóa hàng ngày, giấy tờ khác (quần áo, mắt kính...)",306,Quá hạn,Thuê Vendor tiêu hủy / Quyên góp,Phụ lục 3 (TTLT 18),GE + FPS + Vendor
2022-09-11 10:27:55,5563638,1 bịch ốc,359267758,HCM-GE,BAO 25 - BÌ 1,"Hàng hóa hàng ngày, giấy tờ khác (quần áo, mắt kính...)",,2022-11-09 10:27:55.000,5563638,"Hàng hóa hàng ngày, giấy tờ khác (quần áo, mắt kính...)",319,Quá hạn,Thuê Vendor tiêu hủy / Quyên góp,Phụ lục 3 (TTLT 18),GE + FPS + Vendor
2022-02-11 15:50:46,1875463,hồ sơ,356679403,HCM-GE,BAO 25 - BÌ 1,"Hàng hóa hàng ngày, giấy tờ khác (quần áo, mắt kính...)",,2022-11-02 15:50:46.000,1875463,"Hàng hóa hàng ngày, giấy tờ khác (quần áo, mắt kính...)",326,Quá hạn,Thuê Vendor tiêu hủy / Quyên góp,Phụ lục 3 (TTLT 18),GE + FPS + Vendor
2022-09-11 11:48:19,6248325,hồ sơ,359273679,HCM-GE,BAO 25 - BÌ 1,"Hàng hóa hàng ngày, giấy tờ khác (quần áo, mắt kính...)",,2022-11-09 11:48:19.000,6248325,"Hàng hóa hàng ngày, giấy tờ khác (quần áo, mắt kính...)",319,Quá hạn,Thuê Vendor tiêu hủy / Quyên góp,Phụ lục 3 (TTLT 18),GE + FPS + Vendor
16/11/2022 16:43:35,4760557,1 bìa hồ sơ,362249278,HCM-GE,BAO 25 - BÌ 1,"Hàng hóa hàng ngày, giấy tờ khác (quần áo, mắt kính...)",,2022-11-16 16:43:35.000,4760557,"Hàng hóa hàng ngày, giấy tờ khác (quần áo, mắt kính...)",312,Quá hạn,Thuê Vendor tiêu hủy / Quyên góp,Phụ lục 3 (TTLT 18),GE + FPS + Vendor
28/11/2022 16:16:39,6658120,1 bì thư,366730640,HCM-GE,BAO 25 - BÌ 1,"Hàng hóa hàng ngày, giấy tờ khác (quần áo, mắt kính...)",,2022-11-28 16:16:39.000,6658120,"Hàng hóa hàng ngày, giấy tờ khác (quần áo, mắt kính...)",300,Quá hạn,Thuê Vendor tiêu hủy / Quyên góp,Phụ lục 3 (TTLT 18),GE + FPS + Vendor
30/11/2022 16:22:09,6465861,1 bịch đồ cũ,367792864‬,HCM-GE,BAO 29 - BÌ LẺ,"Hàng hóa hàng ngày, giấy tờ khác (quần áo, mắt kính...)",,2022-11-30 16:22:09.000,6465861,"Hàng hóa hàng ngày, giấy tờ khác (quần áo, mắt kính...)",298,Quá hạn,Thuê Vendor tiêu hủy / Quyên góp,Phụ lục 3 (TTLT 18),GE + FPS + Vendor
28/09/2022 13:15:35,4390950,40 hộp thuốc,342628130,HCM-GE,BAO 29 - BÌ LẺ 2,"Hàng hóa hàng ngày, giấy tờ khác (quần áo, mắt kính...)",,2022-09-28 13:15:35.000,4390950,"Hàng hóa hàng ngày, giấy tờ khác (quần áo, mắt kính...)",361,Quá hạn,Thuê Vendor tiêu hủy / Quyên góp,Phụ lục 3 (TTLT 18),GE + FPS + Vendor
2022-07-11 10:44:14,1347866,6 bịch thức ăn mèo và 1 bàn cào,358478852,HCM-GE,BAO 29 - BÌ LẺ 4,"Hàng hóa hàng ngày, giấy tờ khác (quần áo, mắt kính...)",,2022-11-07 10:44:14.000,1347866,"Hàng hóa hàng ngày, giấy tờ khác (quần áo, mắt kính...)",321,Quá hạn,Thuê Vendor tiêu hủy / Quyên góp,Phụ lục 3 (TTLT 18),GE + FPS + Vendor
,4605017,1 thùng hàng đóng kín,325475634,HCM-GE,TRONG KHO LTK,"Hàng hóa hàng ngày, giấy tờ khác (quần áo, mắt kính...)",,,4605017,"Hàng hóa hàng ngày, giấy tờ khác (quần áo, mắt kính...)",999,Quá hạn,Thuê Vendor tiêu hủy / Quyên góp,Phụ lục 3 (TTLT 18),GE + FPS + Vendor
27/04/2023 13:36:51,6607943,Bình nước inoxx,424996112‬,HCM-GE,TRONG KHO LTK,"Hàng hóa hàng ngày, giấy tờ khác (quần áo, mắt kính...)",,2023-04-27 13:36:51.000,6607943,"Hàng hóa hàng ngày, giấy tờ khác (quần áo, mắt kính...)",150,Còn hạn,Thuê Vendor tiêu hủy / Quyên góp,Phụ lục 3 (TTLT 18),GE + FPS + Vendor
25/04/2023 14:31:14,4724299,1 cái bàn xếp,424316204,HCM-GE,TRONG KHO LTK,"Hàng hóa hàng ngày, giấy tờ khác (quần áo, mắt kính...)",,2023-04-25 14:31:14.000,4724299,"Hàng hóa hàng ngày, giấy tờ khác (quần áo, mắt kính...)",152,Còn hạn,Thuê Vendor tiêu hủy / Quyên góp,Phụ lục 3 (TTLT 18),GE + FPS + Vendor
13/07/2022 14:27:25,6349298,máy pha sữa đã hư bồi hoàn,296845362,HCM-GE,TRONG KHO LTK,"Hàng hóa hàng ngày, giấy tờ khác (quần áo, mắt kính...)",,2022-07-13 14:27:25.000,6349298,"Hàng hóa hàng ngày, giấy tờ khác (quần áo, mắt kính...)",438,Quá hạn,Thuê Vendor tiêu hủy / Quyên góp,Phụ lục 3 (TTLT 18),GE + FPS + Vendor
,5656923,1 bịch thức ăn cho mèo me-o,340602728,HCM-GE,TRONG KHO LTK,"Hàng hóa hàng ngày, giấy tờ khác (quần áo, mắt kính...)",,,5656923,"Hàng hóa hàng ngày, giấy tờ khác (quần áo, mắt kính...)",999,Quá hạn,Thuê Vendor tiêu hủy / Quyên góp,Phụ lục 3 (TTLT 18),GE + FPS + Vendor
29/05/2023 14:04:57,5149601,1 chuồng chó,435099681,HCM-GE,TRONG KHO LTK,"Hàng hóa hàng ngày, giấy tờ khác (quần áo, mắt kính...)",,2023-05-29 14:04:57.000,5149601,"Hàng hóa hàng ngày, giấy tờ khác (quần áo, mắt kính...)",118,Còn hạn,Thuê Vendor tiêu hủy / Quyên góp,Phụ lục 3 (TTLT 18),GE + FPS + Vendor
,4963629,1 bó hoa,351514637,HCM-GE,TRONG KHO LTK,"Hàng hóa hàng ngày, giấy tờ khác (quần áo, mắt kính...)",,,4963629,"Hàng hóa hàng ngày, giấy tờ khác (quần áo, mắt kính...)",999,Quá hạn,Thuê Vendor tiêu hủy / Quyên góp,Phụ lục 3 (TTLT 18),GE + FPS + Vendor
28/04/2023 15:16:59,910530,1 cây quạt,425361345,HCM-GE,TRONG KHO LTK,"Hàng hóa hàng ngày, giấy tờ khác (quần áo, mắt kính...)",,2023-04-28 15:16:59.000,910530,"Hàng hóa hàng ngày, giấy tờ khác (quần áo, mắt kính...)",149,Còn hạn,Thuê Vendor tiêu hủy / Quyên góp,Phụ lục 3 (TTLT 18),GE + FPS + Vendor
2023-08-03 08:52:33,4742493,1 tấm ván,407223732,HCM-GE,TRONG KHO LTK,"Hàng hóa hàng ngày, giấy tờ khác (quần áo, mắt kính...)",,2023-03-08 08:52:33.000,4742493,"Hàng hóa hàng ngày, giấy tờ khác (quần áo, mắt kính...)",200,Quá hạn,Thuê Vendor tiêu hủy / Quyên góp,Phụ lục 3 (TTLT 18),GE + FPS + Vendor
31/08/2023 16:13:55,6779647,1 thùng giấy,467836434,HCM-GE,TRONG KHO LTK,"Hàng hóa hàng ngày, giấy tờ khác (quần áo, mắt kính...)",,2023-08-31 16:13:55.000,6779647,"Hàng hóa hàng ngày, giấy tờ khác (quần áo, mắt kính...)",24,Còn hạn,Thuê Vendor tiêu hủy / Quyên góp,Phụ lục 3 (TTLT 18),GE + FPS + Vendor
30/08/2023 15:23:57,6760980,hộp giấy,467562865,HCM-GE,TRONG KHO LTK,"Hàng hóa hàng ngày, giấy tờ khác (quần áo, mắt kính...)",,2023-08-30 15:23:57.000,6760980,"Hàng hóa hàng ngày, giấy tờ khác (quần áo, mắt kính...)",25,Còn hạn,Thuê Vendor tiêu hủy / Quyên góp,Phụ lục 3 (TTLT 18),GE + FPS + Vendor
25/08/2022 9:06:53,4149801,1 cái ghế,328929430,HCM-GE,TRONG KHO LTK,"Hàng hóa hàng ngày, giấy tờ khác (quần áo, mắt kính...)",,2022-08-25 09:06:53.000,4149801,"Hàng hóa hàng ngày, giấy tờ khác (quần áo, mắt kính...)",395,Quá hạn,Thuê Vendor tiêu hủy / Quyên góp,Phụ lục 3 (TTLT 18),GE + FPS + Vendor
2020-09-09 00:00:00,4315204,xe tập đi ( tạm ứng 100k ),146154111,HCM-GE,TRONG KHO LTK,"Hàng hóa hàng ngày, giấy tờ khác (quần áo, mắt kính...)",,2020-09-09 00:00:00.000,4315204,"Hàng hóa hàng ngày, giấy tờ khác (quần áo, mắt kính...)",1111,Quá hạn,Thuê Vendor tiêu hủy / Quyên góp,Phụ lục 3 (TTLT 18),GE + FPS + Vendor
2020-12-09 00:00:00,4613900,"1 bồn inox và ống nhựa còn mới, không hóa đơn",146588356,HCM-GE,TRONG KHO LTK,"Hàng hóa hàng ngày, giấy tờ khác (quần áo, mắt kính...)",,2020-09-12 00:00:00.000,4613900,"Hàng hóa hàng ngày, giấy tờ khác (quần áo, mắt kính...)",1108,Quá hạn,Thuê Vendor tiêu hủy / Quyên góp,Phụ lục 3 (TTLT 18),GE + FPS + Vendor
30/12/2021,4407808,Cục đồ mũ,,HCM-GE,TRONG KHO LTK,"Hàng hóa hàng ngày, giấy tờ khác (quần áo, mắt kính...)",,2021-12-30 00:00:00.000,4407808,"Hàng hóa hàng ngày, giấy tờ khác (quần áo, mắt kính...)",634,Quá hạn,Thuê Vendor tiêu hủy / Quyên góp,Phụ lục 3 (TTLT 18),GE + FPS + Vendor
2021-03-11 00:00:00,5382239,10 chai xịt rửa đa năng mới,,HCM-GE,TRONG KHO LTK,"Hàng hóa hàng ngày, giấy tờ khác (quần áo, mắt kính...)",,2021-11-03 00:00:00.000,5382239,"Hàng hóa hàng ngày, giấy tờ khác (quần áo, mắt kính...)",691,Quá hạn,Thuê Vendor tiêu hủy / Quyên góp,Phụ lục 3 (TTLT 18),GE + FPS + Vendor
2021-03-11 00:00:00,4487783,8 chai xịt rửa đa năng mới,,HCM-GE,TRONG KHO LTK,"Hàng hóa hàng ngày, giấy tờ khác (quần áo, mắt kính...)",,2021-11-03 00:00:00.000,4487783,"Hàng hóa hàng ngày, giấy tờ khác (quần áo, mắt kính...)",691,Quá hạn,Thuê Vendor tiêu hủy / Quyên góp,Phụ lục 3 (TTLT 18),GE + FPS + Vendor
2020-01-09 00:00:00,5531672,30 bản lề cửa mới,,HCM-GE,TRONG KHO LTK,"Hàng hóa hàng ngày, giấy tờ khác (quần áo, mắt kính...)",,2020-09-01 00:00:00.000,5531672,"Hàng hóa hàng ngày, giấy tờ khác (quần áo, mắt kính...)",1119,Quá hạn,Thuê Vendor tiêu hủy / Quyên góp,Phụ lục 3 (TTLT 18),GE + FPS + Vendor
19/5/2021,4339807,Quần áo,,HCM-GE,TRONG KHO LTK,"Hàng hóa hàng ngày, giấy tờ khác (quần áo, mắt kính...)",,2021-05-19 00:00:00.000,4339807,"Hàng hóa hàng ngày, giấy tờ khác (quần áo, mắt kính...)",859,Quá hạn,Thuê Vendor tiêu hủy / Quyên góp,Phụ lục 3 (TTLT 18),GE + FPS + Vendor
2022-08-08 00:00:00,3712745,1 hộp nhựa mẫu,,HCM-GE,TRONG KHO LTK,"Hàng hóa hàng ngày, giấy tờ khác (quần áo, mắt kính...)",,2022-08-08 00:00:00.000,3712745,"Hàng hóa hàng ngày, giấy tờ khác (quần áo, mắt kính...)",413,Quá hạn,Thuê Vendor tiêu hủy / Quyên góp,Phụ lục 3 (TTLT 18),GE + FPS + Vendor
29/11/2021,5602233,Nẹp tường nhựa,,HCM-GE,TRONG KHO LTK,"Hàng hóa hàng ngày, giấy tờ khác (quần áo, mắt kính...)",,2021-11-29 00:00:00.000,5602233,"Hàng hóa hàng ngày, giấy tờ khác (quần áo, mắt kính...)",665,Quá hạn,Thuê Vendor tiêu hủy / Quyên góp,Phụ lục 3 (TTLT 18),GE + FPS + Vendor
2022-06-05 00:00:00,1460321,1 cái nệm + 2 cái mềm (đã qua sử dụng),,HCM-GE,TRONG KHO LTK,"Hàng hóa hàng ngày, giấy tờ khác (quần áo, mắt kính...)",,2022-05-06 00:00:00.000,1460321,"Hàng hóa hàng ngày, giấy tờ khác (quần áo, mắt kính...)",507,Quá hạn,Thuê Vendor tiêu hủy / Quyên góp,Phụ lục 3 (TTLT 18),GE + FPS + Vendor
27/5/2022,4342479,1 tấm bạt,,HCM-GE,TRONG KHO LTK,"Hàng hóa hàng ngày, giấy tờ khác (quần áo, mắt kính...)",,2022-05-27 00:00:00.000,4342479,"Hàng hóa hàng ngày, giấy tờ khác (quần áo, mắt kính...)",486,Quá hạn,Thuê Vendor tiêu hủy / Quyên góp,Phụ lục 3 (TTLT 18),GE + FPS + Vendor
19/05/2022,902550,1 cờ trao giải,,HCM-GE,TRONG KHO LTK,"Hàng hóa hàng ngày, giấy tờ khác (quần áo, mắt kính...)",,2022-05-19 00:00:00.000,902550,"Hàng hóa hàng ngày, giấy tờ khác (quần áo, mắt kính...)",494,Quá hạn,Thuê Vendor tiêu hủy / Quyên góp,Phụ lục 3 (TTLT 18),GE + FPS + Vendor
2022-09-08 00:00:00,5150159,1 can 10l mật ong,,HCM-GE,TRONG KHO LTK,"Hàng hóa hàng ngày, giấy tờ khác (quần áo, mắt kính...)",,2022-08-09 00:00:00.000,5150159,"Hàng hóa hàng ngày, giấy tờ khác (quần áo, mắt kính...)",412,Quá hạn,Thuê Vendor tiêu hủy / Quyên góp,Phụ lục 3 (TTLT 18),GE + FPS + Vendor
17/7/2020,4545089,"2 ly thủy tinh (mới)
2 dĩa sứ
1 dĩa mica em bé",,HCM-GE,TRONG KHO LTK,"Hàng hóa hàng ngày, giấy tờ khác (quần áo, mắt kính...)",,2020-07-17 00:00:00.000,4545089,"Hàng hóa hàng ngày, giấy tờ khác (quần áo, mắt kính...)",1165,Quá hạn,Thuê Vendor tiêu hủy / Quyên góp,Phụ lục 3 (TTLT 18),GE + FPS + Vendor
2020-07-07 00:00:00,-,1 thùng khẩu trang cũ,,HCM-GE,TRONG KHO LTK,"Hàng hóa hàng ngày, giấy tờ khác (quần áo, mắt kính...)",,2020-07-07 00:00:00.000,-,"Hàng hóa hàng ngày, giấy tờ khác (quần áo, mắt kính...)",1175,Quá hạn,Thuê Vendor tiêu hủy / Quyên góp,Phụ lục 3 (TTLT 18),GE + FPS + Vendor
23/5/2022,5607113,bộ cần câu cá (cần + tay quay),,HCM-GE,TRONG KHO LTK,"Hàng hóa hàng ngày, giấy tờ khác (quần áo, mắt kính...)",,2022-05-23 00:00:00.000,5607113,"Hàng hóa hàng ngày, giấy tờ khác (quần áo, mắt kính...)",490,Quá hạn,Thuê Vendor tiêu hủy / Quyên góp,Phụ lục 3 (TTLT 18),GE + FPS + Vendor
24/6/2022,5643011,1 cuộn băng roll,,HCM-GE,TRONG KHO LTK,"Hàng hóa hàng ngày, giấy tờ khác (quần áo, mắt kính...)",,2022-06-24 00:00:00.000,5643011,"Hàng hóa hàng ngày, giấy tờ khác (quần áo, mắt kính...)",458,Quá hạn,Thuê Vendor tiêu hủy / Quyên góp,Phụ lục 3 (TTLT 18),GE + FPS + Vendor
20/8/2022,4390398,Nồi lẩu điện,,HCM-GE,TRONG KHO LTK,"Hàng hóa hàng ngày, giấy tờ khác (quần áo, mắt kính...)",,2022-08-20 00:00:00.000,4390398,"Hàng hóa hàng ngày, giấy tờ khác (quần áo, mắt kính...)",401,Quá hạn,Thuê Vendor tiêu hủy / Quyên góp,Phụ lục 3 (TTLT 18),GE + FPS + Vendor
29/8/2023,3836600,2 cái áo đã qua sử dụng,,HCM-GE,TRONG KHO LTK,"Hàng hóa hàng ngày, giấy tờ khác (quần áo, mắt kính...)",,2023-08-29 00:00:00.000,3836600,"Hàng hóa hàng ngày, giấy tờ khác (quần áo, mắt kính...)",27,Còn hạn,Thuê Vendor tiêu hủy / Quyên góp,Phụ lục 3 (TTLT 18),GE + FPS + Vendor
2023-06-07 00:00:00,4915372,"4 áo, 1 quần jean mới (nữ)",,HCM-GE,TRONG KHO LTK,"Hàng hóa hàng ngày, giấy tờ khác (quần áo, mắt kính...)",,2023-07-06 00:00:00.000,4915372,"Hàng hóa hàng ngày, giấy tờ khác (quần áo, mắt kính...)",81,Còn hạn,Thuê Vendor tiêu hủy / Quyên góp,Phụ lục 3 (TTLT 18),GE + FPS + Vendor
14/7/2023,6605411,"2 áo, 2 quần (nam) đã qua sử dụng",,HCM-GE,TRONG KHO LTK,"Hàng hóa hàng ngày, giấy tờ khác (quần áo, mắt kính...)",,2023-07-14 00:00:00.000,6605411,"Hàng hóa hàng ngày, giấy tờ khác (quần áo, mắt kính...)",73,Còn hạn,Thuê Vendor tiêu hủy / Quyên góp,Phụ lục 3 (TTLT 18),GE + FPS + Vendor
29/8/2023,4010884,máy ép nhiệt,,HCM-GE,TRONG KHO LTK,"Hàng hóa hàng ngày, giấy tờ khác (quần áo, mắt kính...)",,2023-08-29 00:00:00.000,4010884,"Hàng hóa hàng ngày, giấy tờ khác (quần áo, mắt kính...)",27,Còn hạn,Thuê Vendor tiêu hủy / Quyên góp,Phụ lục 3 (TTLT 18),GE + FPS + Vendor
30/8/2023,5341079,2 hộp chì + 10 mặt mới,,HCM-GE,TRONG KHO LTK,"Hàng hóa hàng ngày, giấy tờ khác (quần áo, mắt kính...)",,2023-08-30 00:00:00.000,5341079,"Hàng hóa hàng ngày, giấy tờ khác (quần áo, mắt kính...)",26,Còn hạn,Thuê Vendor tiêu hủy / Quyên góp,Phụ lục 3 (TTLT 18),GE + FPS + Vendor
21/7/2023,5205867,Đồ ăn hỏng + khăn trắng (hủy hàng),,HCM-GE,TRONG KHO LTK,"Hàng hóa hàng ngày, giấy tờ khác (quần áo, mắt kính...)",,2023-07-21 00:00:00.000,5205867,"Hàng hóa hàng ngày, giấy tờ khác (quần áo, mắt kính...)",66,Còn hạn,Thuê Vendor tiêu hủy / Quyên góp,Phụ lục 3 (TTLT 18),GE + FPS + Vendor
28/8/2023,4343820,1 túi xách nữ mới,,HCM-GE,TRONG KHO LTK,"Hàng hóa hàng ngày, giấy tờ khác (quần áo, mắt kính...)",,2023-08-28 00:00:00.000,4343820,"Hàng hóa hàng ngày, giấy tờ khác (quần áo, mắt kính...)",28,Còn hạn,Thuê Vendor tiêu hủy / Quyên góp,Phụ lục 3 (TTLT 18),GE + FPS + Vendor
2023-04-07 00:00:00,3539870,Miếng lót khử mùi cho chó (mới),,HCM-GE,TRONG KHO LTK,"Hàng hóa hàng ngày, giấy tờ khác (quần áo, mắt kính...)",,2023-07-04 00:00:00.000,3539870,"Hàng hóa hàng ngày, giấy tờ khác (quần áo, mắt kính...)",83,Còn hạn,Thuê Vendor tiêu hủy / Quyên góp,Phụ lục 3 (TTLT 18),GE + FPS + Vendor
28/8/2023,4890394,1 bao màu đen túi zip bạc mới,,HCM-GE,TRONG KHO LTK,"Hàng hóa hàng ngày, giấy tờ khác (quần áo, mắt kính...)",,2023-08-28 00:00:00.000,4890394,"Hàng hóa hàng ngày, giấy tờ khác (quần áo, mắt kính...)",28,Còn hạn,Thuê Vendor tiêu hủy / Quyên góp,Phụ lục 3 (TTLT 18),GE + FPS + Vendor
2023-03-08 00:00:00,4845986,"3 quần jeans mới
2 áo mới ",,HCM-GE,TRONG KHO LTK,"Hàng hóa hàng ngày, giấy tờ khác (quần áo, mắt kính...)",,2023-08-03 00:00:00.000,4845986,"Hàng hóa hàng ngày, giấy tờ khác (quần áo, mắt kính...)",53,Còn hạn,Thuê Vendor tiêu hủy / Quyên góp,Phụ lục 3 (TTLT 18),GE + FPS + Vendor
14/7/2023,4102159,9 áo mới,,HCM-GE,,"Hàng hóa hàng ngày, giấy tờ khác (quần áo, mắt kính...)",,2023-07-14 00:00:00.000,4102159,"Hàng hóa hàng ngày, giấy tờ khác (quần áo, mắt kính...)",73,Còn hạn,Thuê Vendor tiêu hủy / Quyên góp,Phụ lục 3 (TTLT 18),GE + FPS + Vendor
2023-11-08 00:00:00,2315252,2 miếng gạch mẫu,,HCM-GE,,"Hàng hóa hàng ngày, giấy tờ khác (quần áo, mắt kính...)",,2023-08-11 00:00:00.000,2315252,"Hàng hóa hàng ngày, giấy tờ khác (quần áo, mắt kính...)",45,Còn hạn,Thuê Vendor tiêu hủy / Quyên góp,Phụ lục 3 (TTLT 18),GE + FPS + Vendor
28/8/2023,6484340,1 máy massage mới,,HCM-GE,,"Hàng hóa hàng ngày, giấy tờ khác (quần áo, mắt kính...)",,2023-08-28 00:00:00.000,6484340,"Hàng hóa hàng ngày, giấy tờ khác (quần áo, mắt kính...)",28,Còn hạn,Thuê Vendor tiêu hủy / Quyên góp,Phụ lục 3 (TTLT 18),GE + FPS + Vendor
30/8/2023,6552998,1 đôi dép qua sử dụng,,HCM-GE,,"Hàng hóa hàng ngày, giấy tờ khác (quần áo, mắt kính...)",,2023-08-30 00:00:00.000,6552998,"Hàng hóa hàng ngày, giấy tờ khác (quần áo, mắt kính...)",26,Còn hạn,Thuê Vendor tiêu hủy / Quyên góp,Phụ lục 3 (TTLT 18),GE + FPS + Vendor
18/8/2023,6386520,1 nước hoa chanel (,,HCM-GE,,"Hàng hóa hàng ngày, giấy tờ khác (quần áo, mắt kính...)",,2023-08-18 00:00:00.000,6386520,"Hàng hóa hàng ngày, giấy tờ khác (quần áo, mắt kính...)",38,Còn hạn,Thuê Vendor tiêu hủy / Quyên góp,Phụ lục 3 (TTLT 18),GE + FPS + Vendor
2023-03-08 00:00:00,3667563,3 chai nước hoa Ms. Beautiful (mới),,HCM-GE,,"Hàng hóa hàng ngày, giấy tờ khác (quần áo, mắt kính...)",,2023-08-03 00:00:00.000,3667563,"Hàng hóa hàng ngày, giấy tờ khác (quần áo, mắt kính...)",53,Còn hạn,Thuê Vendor tiêu hủy / Quyên góp,Phụ lục 3 (TTLT 18),GE + FPS + Vendor
2023-05-07 00:00:00,4985623,1 đôi giày nike cũ đã qua sử dụng,,HCM-GE,,"Hàng hóa hàng ngày, giấy tờ khác (quần áo, mắt kính...)",,2023-07-05 00:00:00.000,4985623,"Hàng hóa hàng ngày, giấy tờ khác (quần áo, mắt kính...)",82,Còn hạn,Thuê Vendor tiêu hủy / Quyên góp,Phụ lục 3 (TTLT 18),GE + FPS + Vendor
25/8/2023,922577,2 tờ decal,,HCM-GE,,"Hàng hóa hàng ngày, giấy tờ khác (quần áo, mắt kính...)",,2023-08-25 00:00:00.000,922577,"Hàng hóa hàng ngày, giấy tờ khác (quần áo, mắt kính...)",31,Còn hạn,Thuê Vendor tiêu hủy / Quyên góp,Phụ lục 3 (TTLT 18),GE + FPS + Vendor
2023-12-07 00:00:00,5009700,1 áo ngủ mới,,HCM-GE,,"Hàng hóa hàng ngày, giấy tờ khác (quần áo, mắt kính...)",,2023-07-12 00:00:00.000,5009700,"Hàng hóa hàng ngày, giấy tờ khác (quần áo, mắt kính...)",75,Còn hạn,Thuê Vendor tiêu hủy / Quyên góp,Phụ lục 3 (TTLT 18),GE + FPS + Vendor
16/8/2023,4933602,"1 chai xốt (hủy)
1 hũ xúc xích (HSD: 22/7/2023) hủy
4 hũ gia vị và 1 khay đã qua sử dụng",,HCM-GE,,"Hàng hóa hàng ngày, giấy tờ khác (quần áo, mắt kính...)",,2023-08-16 00:00:00.000,4933602,"Hàng hóa hàng ngày, giấy tờ khác (quần áo, mắt kính...)",40,Còn hạn,Thuê Vendor tiêu hủy / Quyên góp,Phụ lục 3 (TTLT 18),GE + FPS + Vendor
30/8/2023,4075818,6 cái áo mới (nữ),,HCM-GE,,"Hàng hóa hàng ngày, giấy tờ khác (quần áo, mắt kính...)",,2023-08-30 00:00:00.000,4075818,"Hàng hóa hàng ngày, giấy tờ khác (quần áo, mắt kính...)",26,Còn hạn,Thuê Vendor tiêu hủy / Quyên góp,Phụ lục 3 (TTLT 18),GE + FPS + Vendor
2023-12-07 00:00:00,3479648,"1 cái áo đầm mới
1 hộp sliptick mới ",,HCM-GE,,"Hàng hóa hàng ngày, giấy tờ khác (quần áo, mắt kính...)",,2023-07-12 00:00:00.000,3479648,"Hàng hóa hàng ngày, giấy tờ khác (quần áo, mắt kính...)",75,Còn hạn,Thuê Vendor tiêu hủy / Quyên góp,Phụ lục 3 (TTLT 18),GE + FPS + Vendor
28/8/2023,5374406,Cặp phuộc xe máy,,HCM-GE,,"Hàng hóa hàng ngày, giấy tờ khác (quần áo, mắt kính...)",,2023-08-28 00:00:00.000,5374406,"Hàng hóa hàng ngày, giấy tờ khác (quần áo, mắt kính...)",28,Còn hạn,Thuê Vendor tiêu hủy / Quyên góp,Phụ lục 3 (TTLT 18),GE + FPS + Vendor
28/8/2023,6839737,1 bếp nướng thịt mới ,,HCM-GE,,"Hàng hóa hàng ngày, giấy tờ khác (quần áo, mắt kính...)",,2023-08-28 00:00:00.000,6839737,"Hàng hóa hàng ngày, giấy tờ khác (quần áo, mắt kính...)",28,Còn hạn,Thuê Vendor tiêu hủy / Quyên góp,Phụ lục 3 (TTLT 18),GE + FPS + Vendor
23/08/2022 9:10:00,6423588,1 hộp màu đen,A-3S4VJRGGWJM7,HCM-GE,328141235,"Hàng hóa hàng ngày, giấy tờ khác (quần áo, mắt kính...)",,2022-08-23 09:10:00.000,6423588,"Hàng hóa hàng ngày, giấy tờ khác (quần áo, mắt kính...)",397,Quá hạn,Thuê Vendor tiêu hủy / Quyên góp,Phụ lục 3 (TTLT 18),GE + FPS + Vendor
2023-08-08 18:24:49,6839337,1 đôi dép,421033167,HCM-GBC,"BÌ SỐ 1, 18 ITEM ","Hàng hóa hàng ngày, giấy tờ khác (quần áo, mắt kính...)",,2023-08-08 18:24:49.000,6839337,"Hàng hóa hàng ngày, giấy tờ khác (quần áo, mắt kính...)",47,Quá hạn,Thuê Vendor tiêu hủy / Quyên góp,Phụ lục 3 (TTLT 18),GE + FPS + Vendor
2023-08-23 14:21:40,4899736,1 cây thuốc lá điện tử,465015557,HCM-GBC,"BÌ SỐ 1, 18 ITEM ",Thuốc lá điện tử ,,2023-08-23 14:21:40.000,4899736,Thuốc lá điện tử,32,Quá hạn,Tự tiêu hủy tại Hub (Chất thải nguy hại),Biên bản tiêu hủy nội bộ,FPS + COA
2023-08-02 11:17:06,5532393,1 giấy đăng kiểm,453413130,HCM-GBC,"BÌ SỐ 1, 18 ITEM ","Hàng hóa hàng ngày, giấy tờ khác (quần áo, mắt kính...)",,2023-02-08 11:17:06.000,5532393,"Hàng hóa hàng ngày, giấy tờ khác (quần áo, mắt kính...)",228,Quá hạn,Thuê Vendor tiêu hủy / Quyên góp,Phụ lục 3 (TTLT 18),GE + FPS + Vendor
2023-08-30 16:30:21,6864548,1 gói hàng chứa cái quần dài,467588965,HCM-GBC,"BÌ SỐ 1, 18 ITEM ","Hàng hóa hàng ngày, giấy tờ khác (quần áo, mắt kính...)",,2023-08-30 16:30:21.000,6864548,"Hàng hóa hàng ngày, giấy tờ khác (quần áo, mắt kính...)",25,Còn hạn,Thuê Vendor tiêu hủy / Quyên góp,Phụ lục 3 (TTLT 18),GE + FPS + Vendor
2023-08-15 14:47:07,6817282,1 cúp kỉ niệm Ngân hàng HD,462207356,HCM-GBC,"BÌ SỐ 1, 18 ITEM ","Hàng hóa hàng ngày, giấy tờ khác (quần áo, mắt kính...)",,2023-08-15 14:47:07.000,6817282,"Hàng hóa hàng ngày, giấy tờ khác (quần áo, mắt kính...)",40,Quá hạn,Thuê Vendor tiêu hủy / Quyên góp,Phụ lục 3 (TTLT 18),GE + FPS + Vendor
2023-08-14 16:02:24,6835899,1 chùm chìa khóa,461874449,HCM-GBC,"BÌ SỐ 1, 18 ITEM ","Hàng hóa hàng ngày, giấy tờ khác (quần áo, mắt kính...)",,2023-08-14 16:02:24.000,6835899,"Hàng hóa hàng ngày, giấy tờ khác (quần áo, mắt kính...)",41,Quá hạn,Thuê Vendor tiêu hủy / Quyên góp,Phụ lục 3 (TTLT 18),GE + FPS + Vendor
2023-08-18 11:09:42,7020748,TS là 1 chùm chìa khóa,461447050,HCM-GBC,"BÌ SỐ 1, 18 ITEM ","Hàng hóa hàng ngày, giấy tờ khác (quần áo, mắt kính...)",,2023-08-18 11:09:42.000,7020748,"Hàng hóa hàng ngày, giấy tờ khác (quần áo, mắt kính...)",37,Quá hạn,Thuê Vendor tiêu hủy / Quyên góp,Phụ lục 3 (TTLT 18),GE + FPS + Vendor
2023-08-14 16:41:44,6686412,1 usb màu xanh,459377136,HCM-GBC,"BÌ SỐ 1, 18 ITEM ","Hàng hóa hàng ngày, giấy tờ khác (quần áo, mắt kính...)",,2023-08-14 16:41:44.000,6686412,"Hàng hóa hàng ngày, giấy tờ khác (quần áo, mắt kính...)",41,Quá hạn,Thuê Vendor tiêu hủy / Quyên góp,Phụ lục 3 (TTLT 18),GE + FPS + Vendor
2023-08-14 14:25:46,6602059,1 chiếc nhẫn ( không rõ chất liệu ),459953254,HCM-GBC,"BÌ SỐ 1, 18 ITEM ","Hàng hóa hàng ngày, giấy tờ khác (quần áo, mắt kính...)",,2023-08-14 14:25:46.000,6602059,"Hàng hóa hàng ngày, giấy tờ khác (quần áo, mắt kính...)",41,Quá hạn,Thuê Vendor tiêu hủy / Quyên góp,Phụ lục 3 (TTLT 18),GE + FPS + Vendor
2023-08-11 10:22:32,5615926,1 tập hồ sơ,460595537,HCM-GBC,"BÌ SỐ 1, 18 ITEM ","Hàng hóa hàng ngày, giấy tờ khác (quần áo, mắt kính...)",,2023-11-08 10:22:32.000,5615926,"Hàng hóa hàng ngày, giấy tờ khác (quần áo, mắt kính...)",-45,Còn hạn,Thuê Vendor tiêu hủy / Quyên góp,Phụ lục 3 (TTLT 18),GE + FPS + Vendor
2023-08-15 15:21:23,6836050,1 túi đeo chứa 304k và 2 chai nước suối,462033635,HCM-GBC,"BÌ SỐ 1, 18 ITEM ",Tiền mặt & giấy tờ cấp bởi CQCN,,2023-08-15 15:21:23.000,6836050,Tiền mặt & giấy tờ cấp bởi CQCN,40,Cần gửi CQNN,Bàn giao CQNN / Ngân hàng,Phụ lục 4 (TTLT 18),COA + Legal + FPS
2023-08-11 16:11:01,619737,"1 túi xách màu hồng, chứa kem phấn, không có tiền",459873913,HCM-GBC,"BÌ SỐ 1, 18 ITEM ","Hàng hóa hàng ngày, giấy tờ khác (quần áo, mắt kính...)",,2023-11-08 16:11:01.000,619737,"Hàng hóa hàng ngày, giấy tờ khác (quần áo, mắt kính...)",-45,Còn hạn,Thuê Vendor tiêu hủy / Quyên góp,Phụ lục 3 (TTLT 18),GE + FPS + Vendor
2023-08-15 15:59:34,6335967,1tui vải chứa chai thủy tinh không có nước,459779221,HCM-GBC,"BÌ SỐ 1, 18 ITEM ","Hàng hóa hàng ngày, giấy tờ khác (quần áo, mắt kính...)",,2023-08-15 15:59:34.000,6335967,"Hàng hóa hàng ngày, giấy tờ khác (quần áo, mắt kính...)",40,Quá hạn,Thuê Vendor tiêu hủy / Quyên góp,Phụ lục 3 (TTLT 18),GE + FPS + Vendor
2023-08-15 10:10:18,5661674,1 đôi giày e bé,461948489,HCM-GBC,"BÌ SỐ 1, 18 ITEM ","Hàng hóa hàng ngày, giấy tờ khác (quần áo, mắt kính...)",,2023-08-15 10:10:18.000,5661674,"Hàng hóa hàng ngày, giấy tờ khác (quần áo, mắt kính...)",40,Quá hạn,Thuê Vendor tiêu hủy / Quyên góp,Phụ lục 3 (TTLT 18),GE + FPS + Vendor
2023-08-14 12:03:00,7022095,1 cục sạc dự phòng,461300254,HCM-GBC,"BÌ SỐ 1, 18 ITEM ","Hàng hóa hàng ngày, giấy tờ khác (quần áo, mắt kính...)",,2023-08-14 12:03:00.000,7022095,"Hàng hóa hàng ngày, giấy tờ khác (quần áo, mắt kính...)",41,Quá hạn,Thuê Vendor tiêu hủy / Quyên góp,Phụ lục 3 (TTLT 18),GE + FPS + Vendor
2023-08-29 11:42:13,6918020,mắt kính + thẻ tòa nhà,463584902,HCM-GBC,"BÌ SỐ 1, 18 ITEM ","Hàng hóa hàng ngày, giấy tờ khác (quần áo, mắt kính...)",,2023-08-29 11:42:13.000,6918020,"Hàng hóa hàng ngày, giấy tờ khác (quần áo, mắt kính...)",26,Còn hạn,Thuê Vendor tiêu hủy / Quyên góp,Phụ lục 3 (TTLT 18),GE + FPS + Vendor
2023-08-11 09:43:21,5378092,1 túi xanh chứa cục sạc laptop,460079688,HCM-GBC,"BÌ SỐ 1, 18 ITEM ","Hàng hóa hàng ngày, giấy tờ khác (quần áo, mắt kính...)",,2023-11-08 09:43:21.000,5378092,"Hàng hóa hàng ngày, giấy tờ khác (quần áo, mắt kính...)",-45,Còn hạn,Thuê Vendor tiêu hủy / Quyên góp,Phụ lục 3 (TTLT 18),GE + FPS + Vendor
2023-08-15 09:55:08,4759805,1 bịch đen chứa quần áo e bé,458064465,HCM-GBC,"BÌ SỐ 1, 18 ITEM ","Hàng hóa hàng ngày, giấy tờ khác (quần áo, mắt kính...)",,2023-08-15 09:55:08.000,4759805,"Hàng hóa hàng ngày, giấy tờ khác (quần áo, mắt kính...)",40,Quá hạn,Thuê Vendor tiêu hủy / Quyên góp,Phụ lục 3 (TTLT 18),GE + FPS + Vendor
2023-08-16 16:47:01,7050545,1 cái đồng hồ,461332971,HCM-GBC,THÙNG 1- BÌ 3 - GC ,"Hàng hóa hàng ngày, giấy tờ khác (quần áo, mắt kính...)",,2023-08-16 16:47:01.000,7050545,"Hàng hóa hàng ngày, giấy tờ khác (quần áo, mắt kính...)",39,Quá hạn,Thuê Vendor tiêu hủy / Quyên góp,Phụ lục 3 (TTLT 18),GE + FPS + Vendor
2023-08-22 17:29:17,633353,1 Túi xách giấy nhãn hiệu PNJ,463896243,HCM-GBC,THÙNG 1- BÌ 3 - GC ,"Hàng hóa hàng ngày, giấy tờ khác (quần áo, mắt kính...)",,2023-08-22 17:29:17.000,633353,"Hàng hóa hàng ngày, giấy tờ khác (quần áo, mắt kính...)",33,Quá hạn,Thuê Vendor tiêu hủy / Quyên góp,Phụ lục 3 (TTLT 18),GE + FPS + Vendor
2023-08-30 15:08:47,5362260,1 chìa khóa,467516028,HCM-GBC,THÙNG 1- BÌ 3 - GC ,"Hàng hóa hàng ngày, giấy tờ khác (quần áo, mắt kính...)",,2023-08-30 15:08:47.000,5362260,"Hàng hóa hàng ngày, giấy tờ khác (quần áo, mắt kính...)",25,Còn hạn,Thuê Vendor tiêu hủy / Quyên góp,Phụ lục 3 (TTLT 18),GE + FPS + Vendor
2023-08-07 12:02:22,5782565,bịch nilong chứa 1 bộ đồ ngũ màu đen của nữ,458943548,HCM-GBC,THÙNG 1- BÌ 3 - GC ,"Hàng hóa hàng ngày, giấy tờ khác (quần áo, mắt kính...)",,2023-07-08 12:02:22.000,5782565,"Hàng hóa hàng ngày, giấy tờ khác (quần áo, mắt kính...)",78,Quá hạn,Thuê Vendor tiêu hủy / Quyên góp,Phụ lục 3 (TTLT 18),GE + FPS + Vendor
2023-08-09 10:03:08,4411516,1 ốp lưng điện thoại,459340543,HCM-GBC,THÙNG 1- BÌ 3 - GC ,"Hàng hóa hàng ngày, giấy tờ khác (quần áo, mắt kính...)",,2023-09-08 10:03:08.000,4411516,"Hàng hóa hàng ngày, giấy tờ khác (quần áo, mắt kính...)",16,Còn hạn,Thuê Vendor tiêu hủy / Quyên góp,Phụ lục 3 (TTLT 18),GE + FPS + Vendor
2023-08-30 14:26:13,5134844,1 lắc tay bạc,465229901,HCM-GBC,THÙNG 1- BÌ 3 - GC ,"Hàng hóa hàng ngày, giấy tờ khác (quần áo, mắt kính...)",,2023-08-30 14:26:13.000,5134844,"Hàng hóa hàng ngày, giấy tờ khác (quần áo, mắt kính...)",25,Còn hạn,Thuê Vendor tiêu hủy / Quyên góp,Phụ lục 3 (TTLT 18),GE + FPS + Vendor
2023-08-10 08:58:52,856187,1 cây thuốc lá điện tử,459202307,HCM-GBC,THÙNG 1- BÌ 3 - GC ,Thuốc lá điện tử ,,2023-10-08 08:58:52.000,856187,Thuốc lá điện tử,-14,Còn hạn,Tự tiêu hủy tại Hub (Chất thải nguy hại),Biên bản tiêu hủy nội bộ,FPS + COA
2023-08-08 14:10:21,5503589,1 chùm chìa khóa,458437656,HCM-GBC,THÙNG 1- BÌ 3 - GC ,"Hàng hóa hàng ngày, giấy tờ khác (quần áo, mắt kính...)",,2023-08-08 14:10:21.000,5503589,"Hàng hóa hàng ngày, giấy tờ khác (quần áo, mắt kính...)",47,Quá hạn,Thuê Vendor tiêu hủy / Quyên góp,Phụ lục 3 (TTLT 18),GE + FPS + Vendor
2023-08-28 15:17:18,4673343,1 ly giữ nhiệt,466648832,HCM-GBC,THÙNG 1- BÌ 3 - GC ,"Hàng hóa hàng ngày, giấy tờ khác (quần áo, mắt kính...)",,2023-08-28 15:17:18.000,4673343,"Hàng hóa hàng ngày, giấy tờ khác (quần áo, mắt kính...)",27,Còn hạn,Thuê Vendor tiêu hủy / Quyên góp,Phụ lục 3 (TTLT 18),GE + FPS + Vendor
2023-08-09 16:32:52,4541699,1 mắt kiếng,459695745,HCM-GBC,THÙNG 1- BÌ 3 - GC ,"Hàng hóa hàng ngày, giấy tờ khác (quần áo, mắt kính...)",,2023-09-08 16:32:52.000,4541699,"Hàng hóa hàng ngày, giấy tờ khác (quần áo, mắt kính...)",16,Còn hạn,Thuê Vendor tiêu hủy / Quyên góp,Phụ lục 3 (TTLT 18),GE + FPS + Vendor
2023-08-08 10:24:49,524612,1 hộp tai nghe,455626792,HCM-GBC,THÙNG 1- BÌ 3 - GC ,"Hàng hóa hàng ngày, giấy tờ khác (quần áo, mắt kính...)",,2023-08-08 10:24:49.000,524612,"Hàng hóa hàng ngày, giấy tờ khác (quần áo, mắt kính...)",47,Quá hạn,Thuê Vendor tiêu hủy / Quyên góp,Phụ lục 3 (TTLT 18),GE + FPS + Vendor
2023-06-07 00:00:00,5253492,1 chìa khóa,435261798,HCM-GBC,THÙNG 1- BÌ 3 - GC ,"Hàng hóa hàng ngày, giấy tờ khác (quần áo, mắt kính...)",,2023-07-06 00:00:00.000,5253492,"Hàng hóa hàng ngày, giấy tờ khác (quần áo, mắt kính...)",81,Quá hạn,Thuê Vendor tiêu hủy / Quyên góp,Phụ lục 3 (TTLT 18),GE + FPS + Vendor
2023-08-11 12:04:26,662656,1 tai HỘP TAI NGHE,459985820,HCM-GBC,THÙNG 1- BÌ 3 - GC ,"Hàng hóa hàng ngày, giấy tờ khác (quần áo, mắt kính...)",,2023-11-08 12:04:26.000,662656,"Hàng hóa hàng ngày, giấy tờ khác (quần áo, mắt kính...)",-45,Còn hạn,Thuê Vendor tiêu hủy / Quyên góp,Phụ lục 3 (TTLT 18),GE + FPS + Vendor
2023-08-22 16:38:17,5265712,1 Máy chụp hình,463728341,HCM-GBC,THÙNG 1- BÌ 3 - GC ,Thiết bị điện tử có giá,,2023-08-22 16:38:17.000,5265712,Thiết bị điện tử có giá,33,Quá hạn,Xóa dữ liệu & Thanh lý / Thuê Vendor hủy,Phụ lục 3 (TTLT 18),GE + FPS + Procurement
2023-08-29 09:14:31,3640675,apple watch,464966201,HCM-GBC,THÙNG 1- BÌ 3 - GC ,Thiết bị điện tử có giá,,2023-08-29 09:14:31.000,3640675,Thiết bị điện tử có giá,26,Còn hạn,Xóa dữ liệu & Thanh lý / Thuê Vendor hủy,Phụ lục 3 (TTLT 18),GE + FPS + Procurement
2023-08-08 11:03:53,5571929,1 hộp dầu dưỡng tóc,459280714,HCM-GBC,THÙNG 1- BÌ 3 - GC ,"Hàng hóa hàng ngày, giấy tờ khác (quần áo, mắt kính...)",,2023-08-08 11:03:53.000,5571929,"Hàng hóa hàng ngày, giấy tờ khác (quần áo, mắt kính...)",47,Quá hạn,Thuê Vendor tiêu hủy / Quyên góp,Phụ lục 3 (TTLT 18),GE + FPS + Vendor
2023-08-24 17:33:32,3850965,thuốc lá điện tử,464381004,HCM-GBC,THÙNG 1- BÌ 3 - GC ,Thuốc lá điện tử ,,2023-08-24 17:33:32.000,3850965,Thuốc lá điện tử,31,Quá hạn,Tự tiêu hủy tại Hub (Chất thải nguy hại),Biên bản tiêu hủy nội bộ,FPS + COA
2023-08-07 16:39:52,1988968,1 chiếc dép,457999558,HCM-GBC,THÙNG 1- BÌ 3 - GC ,"Hàng hóa hàng ngày, giấy tờ khác (quần áo, mắt kính...)",,2023-07-08 16:39:52.000,1988968,"Hàng hóa hàng ngày, giấy tờ khác (quần áo, mắt kính...)",78,Quá hạn,Thuê Vendor tiêu hủy / Quyên góp,Phụ lục 3 (TTLT 18),GE + FPS + Vendor
2023-08-02 15:09:37,6891396,1 bịt quần áo,454240625,HCM-GBC,THÙNG 1- BÌ 3 - GC ,"Hàng hóa hàng ngày, giấy tờ khác (quần áo, mắt kính...)",,2023-02-08 15:09:37.000,6891396,"Hàng hóa hàng ngày, giấy tờ khác (quần áo, mắt kính...)",228,Quá hạn,Thuê Vendor tiêu hủy / Quyên góp,Phụ lục 3 (TTLT 18),GE + FPS + Vendor
2023-08-31 08:32:12,3876415,1 mắt kính,467366062,HCM-GBC,THÙNG 1- BÌ 3 - GC ,"Hàng hóa hàng ngày, giấy tờ khác (quần áo, mắt kính...)",,2023-08-31 08:32:12.000,3876415,"Hàng hóa hàng ngày, giấy tờ khác (quần áo, mắt kính...)",24,Còn hạn,Thuê Vendor tiêu hủy / Quyên góp,Phụ lục 3 (TTLT 18),GE + FPS + Vendor
2023-08-01 11:08:12,6980063,1 áo khoác màu tím,457075395,HCM-GBC,THÙNG 1- BÌ 3 - GC ,"Hàng hóa hàng ngày, giấy tờ khác (quần áo, mắt kính...)",,2023-01-08 11:08:12.000,6980063,"Hàng hóa hàng ngày, giấy tờ khác (quần áo, mắt kính...)",259,Quá hạn,Thuê Vendor tiêu hủy / Quyên góp,Phụ lục 3 (TTLT 18),GE + FPS + Vendor
2022-06-28 00:00:00,5077052,1 đôi giày thể thao (màu xanh lá),303534894,HCM-GBC,THÙNG SỐ 2,"Hàng hóa hàng ngày, giấy tờ khác (quần áo, mắt kính...)",,2022-06-28 00:00:00.000,5077052,"Hàng hóa hàng ngày, giấy tờ khác (quần áo, mắt kính...)",454,Quá hạn,Thuê Vendor tiêu hủy / Quyên góp,Phụ lục 3 (TTLT 18),GE + FPS + Vendor
2022-06-06 00:00:00,4867062,1 thùng khẩu trang,297857244,HCM-GBC,THÙNG SỐ 2,"Hàng hóa hàng ngày, giấy tờ khác (quần áo, mắt kính...)",,2022-06-06 00:00:00.000,4867062,"Hàng hóa hàng ngày, giấy tờ khác (quần áo, mắt kính...)",476,Quá hạn,Thuê Vendor tiêu hủy / Quyên góp,Phụ lục 3 (TTLT 18),GE + FPS + Vendor
2022-06-28 00:00:00,659599,mắt kinh Gucci,303224074,HCM-GBC,THÙNG SỐ 2,"Hàng hóa hàng ngày, giấy tờ khác (quần áo, mắt kính...)",,2022-06-28 00:00:00.000,659599,"Hàng hóa hàng ngày, giấy tờ khác (quần áo, mắt kính...)",454,Quá hạn,Thuê Vendor tiêu hủy / Quyên góp,Phụ lục 3 (TTLT 18),GE + FPS + Vendor
2022-06-30 00:00:00,4441642,1 túi đồ cá nhân,307134895,HCM-GBC,THÙNG SỐ 2,"Hàng hóa hàng ngày, giấy tờ khác (quần áo, mắt kính...)",,2022-06-30 00:00:00.000,4441642,"Hàng hóa hàng ngày, giấy tờ khác (quần áo, mắt kính...)",452,Quá hạn,Thuê Vendor tiêu hủy / Quyên góp,Phụ lục 3 (TTLT 18),GE + FPS + Vendor
2022-06-29 00:00:00,6386792,hộp trắng,305957391,HCM-GBC,THÙNG SỐ 2,"Hàng hóa hàng ngày, giấy tờ khác (quần áo, mắt kính...)",,2022-06-29 00:00:00.000,6386792,"Hàng hóa hàng ngày, giấy tờ khác (quần áo, mắt kính...)",453,Quá hạn,Thuê Vendor tiêu hủy / Quyên góp,Phụ lục 3 (TTLT 18),GE + FPS + Vendor
2022-06-23 00:00:00,5320719,1 túi đựng cơm và bình nước,304122794,HCM-GBC,THÙNG SỐ 2,"Hàng hóa hàng ngày, giấy tờ khác (quần áo, mắt kính...)",,2022-06-23 00:00:00.000,5320719,"Hàng hóa hàng ngày, giấy tờ khác (quần áo, mắt kính...)",459,Quá hạn,Thuê Vendor tiêu hủy / Quyên góp,Phụ lục 3 (TTLT 18),GE + FPS + Vendor
2022-06-21 00:00:00,463817,đôi dép em bé,303642498,HCM-GBC,THÙNG SỐ 2,"Hàng hóa hàng ngày, giấy tờ khác (quần áo, mắt kính...)",,2022-06-21 00:00:00.000,463817,"Hàng hóa hàng ngày, giấy tờ khác (quần áo, mắt kính...)",461,Quá hạn,Thuê Vendor tiêu hủy / Quyên góp,Phụ lục 3 (TTLT 18),GE + FPS + Vendor
2022-06-22 00:00:00,4954594,Bình nước,300349174,HCM-GBC,THÙNG SỐ 2,"Hàng hóa hàng ngày, giấy tờ khác (quần áo, mắt kính...)",,2022-06-22 00:00:00.000,4954594,"Hàng hóa hàng ngày, giấy tờ khác (quần áo, mắt kính...)",460,Quá hạn,Thuê Vendor tiêu hủy / Quyên góp,Phụ lục 3 (TTLT 18),GE + FPS + Vendor
2022-06-22 00:00:00,1060847,2 áo thun màn xanh,304108802,HCM-GBC,THÙNG SỐ 2,"Hàng hóa hàng ngày, giấy tờ khác (quần áo, mắt kính...)",,2022-06-22 00:00:00.000,1060847,"Hàng hóa hàng ngày, giấy tờ khác (quần áo, mắt kính...)",460,Quá hạn,Thuê Vendor tiêu hủy / Quyên góp,Phụ lục 3 (TTLT 18),GE + FPS + Vendor
2022-06-15 00:00:00,5716252,1 bình nước giữ nhiệt,301294876,HCM-GBC,THÙNG SỐ 2,"Hàng hóa hàng ngày, giấy tờ khác (quần áo, mắt kính...)",,2022-06-15 00:00:00.000,5716252,"Hàng hóa hàng ngày, giấy tờ khác (quần áo, mắt kính...)",467,Quá hạn,Thuê Vendor tiêu hủy / Quyên góp,Phụ lục 3 (TTLT 18),GE + FPS + Vendor
2022-06-07 00:00:00,509514,1 bình nước màu vàng,298133075,HCM-GBC,THÙNG SỐ 2,"Hàng hóa hàng ngày, giấy tờ khác (quần áo, mắt kính...)",,2022-07-06 00:00:00.000,509514,"Hàng hóa hàng ngày, giấy tờ khác (quần áo, mắt kính...)",446,Quá hạn,Thuê Vendor tiêu hủy / Quyên góp,Phụ lục 3 (TTLT 18),GE + FPS + Vendor
2022-06-27 00:00:00,806882,1 cây vape,305955372,HCM-GBC,THÙNG SỐ 2,"Hàng hóa hàng ngày, giấy tờ khác (quần áo, mắt kính...)",,2022-06-27 00:00:00.000,806882,"Hàng hóa hàng ngày, giấy tờ khác (quần áo, mắt kính...)",455,Quá hạn,Thuê Vendor tiêu hủy / Quyên góp,Phụ lục 3 (TTLT 18),GE + FPS + Vendor
2022-06-15 00:00:00,5412587,đôi giày,301427618,HCM-GBC,THÙNG SỐ 2,"Hàng hóa hàng ngày, giấy tờ khác (quần áo, mắt kính...)",,2022-06-15 00:00:00.000,5412587,"Hàng hóa hàng ngày, giấy tờ khác (quần áo, mắt kính...)",467,Quá hạn,Thuê Vendor tiêu hủy / Quyên góp,Phụ lục 3 (TTLT 18),GE + FPS + Vendor
2022-06-20 00:00:00,816012,thuốc lá điện tử,302532138,HCM-GBC,THÙNG SỐ 2,Thuốc lá điện tử ,,2022-06-20 00:00:00.000,816012,Thuốc lá điện tử,462,Quá hạn,Tự tiêu hủy tại Hub (Chất thải nguy hại),Biên bản tiêu hủy nội bộ,FPS + COA
2022-06-17 00:00:00,598554,"1 bịch đồ ( 1 thắt lưng, 1chai nước và 3 ổ bánh mì sandwich",301749304,HCM-GBC,THÙNG SỐ 2,"Hàng hóa hàng ngày, giấy tờ khác (quần áo, mắt kính...)",,2022-06-17 00:00:00.000,598554,"Hàng hóa hàng ngày, giấy tờ khác (quần áo, mắt kính...)",465,Quá hạn,Thuê Vendor tiêu hủy / Quyên góp,Phụ lục 3 (TTLT 18),GE + FPS + Vendor
2022-06-07 00:00:00,3522983,1 hộp đựng mắt kiếng,298215734,HCM-GBC,THÙNG SỐ 2,"Hàng hóa hàng ngày, giấy tờ khác (quần áo, mắt kính...)",,2022-07-06 00:00:00.000,3522983,"Hàng hóa hàng ngày, giấy tờ khác (quần áo, mắt kính...)",446,Quá hạn,Thuê Vendor tiêu hủy / Quyên góp,Phụ lục 3 (TTLT 18),GE + FPS + Vendor
2023-07-17 00:00:00,5254841,1 cái đồng hồ casio,451248304,HCM-GBC,THÙNG SỐ 2,"Hàng hóa hàng ngày, giấy tờ khác (quần áo, mắt kính...)",,2023-07-17 00:00:00.000,5254841,"Hàng hóa hàng ngày, giấy tờ khác (quần áo, mắt kính...)",70,Quá hạn,Thuê Vendor tiêu hủy / Quyên góp,Phụ lục 3 (TTLT 18),GE + FPS + Vendor
2022-06-09 00:00:00,5617986,giấy tờ,299394288,HCM-GBC,THÙNG SỐ 2,"Hàng hóa hàng ngày, giấy tờ khác (quần áo, mắt kính...)",,2022-09-06 00:00:00.000,5617986,"Hàng hóa hàng ngày, giấy tờ khác (quần áo, mắt kính...)",384,Quá hạn,Thuê Vendor tiêu hủy / Quyên góp,Phụ lục 3 (TTLT 18),GE + FPS + Vendor
2022-06-09 00:00:00,5674070,1 miếng sắt,298332423,HCM-GBC,THÙNG SỐ 2,"Hàng hóa hàng ngày, giấy tờ khác (quần áo, mắt kính...)",,2022-09-06 00:00:00.000,5674070,"Hàng hóa hàng ngày, giấy tờ khác (quần áo, mắt kính...)",384,Quá hạn,Thuê Vendor tiêu hủy / Quyên góp,Phụ lục 3 (TTLT 18),GE + FPS + Vendor
2023-07-18 00:00:00,4098256,1 cái ví đen có 343 tiền mặt,451764696,HCM-GBC,BAO 2 (59-72),Tiền mặt & giấy tờ cấp bởi CQCN,,2023-07-18 00:00:00.000,4098256,Tiền mặt & giấy tờ cấp bởi CQCN,69,Cần gửi CQNN,Bàn giao CQNN / Ngân hàng,Phụ lục 4 (TTLT 18),COA + Legal + FPS
2022-03-09 00:00:00,2846621,1 chiếc bông tai,270093716,HCM-GBC,BAO 2 (59-72),"Hàng hóa hàng ngày, giấy tờ khác (quần áo, mắt kính...)",,2022-09-03 00:00:00.000,2846621,"Hàng hóa hàng ngày, giấy tờ khác (quần áo, mắt kính...)",387,Quá hạn,Thuê Vendor tiêu hủy / Quyên góp,Phụ lục 3 (TTLT 18),GE + FPS + Vendor
2022-03-02 00:00:00,5062744,32k tiền mặt và 2 tờ vé số,267532084,HCM-GBC,BAO 2 (59-72),Tiền mặt & giấy tờ cấp bởi CQCN,,2022-02-03 00:00:00.000,5062744,Tiền mặt & giấy tờ cấp bởi CQCN,599,Cần gửi CQNN,Bàn giao CQNN / Ngân hàng,Phụ lục 4 (TTLT 18),COA + Legal + FPS
2023-09-15 09:23:06,4653760,200k tiền mặt,472121644,HCM-GBC,BAO 2 (59-72),Tiền mặt & giấy tờ cấp bởi CQCN,,2023-09-15 09:23:06.000,4653760,Tiền mặt & giấy tờ cấp bởi CQCN,9,Cần gửi CQNN,Bàn giao CQNN / Ngân hàng,Phụ lục 4 (TTLT 18),COA + Legal + FPS
2022-07-02 00:00:00,6263215,1 chiếc bông tai màu trắng ( k rõ vàng hay bạc),304730099,HCM-GBC,BAO 2 (59-72),"Hàng hóa hàng ngày, giấy tờ khác (quần áo, mắt kính...)",,2022-02-07 00:00:00.000,6263215,"Hàng hóa hàng ngày, giấy tờ khác (quần áo, mắt kính...)",595,Quá hạn,Thuê Vendor tiêu hủy / Quyên góp,Phụ lục 3 (TTLT 18),GE + FPS + Vendor
2022-08-01 11:07:59,6192691,thẻ nhớ,319364971,HCM-GBC,BAO 2 (59-72),"Hàng hóa hàng ngày, giấy tờ khác (quần áo, mắt kính...)",,2022-01-08 11:07:59.000,6192691,"Hàng hóa hàng ngày, giấy tờ khác (quần áo, mắt kính...)",624,Quá hạn,Thuê Vendor tiêu hủy / Quyên góp,Phụ lục 3 (TTLT 18),GE + FPS + Vendor
2022-06-29 00:00:00,5158597,1 chuột laptop,306660368,HCM-GBC,BAO 2 (59-72),"Hàng hóa hàng ngày, giấy tờ khác (quần áo, mắt kính...)",,2022-06-29 00:00:00.000,5158597,"Hàng hóa hàng ngày, giấy tờ khác (quần áo, mắt kính...)",453,Quá hạn,Thuê Vendor tiêu hủy / Quyên góp,Phụ lục 3 (TTLT 18),GE + FPS + Vendor
2022-06-15 00:00:00,574445,"1 bóp màu đen ( 2 đô,4 tấm hình, và 3 tờ tiền campuchia)",301127175,HCM-GBC,BAO 2 (59-72),Tiền mặt & giấy tờ cấp bởi CQCN,,2022-06-15 00:00:00.000,574445,Tiền mặt & giấy tờ cấp bởi CQCN,467,Cần gửi CQNN,Bàn giao CQNN / Ngân hàng,Phụ lục 4 (TTLT 18),COA + Legal + FPS
2022-11-16 00:00:00,6286332,1 cái bóp màu đen ( ko có gì bên trong ),356613002,HCM-GBC,BAO 2 (59-72),"Hàng hóa hàng ngày, giấy tờ khác (quần áo, mắt kính...)",,2022-11-16 00:00:00.000,6286332,"Hàng hóa hàng ngày, giấy tờ khác (quần áo, mắt kính...)",313,Quá hạn,Thuê Vendor tiêu hủy / Quyên góp,Phụ lục 3 (TTLT 18),GE + FPS + Vendor
2022-12-07 00:00:00,6577390,1 dây sạc,369278666,HCM-GBC,BAO 2 (59-72),"Hàng hóa hàng ngày, giấy tờ khác (quần áo, mắt kính...)",,2022-07-12 00:00:00.000,6577390,"Hàng hóa hàng ngày, giấy tờ khác (quần áo, mắt kính...)",440,Quá hạn,Thuê Vendor tiêu hủy / Quyên góp,Phụ lục 3 (TTLT 18),GE + FPS + Vendor
2022-10-28 00:00:00,153390,1 sợi dây chuyền (đã đứt móc khóa),354270156,HCM-GBC,BAO 2 (59-72),"Hàng hóa hàng ngày, giấy tờ khác (quần áo, mắt kính...)",,2022-10-28 00:00:00.000,153390,"Hàng hóa hàng ngày, giấy tờ khác (quần áo, mắt kính...)",332,Quá hạn,Thuê Vendor tiêu hủy / Quyên góp,Phụ lục 3 (TTLT 18),GE + FPS + Vendor
2022-12-13 00:00:00,6628785,1 chiếc nhẫn màu trắng trơn (ko đính hạt),371824444,HCM-GBC,BAO 2 (59-72),"Hàng hóa hàng ngày, giấy tờ khác (quần áo, mắt kính...)",,2022-12-13 00:00:00.000,6628785,"Hàng hóa hàng ngày, giấy tờ khác (quần áo, mắt kính...)",286,Quá hạn,Thuê Vendor tiêu hủy / Quyên góp,Phụ lục 3 (TTLT 18),GE + FPS + Vendor
2022-12-14 00:00:00,6541758,1 dây sạt IP màu trắng,368971083,HCM-GBC,BAO 2 (59-72),"Hàng hóa hàng ngày, giấy tờ khác (quần áo, mắt kính...)",,2022-12-14 00:00:00.000,6541758,"Hàng hóa hàng ngày, giấy tờ khác (quần áo, mắt kính...)",285,Quá hạn,Thuê Vendor tiêu hủy / Quyên góp,Phụ lục 3 (TTLT 18),GE + FPS + Vendor
2023-05-23 00:00:00,545078,1 thuốc lá điện tử,433225808,HCM-GBC,BAO 2 (59-72),Thuốc lá điện tử ,,2023-05-23 00:00:00.000,545078,Thuốc lá điện tử,125,Quá hạn,Tự tiêu hủy tại Hub (Chất thải nguy hại),Biên bản tiêu hủy nội bộ,FPS + COA
22/07/2022,5625102,"1 túi màu xám (chứa quần áo, ko có tiền và tài sản giá trị)",315600980,HCM-GBC,,"Hàng hóa hàng ngày, giấy tờ khác (quần áo, mắt kính...)",,2022-07-22 00:00:00.000,5625102,"Hàng hóa hàng ngày, giấy tờ khác (quần áo, mắt kính...)",430,Quá hạn,Thuê Vendor tiêu hủy / Quyên góp,Phụ lục 3 (TTLT 18),GE + FPS + Vendor
29/07/2022,2539209,quần áo,317640698,HCM-GBC,,"Hàng hóa hàng ngày, giấy tờ khác (quần áo, mắt kính...)",,2022-07-29 00:00:00.000,2539209,"Hàng hóa hàng ngày, giấy tờ khác (quần áo, mắt kính...)",423,Quá hạn,Thuê Vendor tiêu hủy / Quyên góp,Phụ lục 3 (TTLT 18),GE + FPS + Vendor
22/07/2022,5617468,1 mắt kính,315799840,HCM-GBC,,"Hàng hóa hàng ngày, giấy tờ khác (quần áo, mắt kính...)",,2022-07-22 00:00:00.000,5617468,"Hàng hóa hàng ngày, giấy tờ khác (quần áo, mắt kính...)",430,Quá hạn,Thuê Vendor tiêu hủy / Quyên góp,Phụ lục 3 (TTLT 18),GE + FPS + Vendor
2022-07-07 00:00:00,4594116,1 thẻ agribank,310053241,HCM-GBC,,Thẻ Ngân hàng ,,2022-07-07 00:00:00.000,4594116,Thẻ Ngân hàng,445,Cần gửi CQNN,Bàn giao CQNN / Ngân hàng,Phụ lục 4 (TTLT 18),COA + Legal + FPS
22/07/2022,505550,1 ổ khóa (của Mex,315422436,HCM-GBC,,"Hàng hóa hàng ngày, giấy tờ khác (quần áo, mắt kính...)",,2022-07-22 00:00:00.000,505550,"Hàng hóa hàng ngày, giấy tờ khác (quần áo, mắt kính...)",430,Quá hạn,Thuê Vendor tiêu hủy / Quyên góp,Phụ lục 3 (TTLT 18),GE + FPS + Vendor
2022-04-07 00:00:00,4512137,1 bịch quần áo( có tả em bé và quần áo bên trong),308564931,HCM-GBC,,"Hàng hóa hàng ngày, giấy tờ khác (quần áo, mắt kính...)",,2022-07-04 00:00:00.000,4512137,"Hàng hóa hàng ngày, giấy tờ khác (quần áo, mắt kính...)",448,Quá hạn,Thuê Vendor tiêu hủy / Quyên góp,Phụ lục 3 (TTLT 18),GE + FPS + Vendor
14/07/2022,2298955,nón bảo hiểm,310522449,HCM-GBC,Bì 1 bao 4,"Hàng hóa hàng ngày, giấy tờ khác (quần áo, mắt kính...)",,2022-07-14 00:00:00.000,2298955,"Hàng hóa hàng ngày, giấy tờ khác (quần áo, mắt kính...)",438,Quá hạn,Thuê Vendor tiêu hủy / Quyên góp,Phụ lục 3 (TTLT 18),GE + FPS + Vendor
2022-11-07 00:00:00,1246032,1 chai kem chống nắng Biore,308359434,HCM-GBC,Bì 1 bao 4,"Hàng hóa hàng ngày, giấy tờ khác (quần áo, mắt kính...)",,2022-07-11 00:00:00.000,1246032,"Hàng hóa hàng ngày, giấy tờ khác (quần áo, mắt kính...)",441,Quá hạn,Thuê Vendor tiêu hủy / Quyên góp,Phụ lục 3 (TTLT 18),GE + FPS + Vendor
25/07/2022,5069974,1 bình nước màu xám,316853962,HCM-GBC,Bì 1 bao 4,"Hàng hóa hàng ngày, giấy tờ khác (quần áo, mắt kính...)",,2022-07-25 00:00:00.000,5069974,"Hàng hóa hàng ngày, giấy tờ khác (quần áo, mắt kính...)",427,Quá hạn,Thuê Vendor tiêu hủy / Quyên góp,Phụ lục 3 (TTLT 18),GE + FPS + Vendor
14/07/2022,180652,1mắt kính,311976955,HCM-GBC,Bì 1 bao 4,"Hàng hóa hàng ngày, giấy tờ khác (quần áo, mắt kính...)",,2022-07-14 00:00:00.000,180652,"Hàng hóa hàng ngày, giấy tờ khác (quần áo, mắt kính...)",438,Quá hạn,Thuê Vendor tiêu hủy / Quyên góp,Phụ lục 3 (TTLT 18),GE + FPS + Vendor
27/07/2022,4190235,đoi giầy và quần áo,316015905,HCM-GBC,Bì 1 bao 4,"Hàng hóa hàng ngày, giấy tờ khác (quần áo, mắt kính...)",,2022-07-27 00:00:00.000,4190235,"Hàng hóa hàng ngày, giấy tờ khác (quần áo, mắt kính...)",425,Quá hạn,Thuê Vendor tiêu hủy / Quyên góp,Phụ lục 3 (TTLT 18),GE + FPS + Vendor
26/07/2022,5254841,1 bình nước màu xanh,451248304,HCM-GBC,Bì 1 bao 4,"Hàng hóa hàng ngày, giấy tờ khác (quần áo, mắt kính...)",,2022-07-26 00:00:00.000,5254841,"Hàng hóa hàng ngày, giấy tờ khác (quần áo, mắt kính...)",426,Quá hạn,Thuê Vendor tiêu hủy / Quyên góp,Phụ lục 3 (TTLT 18),GE + FPS + Vendor
13/07/2022,3487889,1 mắt kính đen,310002002,HCM-GBC,Bì 1 bao 4,"Hàng hóa hàng ngày, giấy tờ khác (quần áo, mắt kính...)",,2022-07-13 00:00:00.000,3487889,"Hàng hóa hàng ngày, giấy tờ khác (quần áo, mắt kính...)",439,Quá hạn,Thuê Vendor tiêu hủy / Quyên góp,Phụ lục 3 (TTLT 18),GE + FPS + Vendor
2022-04-07 00:00:00,3863800,1 cây dù màu vàng,308906486,HCM-GBC,Bì 1 bao 4,"Hàng hóa hàng ngày, giấy tờ khác (quần áo, mắt kính...)",,2022-07-04 00:00:00.000,3863800,"Hàng hóa hàng ngày, giấy tờ khác (quần áo, mắt kính...)",448,Quá hạn,Thuê Vendor tiêu hủy / Quyên góp,Phụ lục 3 (TTLT 18),GE + FPS + Vendor
21/07/2022,5749828,nc hoa,314745574,HCM-GBC,Bì 1 bao 4,"Hàng hóa hàng ngày, giấy tờ khác (quần áo, mắt kính...)",,2022-07-21 00:00:00.000,5749828,"Hàng hóa hàng ngày, giấy tờ khác (quần áo, mắt kính...)",431,Quá hạn,Thuê Vendor tiêu hủy / Quyên góp,Phụ lục 3 (TTLT 18),GE + FPS + Vendor
2023-04-04 00:00:00,2283783,"1 cái túi màu đen ( khăn giấy, cái ví cầm tay có 1 tấm ảnh, và ít vật dụng cá nhân, không có tiền mặt)",414288883,HCM-GBC,BAO 5 ,"Hàng hóa hàng ngày, giấy tờ khác (quần áo, mắt kính...)",,2023-04-04 00:00:00.000,2283783,"Hàng hóa hàng ngày, giấy tờ khác (quần áo, mắt kính...)",174,Quá hạn,Thuê Vendor tiêu hủy / Quyên góp,Phụ lục 3 (TTLT 18),GE + FPS + Vendor
2023-10-04 00:00:00,774720,1 phiếu X quang,418722287,HCM-GBC,BAO 5 ,"Hàng hóa hàng ngày, giấy tờ khác (quần áo, mắt kính...)",,2023-04-10 00:00:00.000,774720,"Hàng hóa hàng ngày, giấy tờ khác (quần áo, mắt kính...)",168,Quá hạn,Thuê Vendor tiêu hủy / Quyên góp,Phụ lục 3 (TTLT 18),GE + FPS + Vendor
18/04/2023,5253137,1 bịch giày,421931749,HCM-GBC,,"Hàng hóa hàng ngày, giấy tờ khác (quần áo, mắt kính...)",,2023-04-18 00:00:00.000,5253137,"Hàng hóa hàng ngày, giấy tờ khác (quần áo, mắt kính...)",160,Quá hạn,Thuê Vendor tiêu hủy / Quyên góp,Phụ lục 3 (TTLT 18),GE + FPS + Vendor
2023-06-04 00:00:00,1189813,1 cái áo màu đen,417552955,HCM-GBC,,"Hàng hóa hàng ngày, giấy tờ khác (quần áo, mắt kính...)",,2023-04-06 00:00:00.000,1189813,"Hàng hóa hàng ngày, giấy tờ khác (quần áo, mắt kính...)",172,Quá hạn,Thuê Vendor tiêu hủy / Quyên góp,Phụ lục 3 (TTLT 18),GE + FPS + Vendor
2023-04-26 00:00:00,685785,bịch màu đen ( quần áo),423805598,HCM-GBC,"BAO 5, BÌ 4","Hàng hóa hàng ngày, giấy tờ khác (quần áo, mắt kính...)",,2023-04-26 00:00:00.000,685785,"Hàng hóa hàng ngày, giấy tờ khác (quần áo, mắt kính...)",152,Quá hạn,Thuê Vendor tiêu hủy / Quyên góp,Phụ lục 3 (TTLT 18),GE + FPS + Vendor
2023-12-04 00:00:00,2678976,1 bịch giày dép,419573465,HCM-GBC,"BAO 5, BÌ 4","Hàng hóa hàng ngày, giấy tờ khác (quần áo, mắt kính...)",,2023-04-12 00:00:00.000,2678976,"Hàng hóa hàng ngày, giấy tờ khác (quần áo, mắt kính...)",166,Quá hạn,Thuê Vendor tiêu hủy / Quyên góp,Phụ lục 3 (TTLT 18),GE + FPS + Vendor
2023-04-21 00:00:00,6328920,1 bình nước màu trắng,422924743,HCM-GBC,"BAO 5, BÌ 4","Hàng hóa hàng ngày, giấy tờ khác (quần áo, mắt kính...)",,2023-04-21 00:00:00.000,6328920,"Hàng hóa hàng ngày, giấy tờ khác (quần áo, mắt kính...)",157,Quá hạn,Thuê Vendor tiêu hủy / Quyên góp,Phụ lục 3 (TTLT 18),GE + FPS + Vendor
18/04/2023,6823529,"1balo màu đen ( tài liệu học tập, đồ dùng cá nhân, 6k tiền mặt)",418581851,HCM-GBC,"BAO 5, LẺ ",Tiền mặt & giấy tờ cấp bởi CQCN,,2023-04-18 00:00:00.000,6823529,Tiền mặt & giấy tờ cấp bởi CQCN,160,Cần gửi CQNN,Bàn giao CQNN / Ngân hàng,Phụ lục 4 (TTLT 18),COA + Legal + FPS
2023-02-21 00:00:00,5018955,1 dụng cụ chơi nhạc,400605377,HCM-GBC,BAO 1 - BÌ 3 ( 8 ITEM - GBC ) ,"Hàng hóa hàng ngày, giấy tờ khác (quần áo, mắt kính...)",,2023-02-21 00:00:00.000,5018955,"Hàng hóa hàng ngày, giấy tờ khác (quần áo, mắt kính...)",216,Quá hạn,Thuê Vendor tiêu hủy / Quyên góp,Phụ lục 3 (TTLT 18),GE + FPS + Vendor
2023-02-07 00:00:00,6592825,1 nón màu trắng,394724907,HCM-GBC,BAO 1 - BÌ 3 ( 8 ITEM - GBC ) ,"Hàng hóa hàng ngày, giấy tờ khác (quần áo, mắt kính...)",,2023-07-02 00:00:00.000,6592825,"Hàng hóa hàng ngày, giấy tờ khác (quần áo, mắt kính...)",85,Quá hạn,Thuê Vendor tiêu hủy / Quyên góp,Phụ lục 3 (TTLT 18),GE + FPS + Vendor
2023-02-14 00:00:00,1970095,1 bình nước trẻ em,439099535,HCM-GBC,BAO 1 - BÌ 3 ( 8 ITEM - GBC ) ,"Hàng hóa hàng ngày, giấy tờ khác (quần áo, mắt kính...)",,2023-02-14 00:00:00.000,1970095,"Hàng hóa hàng ngày, giấy tờ khác (quần áo, mắt kính...)",223,Quá hạn,Thuê Vendor tiêu hủy / Quyên góp,Phụ lục 3 (TTLT 18),GE + FPS + Vendor
,5253492,1 chìa khóa,435261798,HCM-GBC,BAO 1 - BÌ 3 ( 8 ITEM - GBC ) ,"Hàng hóa hàng ngày, giấy tờ khác (quần áo, mắt kính...)",,,5253492,"Hàng hóa hàng ngày, giấy tờ khác (quần áo, mắt kính...)",999,Quá hạn,Thuê Vendor tiêu hủy / Quyên góp,Phụ lục 3 (TTLT 18),GE + FPS + Vendor
2023-02-24 00:00:00,5565752,1 hộp hàng carton (ko rõ hàng hóa bên trong),400949432,HCM-GBC,BAO 1 - BÌ 3 ( 8 ITEM - GBC ) ,"Hàng hóa hàng ngày, giấy tờ khác (quần áo, mắt kính...)",,2023-02-24 00:00:00.000,5565752,"Hàng hóa hàng ngày, giấy tờ khác (quần áo, mắt kính...)",213,Quá hạn,Thuê Vendor tiêu hủy / Quyên góp,Phụ lục 3 (TTLT 18),GE + FPS + Vendor
2023-02-08 00:00:00,5253492,1 cái nón màu hồng,435261798,HCM-GBC,BAO 1 - BÌ 3 ( 8 ITEM - GBC ) ,"Hàng hóa hàng ngày, giấy tờ khác (quần áo, mắt kính...)",,2023-08-02 00:00:00.000,5253492,"Hàng hóa hàng ngày, giấy tờ khác (quần áo, mắt kính...)",54,Quá hạn,Thuê Vendor tiêu hủy / Quyên góp,Phụ lục 3 (TTLT 18),GE + FPS + Vendor
2023-02-08 00:00:00,4298444,1 túi màu trắng ( 2 phiếu danh sách đại lý và phiếu bảo hành),396076569,HCM-GBC,BAO 1 - BÌ 3 ( 8 ITEM - GBC ) ,"Hàng hóa hàng ngày, giấy tờ khác (quần áo, mắt kính...)",,2023-08-02 00:00:00.000,4298444,"Hàng hóa hàng ngày, giấy tờ khác (quần áo, mắt kính...)",54,Quá hạn,Thuê Vendor tiêu hủy / Quyên góp,Phụ lục 3 (TTLT 18),GE + FPS + Vendor
2023-02-10 00:00:00,5771267,chìa khóa,396469897,HCM-GBC,BAO 1 - BÌ 3 ( 8 ITEM - GBC ) ,"Hàng hóa hàng ngày, giấy tờ khác (quần áo, mắt kính...)",,2023-10-02 00:00:00.000,5771267,"Hàng hóa hàng ngày, giấy tờ khác (quần áo, mắt kính...)",-7,Còn hạn,Thuê Vendor tiêu hủy / Quyên góp,Phụ lục 3 (TTLT 18),GE + FPS + Vendor
2023-02-28 00:00:00,491813,1 mũ em bé cũ,403645472,HCM-GBC,BAO 1 - BÌ 4 - 15 ITEM ,"Hàng hóa hàng ngày, giấy tờ khác (quần áo, mắt kính...)",,2023-02-28 00:00:00.000,491813,"Hàng hóa hàng ngày, giấy tờ khác (quần áo, mắt kính...)",209,Quá hạn,Thuê Vendor tiêu hủy / Quyên góp,Phụ lục 3 (TTLT 18),GE + FPS + Vendor
2023-02-25 00:00:00,3277568,TS là 1 thuốc lá điện tử màu hồng cam,402689682,HCM-GBC,BAO 1 - BÌ 4 - 15 ITEM ,Thuốc lá điện tử ,,2023-02-25 00:00:00.000,3277568,Thuốc lá điện tử,212,Quá hạn,Tự tiêu hủy tại Hub (Chất thải nguy hại),Biên bản tiêu hủy nội bộ,FPS + COA
2023-02-27 00:00:00,6655857,1 chìa khóa,401237528,HCM-GBC,BAO 1 - BÌ 4 - 15 ITEM ,"Hàng hóa hàng ngày, giấy tờ khác (quần áo, mắt kính...)",,2023-02-27 00:00:00.000,6655857,"Hàng hóa hàng ngày, giấy tờ khác (quần áo, mắt kính...)",210,Quá hạn,Thuê Vendor tiêu hủy / Quyên góp,Phụ lục 3 (TTLT 18),GE + FPS + Vendor
2023-02-15 00:00:00,4926869,1 chùm chìa khóa,399131222,HCM-GBC,BAO 1 - BÌ 4 - 15 ITEM ,"Hàng hóa hàng ngày, giấy tờ khác (quần áo, mắt kính...)",,2023-02-15 00:00:00.000,4926869,"Hàng hóa hàng ngày, giấy tờ khác (quần áo, mắt kính...)",222,Quá hạn,Thuê Vendor tiêu hủy / Quyên góp,Phụ lục 3 (TTLT 18),GE + FPS + Vendor
2023-02-21 00:00:00,4148805,1 chùm chìa khóa,398310442,HCM-GBC,BAO 1 - BÌ 4 - 15 ITEM ,"Hàng hóa hàng ngày, giấy tờ khác (quần áo, mắt kính...)",,2023-02-21 00:00:00.000,4148805,"Hàng hóa hàng ngày, giấy tờ khác (quần áo, mắt kính...)",216,Quá hạn,Thuê Vendor tiêu hủy / Quyên góp,Phụ lục 3 (TTLT 18),GE + FPS + Vendor
2023-02-25 00:00:00,2078668,TS là 1 túi đen chưa 1 bình nước và 1 cahi nước,402245029,HCM-GBC,BAO 1 - BÌ 4 - 15 ITEM ,"Hàng hóa hàng ngày, giấy tờ khác (quần áo, mắt kính...)",,2023-02-25 00:00:00.000,2078668,"Hàng hóa hàng ngày, giấy tờ khác (quần áo, mắt kính...)",212,Quá hạn,Thuê Vendor tiêu hủy / Quyên góp,Phụ lục 3 (TTLT 18),GE + FPS + Vendor
2023-02-24 00:00:00,6698430,1 bịch màu đen ( 10 vòng gỗ),,HCM-GBC,BAO 1 - BÌ 4 - 15 ITEM ,"Hàng hóa hàng ngày, giấy tờ khác (quần áo, mắt kính...)",,2023-02-24 00:00:00.000,6698430,"Hàng hóa hàng ngày, giấy tờ khác (quần áo, mắt kính...)",213,Quá hạn,Thuê Vendor tiêu hủy / Quyên góp,Phụ lục 3 (TTLT 18),GE + FPS + Vendor
2023-02-13 00:00:00,234664,1 cục màu đen ( không rõ là gì ),397477778,HCM-GBC,BAO 1 - BÌ 4 - 15 ITEM ,"Hàng hóa hàng ngày, giấy tờ khác (quần áo, mắt kính...)",,2023-02-13 00:00:00.000,234664,"Hàng hóa hàng ngày, giấy tờ khác (quần áo, mắt kính...)",224,Quá hạn,Thuê Vendor tiêu hủy / Quyên góp,Phụ lục 3 (TTLT 18),GE + FPS + Vendor
2023-02-14 00:00:00,4600752,1 cục phát wifi màu đen,398458898,HCM-GBC,BAO 1 - BÌ 4 - 15 ITEM ,"Hàng hóa hàng ngày, giấy tờ khác (quần áo, mắt kính...)",,2023-02-14 00:00:00.000,4600752,"Hàng hóa hàng ngày, giấy tờ khác (quần áo, mắt kính...)",223,Quá hạn,Thuê Vendor tiêu hủy / Quyên góp,Phụ lục 3 (TTLT 18),GE + FPS + Vendor
2023-02-13 00:00:00,5098233,1 bịch màu trắng bên trong là 2 lọ mỹ phẩm,397981454,HCM-GBC,BAO 1 - BÌ 4 - 15 ITEM ,"Hàng hóa hàng ngày, giấy tờ khác (quần áo, mắt kính...)",,2023-02-13 00:00:00.000,5098233,"Hàng hóa hàng ngày, giấy tờ khác (quần áo, mắt kính...)",224,Quá hạn,Thuê Vendor tiêu hủy / Quyên góp,Phụ lục 3 (TTLT 18),GE + FPS + Vendor
2023-02-20 00:00:00,1852329,Bình xịt,401146046,HCM-GBC,BAO 1 - BÌ 4 - 15 ITEM ,"Hàng hóa hàng ngày, giấy tờ khác (quần áo, mắt kính...)",,2023-02-20 00:00:00.000,1852329,"Hàng hóa hàng ngày, giấy tờ khác (quần áo, mắt kính...)",217,Quá hạn,Thuê Vendor tiêu hủy / Quyên góp,Phụ lục 3 (TTLT 18),GE + FPS + Vendor
2023-03-28 00:00:00,3452667,1 chiếc nhẫn và dây chuyền vàng,414320415,HCM-GBC,BAO 1 - BÌ 4 - 15 ITEM ,"Hàng hóa hàng ngày, giấy tờ khác (quần áo, mắt kính...)",,2023-03-28 00:00:00.000,3452667,"Hàng hóa hàng ngày, giấy tờ khác (quần áo, mắt kính...)",181,Quá hạn,Thuê Vendor tiêu hủy / Quyên góp,Phụ lục 3 (TTLT 18),GE + FPS + Vendor
2023-02-28 00:00:00,5764218,1 cái ví nâu có 536k,403804856,HCM-GBC,BAO 1 - BÌ 4 - 15 ITEM ,Tiền mặt & giấy tờ cấp bởi CQCN,,2023-02-28 00:00:00.000,5764218,Tiền mặt & giấy tờ cấp bởi CQCN,209,Cần gửi CQNN,Bàn giao CQNN / Ngân hàng,Phụ lục 4 (TTLT 18),COA + Legal + FPS
2023-03-07 00:00:00,6655243,"1 cái túi da (kim chỉ, khăn giấy, băng cá nhân, 16k tiền mặt)",405631683,HCM-GBC,BAO 1 - BÌ 4 - 15 ITEM ,Tiền mặt & giấy tờ cấp bởi CQCN,,2023-07-03 00:00:00.000,6655243,Tiền mặt & giấy tờ cấp bởi CQCN,84,Cần gửi CQNN,Bàn giao CQNN / Ngân hàng,Phụ lục 4 (TTLT 18),COA + Legal + FPS
2023-02-11 00:00:00,3058410,1 hộp camen,397117660,HCM-GBC,BAO 1 - BÌ 4 - 15 ITEM ,"Hàng hóa hàng ngày, giấy tờ khác (quần áo, mắt kính...)",,2023-11-02 00:00:00.000,3058410,"Hàng hóa hàng ngày, giấy tờ khác (quần áo, mắt kính...)",-38,Còn hạn,Thuê Vendor tiêu hủy / Quyên góp,Phụ lục 3 (TTLT 18),GE + FPS + Vendor
2023-02-11 00:00:00,6651997,tranh đồng quê,397340117,HCM-GBC,BAO 1 ,"Hàng hóa hàng ngày, giấy tờ khác (quần áo, mắt kính...)",,2023-11-02 00:00:00.000,6651997,"Hàng hóa hàng ngày, giấy tờ khác (quần áo, mắt kính...)",-38,Còn hạn,Thuê Vendor tiêu hủy / Quyên góp,Phụ lục 3 (TTLT 18),GE + FPS + Vendor
2023-02-27 00:00:00,5231788,1 túi đồ,400602853,HCM-GBC,BAO 1 ,"Hàng hóa hàng ngày, giấy tờ khác (quần áo, mắt kính...)",,2023-02-27 00:00:00.000,5231788,"Hàng hóa hàng ngày, giấy tờ khác (quần áo, mắt kính...)",210,Quá hạn,Thuê Vendor tiêu hủy / Quyên góp,Phụ lục 3 (TTLT 18),GE + FPS + Vendor
2023-02-01 00:00:00,1242512,1 gối màu hồng hình con heo,392884218,HCM-GBC,,"Hàng hóa hàng ngày, giấy tờ khác (quần áo, mắt kính...)",,2023-01-02 00:00:00.000,1242512,"Hàng hóa hàng ngày, giấy tờ khác (quần áo, mắt kính...)",266,Quá hạn,Thuê Vendor tiêu hủy / Quyên góp,Phụ lục 3 (TTLT 18),GE + FPS + Vendor
2023-02-11 11:13:15,2504303,"1 túi đồ (khăn giấy, thuốc, sữa)",397206470,HCM-GBC,,"Hàng hóa hàng ngày, giấy tờ khác (quần áo, mắt kính...)",,2023-11-02 11:13:15.000,2504303,"Hàng hóa hàng ngày, giấy tờ khác (quần áo, mắt kính...)",-39,Còn hạn,Thuê Vendor tiêu hủy / Quyên góp,Phụ lục 3 (TTLT 18),GE + FPS + Vendor
2022-06-23 00:00:00,4656315,"1 túi đeo chéo (bên trong chứa thuốc và hóa đơn, ko có tài sản giá trị hoặc tiền)",303651175,HCM-GBC,,"Hàng hóa hàng ngày, giấy tờ khác (quần áo, mắt kính...)",,2022-06-23 00:00:00.000,4656315,"Hàng hóa hàng ngày, giấy tờ khác (quần áo, mắt kính...)",459,Quá hạn,Thuê Vendor tiêu hủy / Quyên góp,Phụ lục 3 (TTLT 18),GE + FPS + Vendor
2023-05-09 00:00:00,4609202,1 cái ví màu hồng (154k),426653419,HCM-GBC,BAO 2 (128-152),Tiền mặt & giấy tờ cấp bởi CQCN,,2023-09-05 00:00:00.000,4609202,Tiền mặt & giấy tờ cấp bởi CQCN,20,Cần gửi CQNN,Bàn giao CQNN / Ngân hàng,Phụ lục 4 (TTLT 18),COA + Legal + FPS
2023-02-06 00:00:00,5319567,1 cây thuốc lá điện tử,395204617,HCM-GBC,BAO 2 (128-152),Thuốc lá điện tử ,,2023-06-02 00:00:00.000,5319567,Thuốc lá điện tử,115,Quá hạn,Tự tiêu hủy tại Hub (Chất thải nguy hại),Biên bản tiêu hủy nội bộ,FPS + COA
2022-08-06 10:45:14,5602262,cục sạc,320822865,HCM-GBC,BAO 2 (128-152),"Hàng hóa hàng ngày, giấy tờ khác (quần áo, mắt kính...)",,2022-06-08 10:45:14.000,5602262,"Hàng hóa hàng ngày, giấy tờ khác (quần áo, mắt kính...)",473,Quá hạn,Thuê Vendor tiêu hủy / Quyên góp,Phụ lục 3 (TTLT 18),GE + FPS + Vendor
2023-06-28 00:00:00,6543716,1 cái ví đen (57.000vnđ),442568321,HCM-GBC,BAO 2 (128-152),Tiền mặt & giấy tờ cấp bởi CQCN,,2023-06-28 00:00:00.000,6543716,Tiền mặt & giấy tờ cấp bởi CQCN,89,Cần gửi CQNN,Bàn giao CQNN / Ngân hàng,Phụ lục 4 (TTLT 18),COA + Legal + FPS
2022-07-23 00:00:00,6319356,Đồng hồ đo Ampe kế,315867491,HCM-GBC,BAO 2 (128-152),"Hàng hóa hàng ngày, giấy tờ khác (quần áo, mắt kính...)",,2022-07-23 00:00:00.000,6319356,"Hàng hóa hàng ngày, giấy tờ khác (quần áo, mắt kính...)",429,Quá hạn,Thuê Vendor tiêu hủy / Quyên góp,Phụ lục 3 (TTLT 18),GE + FPS + Vendor
2022-03-09 13:52:05,2846621,1 cài áo Channel,270093716,HCM-GBC,BAO 2 (128-152),"Hàng hóa hàng ngày, giấy tờ khác (quần áo, mắt kính...)",,2022-09-03 13:52:05.000,2846621,"Hàng hóa hàng ngày, giấy tờ khác (quần áo, mắt kính...)",386,Quá hạn,Thuê Vendor tiêu hủy / Quyên góp,Phụ lục 3 (TTLT 18),GE + FPS + Vendor
2023-06-13 00:00:00,6937545,1 ví màu xanh (411.000đ),439473174,HCM-GBC,BAO 2 (128-152),Tiền mặt & giấy tờ cấp bởi CQCN,,2023-06-13 00:00:00.000,6937545,Tiền mặt & giấy tờ cấp bởi CQCN,104,Cần gửi CQNN,Bàn giao CQNN / Ngân hàng,Phụ lục 4 (TTLT 18),COA + Legal + FPS
2023-03-28 00:00:00,3913205,1 ví màu đen bên trong có 780k tiền mặt,414404048,HCM-GBC,BAO 2 (128-152),Tiền mặt & giấy tờ cấp bởi CQCN,,2023-03-28 00:00:00.000,3913205,Tiền mặt & giấy tờ cấp bởi CQCN,181,Cần gửi CQNN,Bàn giao CQNN / Ngân hàng,Phụ lục 4 (TTLT 18),COA + Legal + FPS
2023-07-15 00:00:00,4758749,1 cái ví có 100k,449675213,HCM-GBC,BAO 2 (128-152),Tiền mặt & giấy tờ cấp bởi CQCN,,2023-07-15 00:00:00.000,4758749,Tiền mặt & giấy tờ cấp bởi CQCN,72,Cần gửi CQNN,Bàn giao CQNN / Ngân hàng,Phụ lục 4 (TTLT 18),COA + Legal + FPS
2023-04-06 00:00:00,650918,1 cái ví màu xanh đen chỉ có cart giấy,417581983,HCM-GBC,BAO 2 (128-152),"Hàng hóa hàng ngày, giấy tờ khác (quần áo, mắt kính...)",,2023-06-04 00:00:00.000,650918,"Hàng hóa hàng ngày, giấy tờ khác (quần áo, mắt kính...)",113,Quá hạn,Thuê Vendor tiêu hủy / Quyên góp,Phụ lục 3 (TTLT 18),GE + FPS + Vendor
2022-06-20 00:00:00,5253492,1 cái ví nam (125k + 3 thẻ taxi Mai Linh),435261798,HCM-GBC,BAO 2 (128-152),Tiền mặt & giấy tờ cấp bởi CQCN,,2022-06-20 00:00:00.000,5253492,Tiền mặt & giấy tờ cấp bởi CQCN,462,Cần gửi CQNN,Bàn giao CQNN / Ngân hàng,Phụ lục 4 (TTLT 18),COA + Legal + FPS
2023-02-21 00:00:00,1186996,"1 ví màu xanh đen có khăn giấy, gel rửa tay và 6 tờ tiền Philipin (390)",400489458,HCM-GBC,BAO 2 (128-152),Tiền mặt & giấy tờ cấp bởi CQCN,,2023-02-21 00:00:00.000,1186996,Tiền mặt & giấy tờ cấp bởi CQCN,216,Cần gửi CQNN,Bàn giao CQNN / Ngân hàng,Phụ lục 4 (TTLT 18),COA + Legal + FPS
2022-11-17 00:00:00,4659499,"ví màu xám gồm 61.500vnd tiền mặt, 6 tấm ảnh",357774044,HCM-GBC,BAO 2 (128-152),Tiền mặt & giấy tờ cấp bởi CQCN,,2022-11-17 00:00:00.000,4659499,Tiền mặt & giấy tờ cấp bởi CQCN,312,Cần gửi CQNN,Bàn giao CQNN / Ngân hàng,Phụ lục 4 (TTLT 18),COA + Legal + FPS
2022-06-29 00:00:00,6289691,1 ví màu xanh có 8k tiền mặt + 3USD,304388102,HCM-GBC,BAO 2 (128-152),Tiền mặt & giấy tờ cấp bởi CQCN,,2022-06-29 00:00:00.000,6289691,Tiền mặt & giấy tờ cấp bởi CQCN,453,Cần gửi CQNN,Bàn giao CQNN / Ngân hàng,Phụ lục 4 (TTLT 18),COA + Legal + FPS
2022-08-03 00:00:00,491521,1 cục phát wifi màu đen,317157678,HCM-GBC,BAO 2 (128-152),"Hàng hóa hàng ngày, giấy tờ khác (quần áo, mắt kính...)",,2022-03-08 00:00:00.000,491521,"Hàng hóa hàng ngày, giấy tờ khác (quần áo, mắt kính...)",566,Quá hạn,Thuê Vendor tiêu hủy / Quyên góp,Phụ lục 3 (TTLT 18),GE + FPS + Vendor
2023-02-02 00:00:00,739105,1 bóp + 600k tm + 1 thẻ học sinh,390062318,HCM-GBC,BAO 2 (128-152),Tiền mặt & giấy tờ cấp bởi CQCN,,2023-02-02 00:00:00.000,739105,Tiền mặt & giấy tờ cấp bởi CQCN,235,Cần gửi CQNN,Bàn giao CQNN / Ngân hàng,Phụ lục 4 (TTLT 18),COA + Legal + FPS
2022-06-15 00:00:00,4733349,1 bóp có 138k tiền mặt,297665700,HCM-GBC,BAO 2 (128-152),Tiền mặt & giấy tờ cấp bởi CQCN,,2022-06-15 00:00:00.000,4733349,Tiền mặt & giấy tờ cấp bởi CQCN,467,Cần gửi CQNN,Bàn giao CQNN / Ngân hàng,Phụ lục 4 (TTLT 18),COA + Legal + FPS
2022-06-21 00:00:00,1913216,ví da không tiền mặt,303491952,HCM-GBC,BAO 2 (128-152),"Hàng hóa hàng ngày, giấy tờ khác (quần áo, mắt kính...)",,2022-06-21 00:00:00.000,1913216,"Hàng hóa hàng ngày, giấy tờ khác (quần áo, mắt kính...)",461,Quá hạn,Thuê Vendor tiêu hủy / Quyên góp,Phụ lục 3 (TTLT 18),GE + FPS + Vendor
2022-10-05 00:00:00,5193207,1 chiếc nhẫn màu bạc hình hoa sen,344047194,HCM-GBC,BAO 2 (128-152),"Hàng hóa hàng ngày, giấy tờ khác (quần áo, mắt kính...)",,2022-05-10 00:00:00.000,5193207,"Hàng hóa hàng ngày, giấy tờ khác (quần áo, mắt kính...)",503,Quá hạn,Thuê Vendor tiêu hủy / Quyên góp,Phụ lục 3 (TTLT 18),GE + FPS + Vendor
2022-10-13 00:00:00,740845,1 lắc tay màu trắng,346631832,HCM-GBC,BAO 2 (128-152),"Hàng hóa hàng ngày, giấy tờ khác (quần áo, mắt kính...)",,2022-10-13 00:00:00.000,740845,"Hàng hóa hàng ngày, giấy tờ khác (quần áo, mắt kính...)",347,Quá hạn,Thuê Vendor tiêu hủy / Quyên góp,Phụ lục 3 (TTLT 18),GE + FPS + Vendor
2022-05-10 00:00:00,1937737,"1 mắt kinh + 1 ví hồng (1 tờ 1 đô, 1 tờ 2000đ, 2 tờ vé số)",288870897,HCM-GBC,BAO 2 (128-152),Tiền mặt & giấy tờ cấp bởi CQCN,,2022-10-05 00:00:00.000,1937737,Tiền mặt & giấy tờ cấp bởi CQCN,355,Cần gửi CQNN,Bàn giao CQNN / Ngân hàng,Phụ lục 4 (TTLT 18),COA + Legal + FPS
2022-08-06 00:00:00,5065576,bóp có USB + sạc dự phòng + dây cáp,321327137,HCM-GBC,BAO 2 (128-152),"Hàng hóa hàng ngày, giấy tờ khác (quần áo, mắt kính...)",,2022-06-08 00:00:00.000,5065576,"Hàng hóa hàng ngày, giấy tờ khác (quần áo, mắt kính...)",474,Quá hạn,Thuê Vendor tiêu hủy / Quyên góp,Phụ lục 3 (TTLT 18),GE + FPS + Vendor
2022-06-30 00:00:00,3058829,1 cục sạc dự phòng,307370504,HCM-GBC,BAO 2 (128-152),"Hàng hóa hàng ngày, giấy tờ khác (quần áo, mắt kính...)",,2022-06-30 00:00:00.000,3058829,"Hàng hóa hàng ngày, giấy tờ khác (quần áo, mắt kính...)",452,Quá hạn,Thuê Vendor tiêu hủy / Quyên góp,Phụ lục 3 (TTLT 18),GE + FPS + Vendor
2022-12-01 00:00:00,3426949,1 vỏ tai nghe Air pod bên trong ko có tai nghe,366715354,HCM-GBC,BAO 2 (128-152),"Hàng hóa hàng ngày, giấy tờ khác (quần áo, mắt kính...)",,2022-01-12 00:00:00.000,3426949,"Hàng hóa hàng ngày, giấy tờ khác (quần áo, mắt kính...)",621,Quá hạn,Thuê Vendor tiêu hủy / Quyên góp,Phụ lục 3 (TTLT 18),GE + FPS + Vendor
2022-06-16 00:00:00,5602447,1 cục phát wifi,298394389,HCM-GBC,BAO 2 (128-152),"Hàng hóa hàng ngày, giấy tờ khác (quần áo, mắt kính...)",,2022-06-16 00:00:00.000,5602447,"Hàng hóa hàng ngày, giấy tờ khác (quần áo, mắt kính...)",466,Quá hạn,Thuê Vendor tiêu hủy / Quyên góp,Phụ lục 3 (TTLT 18),GE + FPS + Vendor
2022-11-07 00:00:00,1242512,1 mắt kính,392884218,HCM-GBC,,"Hàng hóa hàng ngày, giấy tờ khác (quần áo, mắt kính...)",,2022-07-11 00:00:00.000,1242512,"Hàng hóa hàng ngày, giấy tờ khác (quần áo, mắt kính...)",441,Quá hạn,Thuê Vendor tiêu hủy / Quyên góp,Phụ lục 3 (TTLT 18),GE + FPS + Vendor
27/07/2022,674743,1 túi quần áo (nữ,317624100,HCM-GBC,Bao 4,"Hàng hóa hàng ngày, giấy tờ khác (quần áo, mắt kính...)",,2022-07-27 00:00:00.000,674743,"Hàng hóa hàng ngày, giấy tờ khác (quần áo, mắt kính...)",425,Quá hạn,Thuê Vendor tiêu hủy / Quyên góp,Phụ lục 3 (TTLT 18),GE + FPS + Vendor
19/07/2022,6379799,1 balo màu xanh đen,310823554,HCM-GBC,Bao 4,"Hàng hóa hàng ngày, giấy tờ khác (quần áo, mắt kính...)",,2022-07-19 00:00:00.000,6379799,"Hàng hóa hàng ngày, giấy tờ khác (quần áo, mắt kính...)",433,Quá hạn,Thuê Vendor tiêu hủy / Quyên góp,Phụ lục 3 (TTLT 18),GE + FPS + Vendor
2022-07-07 00:00:00,1404533,giỏ hành lý,309578851,HCM-GBC,Bao 4,"Hàng hóa hàng ngày, giấy tờ khác (quần áo, mắt kính...)",,2022-07-07 00:00:00.000,1404533,"Hàng hóa hàng ngày, giấy tờ khác (quần áo, mắt kính...)",445,Quá hạn,Thuê Vendor tiêu hủy / Quyên góp,Phụ lục 3 (TTLT 18),GE + FPS + Vendor
2023-08-14 12:00:17,5253492,1 chìa khóa,435261798,HCM-GBC,Bao 4,"Hàng hóa hàng ngày, giấy tờ khác (quần áo, mắt kính...)",,2023-08-14 12:00:17.000,5253492,"Hàng hóa hàng ngày, giấy tờ khác (quần áo, mắt kính...)",41,Quá hạn,Thuê Vendor tiêu hủy / Quyên góp,Phụ lục 3 (TTLT 18),GE + FPS + Vendor
28/07/2022,2735646,2 cái áo khác( màu xanh và màu đen),315951988,HCM-GBC,Bao 4,"Hàng hóa hàng ngày, giấy tờ khác (quần áo, mắt kính...)",,2022-07-28 00:00:00.000,2735646,"Hàng hóa hàng ngày, giấy tờ khác (quần áo, mắt kính...)",424,Quá hạn,Thuê Vendor tiêu hủy / Quyên góp,Phụ lục 3 (TTLT 18),GE + FPS + Vendor
27/07/2022,3163484,đôi giày,315174164,HCM-GBC,Bao 4,"Hàng hóa hàng ngày, giấy tờ khác (quần áo, mắt kính...)",,2022-07-27 00:00:00.000,3163484,"Hàng hóa hàng ngày, giấy tờ khác (quần áo, mắt kính...)",425,Quá hạn,Thuê Vendor tiêu hủy / Quyên góp,Phụ lục 3 (TTLT 18),GE + FPS + Vendor
21/04/2023,6729134,1 nón bảo hiểm,421515758,HCM-GBC,BAO 5 - BÌ 2,"Hàng hóa hàng ngày, giấy tờ khác (quần áo, mắt kính...)",,2023-04-21 00:00:00.000,6729134,"Hàng hóa hàng ngày, giấy tờ khác (quần áo, mắt kính...)",157,Quá hạn,Thuê Vendor tiêu hủy / Quyên góp,Phụ lục 3 (TTLT 18),GE + FPS + Vendor
25/04/2023,6270587,1 chiếc bông tai,423170015,HCM-GBC,BAO 5 - BÌ 2,"Hàng hóa hàng ngày, giấy tờ khác (quần áo, mắt kính...)",,2023-04-25 00:00:00.000,6270587,"Hàng hóa hàng ngày, giấy tờ khác (quần áo, mắt kính...)",153,Quá hạn,Thuê Vendor tiêu hủy / Quyên góp,Phụ lục 3 (TTLT 18),GE + FPS + Vendor
2023-06-04 00:00:00,4040240,1 chai nc tẩy trang đã sd,415423573,HCM-GBC,BAO 5 - BÌ 2,"Hàng hóa hàng ngày, giấy tờ khác (quần áo, mắt kính...)",,2023-04-06 00:00:00.000,4040240,"Hàng hóa hàng ngày, giấy tờ khác (quần áo, mắt kính...)",172,Quá hạn,Thuê Vendor tiêu hủy / Quyên góp,Phụ lục 3 (TTLT 18),GE + FPS + Vendor
17/04/2023,1270863,1 dây cáp sạc màu trắng,421466818,HCM-GBC,BAO 5 - BÌ 2,"Hàng hóa hàng ngày, giấy tờ khác (quần áo, mắt kính...)",,2023-04-17 00:00:00.000,1270863,"Hàng hóa hàng ngày, giấy tờ khác (quần áo, mắt kính...)",161,Quá hạn,Thuê Vendor tiêu hủy / Quyên góp,Phụ lục 3 (TTLT 18),GE + FPS + Vendor
22/04/2023,576847,1 bình giữ nhiệt starbuck màu xanh,422238737,HCM-GBC,BAO 5 - BÌ 2,"Hàng hóa hàng ngày, giấy tờ khác (quần áo, mắt kính...)",,2023-04-22 00:00:00.000,576847,"Hàng hóa hàng ngày, giấy tờ khác (quần áo, mắt kính...)",156,Quá hạn,Thuê Vendor tiêu hủy / Quyên góp,Phụ lục 3 (TTLT 18),GE + FPS + Vendor
13/04/2023,5247062,1 chìa khóa xe BMW,418301361,HCM-GBC,BAO 5 - BÌ 2,"Hàng hóa hàng ngày, giấy tờ khác (quần áo, mắt kính...)",,2023-04-13 00:00:00.000,5247062,"Hàng hóa hàng ngày, giấy tờ khác (quần áo, mắt kính...)",165,Quá hạn,Thuê Vendor tiêu hủy / Quyên góp,Phụ lục 3 (TTLT 18),GE + FPS + Vendor
,5253492,1 chìa khóa,435261798,HCM-GBC,BAO 5 - BÌ 2,"Hàng hóa hàng ngày, giấy tờ khác (quần áo, mắt kính...)",,,5253492,"Hàng hóa hàng ngày, giấy tờ khác (quần áo, mắt kính...)",999,Quá hạn,Thuê Vendor tiêu hủy / Quyên góp,Phụ lục 3 (TTLT 18),GE + FPS + Vendor
2023-11-04 08:14:59,4347189,1 bình nước màu xanh,418921987,HCM-GBC,BAO 5 - BÌ 2,"Hàng hóa hàng ngày, giấy tờ khác (quần áo, mắt kính...)",,2023-04-11 08:14:59.000,4347189,"Hàng hóa hàng ngày, giấy tờ khác (quần áo, mắt kính...)",166,Quá hạn,Thuê Vendor tiêu hủy / Quyên góp,Phụ lục 3 (TTLT 18),GE + FPS + Vendor
27/04/2023,6586868,1 chùm chìa khóa,424119076,HCM-GBC,BAO 5 - BÌ 2,"Hàng hóa hàng ngày, giấy tờ khác (quần áo, mắt kính...)",,2023-04-27 00:00:00.000,6586868,"Hàng hóa hàng ngày, giấy tờ khác (quần áo, mắt kính...)",151,Quá hạn,Thuê Vendor tiêu hủy / Quyên góp,Phụ lục 3 (TTLT 18),GE + FPS + Vendor
18/04/2023,4127913,1 bình nước,419369833,HCM-GBC,BAO 5 - BÌ 2,"Hàng hóa hàng ngày, giấy tờ khác (quần áo, mắt kính...)",,2023-04-18 00:00:00.000,4127913,"Hàng hóa hàng ngày, giấy tờ khác (quần áo, mắt kính...)",160,Quá hạn,Thuê Vendor tiêu hủy / Quyên góp,Phụ lục 3 (TTLT 18),GE + FPS + Vendor
26/04/2023,5581899,1 bình nước nhựa màu xanh,424657388,HCM-GBC,BAO 5 - BÌ 2,"Hàng hóa hàng ngày, giấy tờ khác (quần áo, mắt kính...)",,2023-04-26 00:00:00.000,5581899,"Hàng hóa hàng ngày, giấy tờ khác (quần áo, mắt kính...)",152,Quá hạn,Thuê Vendor tiêu hủy / Quyên góp,Phụ lục 3 (TTLT 18),GE + FPS + Vendor
26/04/2023,2718413,nón Gap đen,424082130,HCM-GBC,BAO 5 - BÌ 2,"Hàng hóa hàng ngày, giấy tờ khác (quần áo, mắt kính...)",,2023-04-26 00:00:00.000,2718413,"Hàng hóa hàng ngày, giấy tờ khác (quần áo, mắt kính...)",152,Quá hạn,Thuê Vendor tiêu hủy / Quyên góp,Phụ lục 3 (TTLT 18),GE + FPS + Vendor
21/04/2023,810501,1 chìa khóa,421251008,HCM-GBC,BAO 5 - BÌ 2,"Hàng hóa hàng ngày, giấy tờ khác (quần áo, mắt kính...)",,2023-04-21 00:00:00.000,810501,"Hàng hóa hàng ngày, giấy tờ khác (quần áo, mắt kính...)",157,Quá hạn,Thuê Vendor tiêu hủy / Quyên góp,Phụ lục 3 (TTLT 18),GE + FPS + Vendor
18/04/2023,6595776,1 chiếc nhẫn  có hột màu xanh,421876575,HCM-GBC,BAO 5 - BÌ 2,"Hàng hóa hàng ngày, giấy tờ khác (quần áo, mắt kính...)",,2023-04-18 00:00:00.000,6595776,"Hàng hóa hàng ngày, giấy tờ khác (quần áo, mắt kính...)",160,Quá hạn,Thuê Vendor tiêu hủy / Quyên góp,Phụ lục 3 (TTLT 18),GE + FPS + Vendor
2023-06-09 00:00:00,2762621,1 mô hình máy bay,438326935,HCM-GBC,BAO 5 - BÌ 2,"Hàng hóa hàng ngày, giấy tờ khác (quần áo, mắt kính...)",,2023-09-06 00:00:00.000,2762621,"Hàng hóa hàng ngày, giấy tờ khác (quần áo, mắt kính...)",19,Còn hạn,Thuê Vendor tiêu hủy / Quyên góp,Phụ lục 3 (TTLT 18),GE + FPS + Vendor
22/04/2023,5211308,1 hộp tai sạc nghe airpods pro ( không có tai nghe bên trong ),423255725,HCM-GBC,BAO 5 - BÌ 2,"Hàng hóa hàng ngày, giấy tờ khác (quần áo, mắt kính...)",,2023-04-22 00:00:00.000,5211308,"Hàng hóa hàng ngày, giấy tờ khác (quần áo, mắt kính...)",156,Quá hạn,Thuê Vendor tiêu hủy / Quyên góp,Phụ lục 3 (TTLT 18),GE + FPS + Vendor
22/04/2023,4776636,1 vòng màu vàng,421226799,HCM-GBC,BAO 5 - BÌ 2,"Hàng hóa hàng ngày, giấy tờ khác (quần áo, mắt kính...)",,2023-04-22 00:00:00.000,4776636,"Hàng hóa hàng ngày, giấy tờ khác (quần áo, mắt kính...)",156,Quá hạn,Thuê Vendor tiêu hủy / Quyên góp,Phụ lục 3 (TTLT 18),GE + FPS + Vendor
2023-04-04 00:00:00,5386324,1 CCCD không gắn chip tên Lã Trường An,414375569,HCM-GBC,BAO 5 - BÌ 2,Tiền mặt & giấy tờ cấp bởi CQCN,,2023-04-04 00:00:00.000,5386324,Tiền mặt & giấy tờ cấp bởi CQCN,174,Cần gửi CQNN,Bàn giao CQNN / Ngân hàng,Phụ lục 4 (TTLT 18),COA + Legal + FPS
21/04/2023,5696823,1 điện thoại LG.,423015319,HCM-GBC,BAO 5 - BÌ 2,Thiết bị điện tử có giá,,2023-04-21 00:00:00.000,5696823,Thiết bị điện tử có giá,157,Quá hạn,Xóa dữ liệu & Thanh lý / Thuê Vendor hủy,Phụ lục 3 (TTLT 18),GE + FPS + Procurement
18/04/2023,6571444,"1 bóp màu đen ( thẻ visa Khoo cedric, cây bút)",423006578,HCM-GBC,BAO 5 - BÌ 2,Thẻ Ngân hàng ,,2023-04-18 00:00:00.000,6571444,Thẻ Ngân hàng,160,Cần gửi CQNN,Bàn giao CQNN / Ngân hàng,Phụ lục 4 (TTLT 18),COA + Legal + FPS
22/04/2023,1687008,1 thẻ dân cư,422834430,HCM-GBC,BAO 5 - BÌ 2,"Hàng hóa hàng ngày, giấy tờ khác (quần áo, mắt kính...)",,2023-04-22 00:00:00.000,1687008,"Hàng hóa hàng ngày, giấy tờ khác (quần áo, mắt kính...)",156,Quá hạn,Thuê Vendor tiêu hủy / Quyên góp,Phụ lục 3 (TTLT 18),GE + FPS + Vendor
20/04/2023,5560136,1 cây thuốc lá điện tử,422405202,HCM-GBC,BAO 5 - BÌ 2,Thuốc lá điện tử ,,2023-04-20 00:00:00.000,5560136,Thuốc lá điện tử,158,Quá hạn,Tự tiêu hủy tại Hub (Chất thải nguy hại),Biên bản tiêu hủy nội bộ,FPS + COA
2023-04-26 00:00:00,22819,1 cây vape,424296895,HCM-GBC,BAO 5 - BÌ 2,"Hàng hóa hàng ngày, giấy tờ khác (quần áo, mắt kính...)",,2023-04-26 00:00:00.000,22819,"Hàng hóa hàng ngày, giấy tờ khác (quần áo, mắt kính...)",152,Quá hạn,Thuê Vendor tiêu hủy / Quyên góp,Phụ lục 3 (TTLT 18),GE + FPS + Vendor
2023-04-18 00:00:00,1015622,"1 điện thoại samsung màu đen ( màn hình bể), 1 tờ đô la mỹ+1 tờ tiền campuchia",421076326,HCM-GBC,BAO 5 - BÌ 2,Tiền mặt & giấy tờ cấp bởi CQCN,,2023-04-18 00:00:00.000,1015622,Tiền mặt & giấy tờ cấp bởi CQCN,160,Cần gửi CQNN,Bàn giao CQNN / Ngân hàng,Phụ lục 4 (TTLT 18),COA + Legal + FPS
2023-04-22 00:00:00,342745,1 chùm chìa khóa,422934239,HCM-GBC,BAO 5 - BÌ 2,"Hàng hóa hàng ngày, giấy tờ khác (quần áo, mắt kính...)",,2023-04-22 00:00:00.000,342745,"Hàng hóa hàng ngày, giấy tờ khác (quần áo, mắt kính...)",156,Quá hạn,Thuê Vendor tiêu hủy / Quyên góp,Phụ lục 3 (TTLT 18),GE + FPS + Vendor
2023-04-10 00:00:00,842744,dây sạc iphone ( không kèm cốc sạc ),418849174,HCM-GBC,BAO 5 - BÌ 2,"Hàng hóa hàng ngày, giấy tờ khác (quần áo, mắt kính...)",,2023-10-04 00:00:00.000,842744,"Hàng hóa hàng ngày, giấy tờ khác (quần áo, mắt kính...)",-9,Còn hạn,Thuê Vendor tiêu hủy / Quyên góp,Phụ lục 3 (TTLT 18),GE + FPS + Vendor
2023-04-25 00:00:00,5498027,1 hộp đựng tai nghe bluetooth màu trắng ( bên trong chỉ có 1 bên tai nghe ),423978477,HCM-GBC,BAO 5 - BÌ 2,"Hàng hóa hàng ngày, giấy tờ khác (quần áo, mắt kính...)",,2023-04-25 00:00:00.000,5498027,"Hàng hóa hàng ngày, giấy tờ khác (quần áo, mắt kính...)",153,Quá hạn,Thuê Vendor tiêu hủy / Quyên góp,Phụ lục 3 (TTLT 18),GE + FPS + Vendor
2023-04-18 00:00:00,3530253,1 mắt kính,419866850,HCM-GBC,BAO 5 - BÌ 2,"Hàng hóa hàng ngày, giấy tờ khác (quần áo, mắt kính...)",,2023-04-18 00:00:00.000,3530253,"Hàng hóa hàng ngày, giấy tờ khác (quần áo, mắt kính...)",160,Quá hạn,Thuê Vendor tiêu hủy / Quyên góp,Phụ lục 3 (TTLT 18),GE + FPS + Vendor
2023-04-25 00:00:00,6834783,cục sạc dự phòng màu đen,424173952,HCM-GBC,BAO 5 - BÌ 2,"Hàng hóa hàng ngày, giấy tờ khác (quần áo, mắt kính...)",,2023-04-25 00:00:00.000,6834783,"Hàng hóa hàng ngày, giấy tờ khác (quần áo, mắt kính...)",153,Quá hạn,Thuê Vendor tiêu hủy / Quyên góp,Phụ lục 3 (TTLT 18),GE + FPS + Vendor
2023-04-05 00:00:00,3541038,1chùm chìa khóa,416873338,HCM-GBC,BAO 5 - BÌ 2,"Hàng hóa hàng ngày, giấy tờ khác (quần áo, mắt kính...)",,2023-05-04 00:00:00.000,3541038,"Hàng hóa hàng ngày, giấy tờ khác (quần áo, mắt kính...)",144,Quá hạn,Thuê Vendor tiêu hủy / Quyên góp,Phụ lục 3 (TTLT 18),GE + FPS + Vendor
2023-04-17 00:00:00,5028437,"bịch màu đỏ ( quần áo màu đen, 1 chai johnson baby)",421626646,HCM-GBC,BAO 5-BÌ 4,"Hàng hóa hàng ngày, giấy tờ khác (quần áo, mắt kính...)",,2023-04-17 00:00:00.000,5028437,"Hàng hóa hàng ngày, giấy tờ khác (quần áo, mắt kính...)",161,Quá hạn,Thuê Vendor tiêu hủy / Quyên góp,Phụ lục 3 (TTLT 18),GE + FPS + Vendor
2023-04-24 00:00:00,5092110,1 túi giấy có quần/áo bên trong,423407130,HCM-GBC,BAO 5-BÌ 4,"Hàng hóa hàng ngày, giấy tờ khác (quần áo, mắt kính...)",,2023-04-24 00:00:00.000,5092110,"Hàng hóa hàng ngày, giấy tờ khác (quần áo, mắt kính...)",154,Quá hạn,Thuê Vendor tiêu hủy / Quyên góp,Phụ lục 3 (TTLT 18),GE + FPS + Vendor
2023-04-21 00:00:00,5154407,1 tờ 10 đô+5 đô malaysia,422856554,HCM-GBC,BAO 5-BÌ 4,Tiền mặt & giấy tờ cấp bởi CQCN,,2023-04-21 00:00:00.000,5154407,Tiền mặt & giấy tờ cấp bởi CQCN,157,Cần gửi CQNN,Bàn giao CQNN / Ngân hàng,Phụ lục 4 (TTLT 18),COA + Legal + FPS
2023-04-19 00:00:00,6287290,1 túi quần áo + dây sạc,421934320,HCM-GBC,BAO 5-BÌ 4,"Hàng hóa hàng ngày, giấy tờ khác (quần áo, mắt kính...)",,2023-04-19 00:00:00.000,6287290,"Hàng hóa hàng ngày, giấy tờ khác (quần áo, mắt kính...)",159,Quá hạn,Thuê Vendor tiêu hủy / Quyên góp,Phụ lục 3 (TTLT 18),GE + FPS + Vendor
2023-04-04 00:00:00,551309,2 chìa khóa,417115016,HCM-GBC,BAO 5-BÌ 4,"Hàng hóa hàng ngày, giấy tờ khác (quần áo, mắt kính...)",,2023-04-04 00:00:00.000,551309,"Hàng hóa hàng ngày, giấy tờ khác (quần áo, mắt kính...)",174,Quá hạn,Thuê Vendor tiêu hủy / Quyên góp,Phụ lục 3 (TTLT 18),GE + FPS + Vendor
2023-04-24 00:00:00,5778690,ổ khóa,422940233,HCM-GBC,BAO 5-BÌ 4,"Hàng hóa hàng ngày, giấy tờ khác (quần áo, mắt kính...)",,2023-04-24 00:00:00.000,5778690,"Hàng hóa hàng ngày, giấy tờ khác (quần áo, mắt kính...)",154,Quá hạn,Thuê Vendor tiêu hủy / Quyên góp,Phụ lục 3 (TTLT 18),GE + FPS + Vendor
21/04/2023,3204099,1 cốc sạc màu trắng,422890708,HCM-GBC,BAO 5-BÌ 4,"Hàng hóa hàng ngày, giấy tờ khác (quần áo, mắt kính...)",,2023-04-21 00:00:00.000,3204099,"Hàng hóa hàng ngày, giấy tờ khác (quần áo, mắt kính...)",157,Quá hạn,Thuê Vendor tiêu hủy / Quyên góp,Phụ lục 3 (TTLT 18),GE + FPS + Vendor
2023-04-03 00:00:00,6287267,gói hàng màu đen đóng kín,416079871,HCM-GBC,BAO 5-BÌ 4,"Hàng hóa hàng ngày, giấy tờ khác (quần áo, mắt kính...)",,2023-03-04 00:00:00.000,6287267,"Hàng hóa hàng ngày, giấy tờ khác (quần áo, mắt kính...)",205,Quá hạn,Thuê Vendor tiêu hủy / Quyên góp,Phụ lục 3 (TTLT 18),GE + FPS + Vendor
2023-04-15 00:00:00,5103737,1 cục sạc + 1 dây cáp sạc,420122933,HCM-GBC,BAO 5-BÌ 4,"Hàng hóa hàng ngày, giấy tờ khác (quần áo, mắt kính...)",,2023-04-15 00:00:00.000,5103737,"Hàng hóa hàng ngày, giấy tờ khác (quần áo, mắt kính...)",163,Quá hạn,Thuê Vendor tiêu hủy / Quyên góp,Phụ lục 3 (TTLT 18),GE + FPS + Vendor
2022-06-30 00:00:00,4441642,1 túi đồ cá nhân,307134895,HCM-GBC,THÙNG 6 - LẺ 200,"Hàng hóa hàng ngày, giấy tờ khác (quần áo, mắt kính...)",,2022-06-30 00:00:00.000,4441642,"Hàng hóa hàng ngày, giấy tờ khác (quần áo, mắt kính...)",452,Quá hạn,Thuê Vendor tiêu hủy / Quyên góp,Phụ lục 3 (TTLT 18),GE + FPS + Vendor
2023-01-14 13:05:36,1477237,1 CCCD Tên Võ Minh Hiếu,385322320,HCM-GBC,THÙNG 6 ,Tiền mặt & giấy tờ cấp bởi CQCN,,2023-01-14 13:05:36.000,1477237,Tiền mặt & giấy tờ cấp bởi CQCN,253,Cần gửi CQNN,Bàn giao CQNN / Ngân hàng,Phụ lục 4 (TTLT 18),COA + Legal + FPS
2023-01-20 11:06:17,6557550,1 tệp hồ sơ,387833757,HCM-GBC,THÙNG 6 ,"Hàng hóa hàng ngày, giấy tờ khác (quần áo, mắt kính...)",,2023-01-20 11:06:17.000,6557550,"Hàng hóa hàng ngày, giấy tờ khác (quần áo, mắt kính...)",247,Quá hạn,Thuê Vendor tiêu hủy / Quyên góp,Phụ lục 3 (TTLT 18),GE + FPS + Vendor
2023-01-07 09:25:30,2168917,3 cục đồ chơi hình tròn,382348437,HCM-GBC,THÙNG 6 ,"Hàng hóa hàng ngày, giấy tờ khác (quần áo, mắt kính...)",,2023-07-01 09:25:30.000,2168917,"Hàng hóa hàng ngày, giấy tờ khác (quần áo, mắt kính...)",85,Quá hạn,Thuê Vendor tiêu hủy / Quyên góp,Phụ lục 3 (TTLT 18),GE + FPS + Vendor
2023-01-09 08:13:15,3595014,1 sạc dự phòng + cap,381795541,HCM-GBC,,"Hàng hóa hàng ngày, giấy tờ khác (quần áo, mắt kính...)",,2023-09-01 08:13:15.000,3595014,"Hàng hóa hàng ngày, giấy tờ khác (quần áo, mắt kính...)",23,Còn hạn,Thuê Vendor tiêu hủy / Quyên góp,Phụ lục 3 (TTLT 18),GE + FPS + Vendor
2023-01-16 11:13:57,3060856,"1 túi giấy màu trắng bên trong gồm có 1 sạt dự phòng, 1 lọ mỹ phẩm và khăn màu xanh",385457263,HCM-GBC,THÙNG 6 ,"Hàng hóa hàng ngày, giấy tờ khác (quần áo, mắt kính...)",,2023-01-16 11:13:57.000,3060856,"Hàng hóa hàng ngày, giấy tờ khác (quần áo, mắt kính...)",251,Quá hạn,Thuê Vendor tiêu hủy / Quyên góp,Phụ lục 3 (TTLT 18),GE + FPS + Vendor
2022-08-17 00:00:00,2094528,cây dù,325386264,HCM-GBC,BAO 9 - BÌ 1 ,"Hàng hóa hàng ngày, giấy tờ khác (quần áo, mắt kính...)",,2022-08-17 00:00:00.000,2094528,"Hàng hóa hàng ngày, giấy tờ khác (quần áo, mắt kính...)",404,Quá hạn,Thuê Vendor tiêu hủy / Quyên góp,Phụ lục 3 (TTLT 18),GE + FPS + Vendor
2022-08-27 00:00:00,6355097,1 sổ khám bệnh + phim chụp xquang,329810381,HCM-GBC,BAO 9 - BÌ 1 ,"Hàng hóa hàng ngày, giấy tờ khác (quần áo, mắt kính...)",,2022-08-27 00:00:00.000,6355097,"Hàng hóa hàng ngày, giấy tờ khác (quần áo, mắt kính...)",394,Quá hạn,Thuê Vendor tiêu hủy / Quyên góp,Phụ lục 3 (TTLT 18),GE + FPS + Vendor
2022-08-02 00:00:00,237495,1 túi giấy bên trong có 1 bộ đồ em bé và 1 cái thiệp mời,319687038,HCM-GBC,BAO 9 - BÌ 1 ,"Hàng hóa hàng ngày, giấy tờ khác (quần áo, mắt kính...)",,2022-02-08 00:00:00.000,237495,"Hàng hóa hàng ngày, giấy tờ khác (quần áo, mắt kính...)",594,Quá hạn,Thuê Vendor tiêu hủy / Quyên góp,Phụ lục 3 (TTLT 18),GE + FPS + Vendor
2022-08-22 00:00:00,4845746,"túi nilong đựng giấy tờ ATM,sổ hộ khẩu",327708091,HCM-GBC,BAO 9 - BÌ 1 ,"Hàng hóa hàng ngày, giấy tờ khác (quần áo, mắt kính...)",,2022-08-22 00:00:00.000,4845746,"Hàng hóa hàng ngày, giấy tờ khác (quần áo, mắt kính...)",399,Quá hạn,Thuê Vendor tiêu hủy / Quyên góp,Phụ lục 3 (TTLT 18),GE + FPS + Vendor
2022-08-22 00:00:00,5253492,1 chìa khóa,435261798,HCM-GBC,BAO 9 - BÌ 1 ,"Hàng hóa hàng ngày, giấy tờ khác (quần áo, mắt kính...)",Cây son,2022-08-22 00:00:00.000,5253492,"Hàng hóa hàng ngày, giấy tờ khác (quần áo, mắt kính...)",399,Quá hạn,Thuê Vendor tiêu hủy / Quyên góp,Phụ lục 3 (TTLT 18),GE + FPS + Vendor
2023-05-23 00:00:00,545078,1 thuốc lá điện tử,433225808,HCM-GBC,BAO 9 - BÌ 1 ,Thuốc lá điện tử ,,2023-05-23 00:00:00.000,545078,Thuốc lá điện tử,125,Quá hạn,Tự tiêu hủy tại Hub (Chất thải nguy hại),Biên bản tiêu hủy nội bộ,FPS + COA
2022-08-18 00:00:00,4763040,1 mắt kiếng màu trắng,326296363,HCM-GBC,BAO 9 - BÌ 1 ,"Hàng hóa hàng ngày, giấy tờ khác (quần áo, mắt kính...)",,2022-08-18 00:00:00.000,4763040,"Hàng hóa hàng ngày, giấy tờ khác (quần áo, mắt kính...)",403,Quá hạn,Thuê Vendor tiêu hủy / Quyên góp,Phụ lục 3 (TTLT 18),GE + FPS + Vendor
2022-08-09 00:00:00,5135923,1 thuốc lá điện tử,321607853,HCM-GBC,BAO 9 - BÌ 1 ,"Hàng hóa hàng ngày, giấy tờ khác (quần áo, mắt kính...)",cây dù,2022-09-08 00:00:00.000,5135923,"Hàng hóa hàng ngày, giấy tờ khác (quần áo, mắt kính...)",382,Quá hạn,Thuê Vendor tiêu hủy / Quyên góp,Phụ lục 3 (TTLT 18),GE + FPS + Vendor
2022-08-25 11:25:36,663506,1 chùm chìa khóa,329155764,HCM-GBC,BAO 9 - BÌ 1 ,"Hàng hóa hàng ngày, giấy tờ khác (quần áo, mắt kính...)",,2022-08-25 11:25:36.000,663506,"Hàng hóa hàng ngày, giấy tờ khác (quần áo, mắt kính...)",395,Quá hạn,Thuê Vendor tiêu hủy / Quyên góp,Phụ lục 3 (TTLT 18),GE + FPS + Vendor
2023-09-20 16:23:05,5525385,1 mắt kinh,474803803,HCM-GBC,BAO 9 - BÌ 1 ,"Hàng hóa hàng ngày, giấy tờ khác (quần áo, mắt kính...)",,2023-09-20 16:23:05.000,5525385,"Hàng hóa hàng ngày, giấy tờ khác (quần áo, mắt kính...)",4,Còn hạn,Thuê Vendor tiêu hủy / Quyên góp,Phụ lục 3 (TTLT 18),GE + FPS + Vendor
2022-08-27 00:00:00,6378355,1 hộp tai nghe màu đen,328808020,HCM-GBC,BAO 9 - BÌ 1 ,"Hàng hóa hàng ngày, giấy tờ khác (quần áo, mắt kính...)",,2022-08-27 00:00:00.000,6378355,"Hàng hóa hàng ngày, giấy tờ khác (quần áo, mắt kính...)",394,Quá hạn,Thuê Vendor tiêu hủy / Quyên góp,Phụ lục 3 (TTLT 18),GE + FPS + Vendor
2022-08-03 00:00:00,5804442,1 chùm chìa khóa,317993010,HCM-GBC,BAO 9 - BÌ 1 ,"Hàng hóa hàng ngày, giấy tờ khác (quần áo, mắt kính...)",,2022-03-08 00:00:00.000,5804442,"Hàng hóa hàng ngày, giấy tờ khác (quần áo, mắt kính...)",566,Quá hạn,Thuê Vendor tiêu hủy / Quyên góp,Phụ lục 3 (TTLT 18),GE + FPS + Vendor
2022-08-03 00:00:00,333873,1 khăn choàng,320404226,HCM-GBC,BAO 9 - BÌ 1 ,"Hàng hóa hàng ngày, giấy tờ khác (quần áo, mắt kính...)",,2022-03-08 00:00:00.000,333873,"Hàng hóa hàng ngày, giấy tờ khác (quần áo, mắt kính...)",566,Quá hạn,Thuê Vendor tiêu hủy / Quyên góp,Phụ lục 3 (TTLT 18),GE + FPS + Vendor
2022-08-02 00:00:00,5792636,1 thuốc lá điện tử,319698447,HCM-GBC,BAO 9 - BÌ 1 ,Thuốc lá điện tử ,,2022-02-08 00:00:00.000,5792636,Thuốc lá điện tử,594,Quá hạn,Tự tiêu hủy tại Hub (Chất thải nguy hại),Biên bản tiêu hủy nội bộ,FPS + COA
2022-08-02 00:00:00,982075,quạt cầm tay màu xanh,317996972,HCM-GBC,BAO 9 - BÌ 1 ,"Hàng hóa hàng ngày, giấy tờ khác (quần áo, mắt kính...)",,2022-02-08 00:00:00.000,982075,"Hàng hóa hàng ngày, giấy tờ khác (quần áo, mắt kính...)",594,Quá hạn,Thuê Vendor tiêu hủy / Quyên góp,Phụ lục 3 (TTLT 18),GE + FPS + Vendor
2023-09-15 13:49:01.487000,5077172,1 mũ kết đen,472916120,HCM-GBC,BAO 10 - BÌ 1 ,"Hàng hóa hàng ngày, giấy tờ khác (quần áo, mắt kính...)",,2023-09-15 13:49:01.487,5077172,"Hàng hóa hàng ngày, giấy tờ khác (quần áo, mắt kính...)",9,Còn hạn,Thuê Vendor tiêu hủy / Quyên góp,Phụ lục 3 (TTLT 18),GE + FPS + Vendor
2023-09-18 15:36:47.917000,6832951,1 ví tiền có 40k tiền mặt và 2 tờ vé số,471939130,HCM-GBC,BAO 10 - BÌ 1 ,Tiền mặt & giấy tờ cấp bởi CQCN,,2023-09-18 15:36:47.917,6832951,Tiền mặt & giấy tờ cấp bởi CQCN,6,Cần gửi CQNN,Bàn giao CQNN / Ngân hàng,Phụ lục 4 (TTLT 18),COA + Legal + FPS
2023-09-14 09:11:58.642000,868075,1 ví thổ cẩm chứa chìa khóa k có tiền,468882307,HCM-GBC,BAO 10 - BÌ 1 ,"Hàng hóa hàng ngày, giấy tờ khác (quần áo, mắt kính...)",,2023-09-14 09:11:58.642,868075,"Hàng hóa hàng ngày, giấy tờ khác (quần áo, mắt kính...)",10,Còn hạn,Thuê Vendor tiêu hủy / Quyên góp,Phụ lục 3 (TTLT 18),GE + FPS + Vendor
2023-09-20 15:10:25.104000,5752056,1 bình nước,472181567,HCM-GBC,BAO 10 - BÌ 1 ,"Hàng hóa hàng ngày, giấy tờ khác (quần áo, mắt kính...)",,2023-09-20 15:10:25.104,5752056,"Hàng hóa hàng ngày, giấy tờ khác (quần áo, mắt kính...)",4,Còn hạn,Thuê Vendor tiêu hủy / Quyên góp,Phụ lục 3 (TTLT 18),GE + FPS + Vendor
2023-09-12 14:37:15.491000,2294618,1 bình giữu nhiệt,471990250,HCM-GBC,BAO 10 - BÌ 1 ,"Hàng hóa hàng ngày, giấy tờ khác (quần áo, mắt kính...)",,2023-12-09 14:37:15.491,2294618,"Hàng hóa hàng ngày, giấy tờ khác (quần áo, mắt kính...)",-76,Còn hạn,Thuê Vendor tiêu hủy / Quyên góp,Phụ lục 3 (TTLT 18),GE + FPS + Vendor
2023-09-01 15:08:07,3682499,1 bịch đen có 2 cái quần,0,HCM-GBC,BAO 10 - BÌ 1 ,"Hàng hóa hàng ngày, giấy tờ khác (quần áo, mắt kính...)",,2023-01-09 15:08:07.000,3682499,"Hàng hóa hàng ngày, giấy tờ khác (quần áo, mắt kính...)",258,Quá hạn,Thuê Vendor tiêu hủy / Quyên góp,Phụ lục 3 (TTLT 18),GE + FPS + Vendor
2023-09-20 16:23:05,5525385,1 mắt kinh,474803803,HCM-GBC,BAO 10 - BÌ 1 ,"Hàng hóa hàng ngày, giấy tờ khác (quần áo, mắt kính...)",,2023-09-20 16:23:05.000,5525385,"Hàng hóa hàng ngày, giấy tờ khác (quần áo, mắt kính...)",4,Còn hạn,Thuê Vendor tiêu hủy / Quyên góp,Phụ lục 3 (TTLT 18),GE + FPS + Vendor
2023-09-12 16:57:46.071000,5546295,1 chùm chìa khóa,469978932,HCM-GBC,BAO 10 - BÌ 1 ,"Hàng hóa hàng ngày, giấy tờ khác (quần áo, mắt kính...)",,2023-12-09 16:57:46.071,5546295,"Hàng hóa hàng ngày, giấy tờ khác (quần áo, mắt kính...)",-76,Còn hạn,Thuê Vendor tiêu hủy / Quyên góp,Phụ lục 3 (TTLT 18),GE + FPS + Vendor
2023-09-05 10:43:47.984000,4986368,1 cái remote xe,466809004,HCM-GBC,BAO 10 - BÌ 1 ,"Hàng hóa hàng ngày, giấy tờ khác (quần áo, mắt kính...)",,2023-05-09 10:43:47.984,4986368,"Hàng hóa hàng ngày, giấy tờ khác (quần áo, mắt kính...)",138,Quá hạn,Thuê Vendor tiêu hủy / Quyên góp,Phụ lục 3 (TTLT 18),GE + FPS + Vendor
2023-09-07 14:13:50.773000,28418,1 hộp giấy,470397553,HCM-GBC,BAO 10 - BÌ 1 ,"Hàng hóa hàng ngày, giấy tờ khác (quần áo, mắt kính...)",,2023-07-09 14:13:50.773,28418,"Hàng hóa hàng ngày, giấy tờ khác (quần áo, mắt kính...)",77,Quá hạn,Thuê Vendor tiêu hủy / Quyên góp,Phụ lục 3 (TTLT 18),GE + FPS + Vendor
2023-09-13 10:48:53.785000,6975595,1 ví tiền có 145k,471935200,HCM-GBC,BAO 10 - BÌ 1 ,Tiền mặt & giấy tờ cấp bởi CQCN,,2023-09-13 10:48:53.785,6975595,Tiền mặt & giấy tờ cấp bởi CQCN,11,Cần gửi CQNN,Bàn giao CQNN / Ngân hàng,Phụ lục 4 (TTLT 18),COA + Legal + FPS
2023-09-05 16:56:57.710000,6856962,2 tay áo màu đen,465792793,HCM-GBC,BAO 10 - BÌ 1 ,"Hàng hóa hàng ngày, giấy tờ khác (quần áo, mắt kính...)",,2023-05-09 16:56:57.710,6856962,"Hàng hóa hàng ngày, giấy tờ khác (quần áo, mắt kính...)",138,Quá hạn,Thuê Vendor tiêu hủy / Quyên góp,Phụ lục 3 (TTLT 18),GE + FPS + Vendor
2023-09-05 10:56:25.849000,6690931,1 cục sạc dự phòng,466320298,HCM-GBC,BAO 10 - BÌ 1 ,"Hàng hóa hàng ngày, giấy tờ khác (quần áo, mắt kính...)",,2023-05-09 10:56:25.849,6690931,"Hàng hóa hàng ngày, giấy tờ khác (quần áo, mắt kính...)",138,Quá hạn,Thuê Vendor tiêu hủy / Quyên góp,Phụ lục 3 (TTLT 18),GE + FPS + Vendor
2023-09-06 14:49:05.683000,383364,1 mắt kính cận,468789804,HCM-GBC,BAO 10 - BÌ 1 ,"Hàng hóa hàng ngày, giấy tờ khác (quần áo, mắt kính...)",,2023-06-09 14:49:05.683,383364,"Hàng hóa hàng ngày, giấy tờ khác (quần áo, mắt kính...)",107,Quá hạn,Thuê Vendor tiêu hủy / Quyên góp,Phụ lục 3 (TTLT 18),GE + FPS + Vendor
2023-09-14 16:01:36.966000,6621989,mắt kính,470892688,HCM-GBC,BAO 10 - BÌ 1 ,"Hàng hóa hàng ngày, giấy tờ khác (quần áo, mắt kính...)",,2023-09-14 16:01:36.966,6621989,"Hàng hóa hàng ngày, giấy tờ khác (quần áo, mắt kính...)",10,Còn hạn,Thuê Vendor tiêu hủy / Quyên góp,Phụ lục 3 (TTLT 18),GE + FPS + Vendor
2023-09-05 09:39:54.139000,6738086,1 hộp băng vệ sinh,469060209,HCM-GBC,BAO 10 - BÌ 1 ,"Hàng hóa hàng ngày, giấy tờ khác (quần áo, mắt kính...)",,2023-05-09 09:39:54.139,6738086,"Hàng hóa hàng ngày, giấy tờ khác (quần áo, mắt kính...)",138,Quá hạn,Thuê Vendor tiêu hủy / Quyên góp,Phụ lục 3 (TTLT 18),GE + FPS + Vendor
2023-09-07 09:00:28.931000,5594944,thuốc lá điện tử,469697437,HCM-GBC,BAO 10 - BÌ 1 ,Thuốc lá điện tử ,,2023-07-09 09:00:28.931,5594944,Thuốc lá điện tử,77,Quá hạn,Tự tiêu hủy tại Hub (Chất thải nguy hại),Biên bản tiêu hủy nội bộ,FPS + COA
2023-09-21 17:55:28.695000,6753502,1 cái ví chứa đồ dùng cá nhân,474617782,HCM-GBC,BAO 10- BÌ 3,"Hàng hóa hàng ngày, giấy tờ khác (quần áo, mắt kính...)",,2023-09-21 17:55:28.695,6753502,"Hàng hóa hàng ngày, giấy tờ khác (quần áo, mắt kính...)",3,Còn hạn,Thuê Vendor tiêu hủy / Quyên góp,Phụ lục 3 (TTLT 18),GE + FPS + Vendor
2023-09-21 16:15:23.743000,691908,1 kính cận,474575671,HCM-GBC,BAO 10- BÌ 3,"Hàng hóa hàng ngày, giấy tờ khác (quần áo, mắt kính...)",,2023-09-21 16:15:23.743,691908,"Hàng hóa hàng ngày, giấy tờ khác (quần áo, mắt kính...)",3,Còn hạn,Thuê Vendor tiêu hủy / Quyên góp,Phụ lục 3 (TTLT 18),GE + FPS + Vendor
2023-09-22 10:30:35.409000,6677467,1 cái ví 12k và CCCD + Cavet xe,475406921,HCM-GBC,BAO 10- BÌ 3,Tiền mặt & giấy tờ cấp bởi CQCN,,2023-09-22 10:30:35.409,6677467,Tiền mặt & giấy tờ cấp bởi CQCN,2,Cần gửi CQNN,Bàn giao CQNN / Ngân hàng,Phụ lục 4 (TTLT 18),COA + Legal + FPS
2023-09-21 08:39:03.548000,3864778,3 hộp DIONEL,474948866,HCM-GBC,BAO 10- BÌ 3,"Hàng hóa hàng ngày, giấy tờ khác (quần áo, mắt kính...)",,2023-09-21 08:39:03.548,3864778,"Hàng hóa hàng ngày, giấy tờ khác (quần áo, mắt kính...)",3,Còn hạn,Thuê Vendor tiêu hủy / Quyên góp,Phụ lục 3 (TTLT 18),GE + FPS + Vendor
2023-09-22 10:52:09.021000,7064480,1 túi xách màu đen chứa miếng vải và giấy,472404908,HCM-GBC,BAO 10- BÌ 3,"Hàng hóa hàng ngày, giấy tờ khác (quần áo, mắt kính...)",,2023-09-22 10:52:09.021,7064480,"Hàng hóa hàng ngày, giấy tờ khác (quần áo, mắt kính...)",2,Còn hạn,Thuê Vendor tiêu hủy / Quyên góp,Phụ lục 3 (TTLT 18),GE + FPS + Vendor
2023-09-14 11:12:28.788000,3806508,1 túi đen chứa bóng đèn và catalog,472336164,HCM-GBC,BAO 10-245,"Hàng hóa hàng ngày, giấy tờ khác (quần áo, mắt kính...)",,2023-09-14 11:12:28.788,3806508,"Hàng hóa hàng ngày, giấy tờ khác (quần áo, mắt kính...)",10,Còn hạn,Thuê Vendor tiêu hủy / Quyên góp,Phụ lục 3 (TTLT 18),GE + FPS + Vendor
2023-09-18 17:18:45.006000,3997744,1 túi vải chứa quần áo và 1 hóa tai,470897374,HCM-GBC,BAO 10 -BÌ 6 ,"Hàng hóa hàng ngày, giấy tờ khác (quần áo, mắt kính...)",,2023-09-18 17:18:45.006,3997744,"Hàng hóa hàng ngày, giấy tờ khác (quần áo, mắt kính...)",6,Còn hạn,Thuê Vendor tiêu hủy / Quyên góp,Phụ lục 3 (TTLT 18),GE + FPS + Vendor
2023-09-06 17:23:32.692000,2315523,1 hộp cơm màu đen,470075847,HCM-GBC,BAO 10 -BÌ 6 ,"Hàng hóa hàng ngày, giấy tờ khác (quần áo, mắt kính...)",,2023-06-09 17:23:32.692,2315523,"Hàng hóa hàng ngày, giấy tờ khác (quần áo, mắt kính...)",107,Quá hạn,Thuê Vendor tiêu hủy / Quyên góp,Phụ lục 3 (TTLT 18),GE + FPS + Vendor
2023-09-18 14:11:04.115000,6880474,"1 túi chứa đồ trang điểm, mắt kinh",473953038,HCM-GBC,BAO 10 -BÌ 6 ,"Hàng hóa hàng ngày, giấy tờ khác (quần áo, mắt kính...)",,2023-09-18 14:11:04.115,6880474,"Hàng hóa hàng ngày, giấy tờ khác (quần áo, mắt kính...)",6,Còn hạn,Thuê Vendor tiêu hủy / Quyên góp,Phụ lục 3 (TTLT 18),GE + FPS + Vendor
2022-08-24 00:00:00,4742861,1 áo khoác màu xám,328034222,HCM-GBC,BAO 9,"Hàng hóa hàng ngày, giấy tờ khác (quần áo, mắt kính...)",,2022-08-24 00:00:00.000,4742861,"Hàng hóa hàng ngày, giấy tờ khác (quần áo, mắt kính...)",397,Quá hạn,Thuê Vendor tiêu hủy / Quyên góp,Phụ lục 3 (TTLT 18),GE + FPS + Vendor
2022-08-24 00:00:00,5216569,"1 túi màu vàng ( bên trong có 1 thỏi son, 1 đôi dép và 1 cái hộp đã dán kín)",327315176,HCM-GBC,BAO 9,"Hàng hóa hàng ngày, giấy tờ khác (quần áo, mắt kính...)",,2022-08-24 00:00:00.000,5216569,"Hàng hóa hàng ngày, giấy tờ khác (quần áo, mắt kính...)",397,Quá hạn,Thuê Vendor tiêu hủy / Quyên góp,Phụ lục 3 (TTLT 18),GE + FPS + Vendor
2022-08-15 00:00:00,1931799,"2 chai suc miệng, tỏi",325027186,HCM-GBC,BAO 9,"Hàng hóa hàng ngày, giấy tờ khác (quần áo, mắt kính...)",,2022-08-15 00:00:00.000,1931799,"Hàng hóa hàng ngày, giấy tờ khác (quần áo, mắt kính...)",406,Quá hạn,Thuê Vendor tiêu hủy / Quyên góp,Phụ lục 3 (TTLT 18),GE + FPS + Vendor
2022-08-18 00:00:00,6544556,2 cây dù,325646100,HCM-GBC,BAO 9,"Hàng hóa hàng ngày, giấy tờ khác (quần áo, mắt kính...)",,2022-08-18 00:00:00.000,6544556,"Hàng hóa hàng ngày, giấy tờ khác (quần áo, mắt kính...)",403,Quá hạn,Thuê Vendor tiêu hủy / Quyên góp,Phụ lục 3 (TTLT 18),GE + FPS + Vendor
2022-08-17 00:00:00,5486458,quần áo và 1 chai nước suối.,324635826,HCM-GBC,BAO 9,"Hàng hóa hàng ngày, giấy tờ khác (quần áo, mắt kính...)",,2022-08-17 00:00:00.000,5486458,"Hàng hóa hàng ngày, giấy tờ khác (quần áo, mắt kính...)",404,Quá hạn,Thuê Vendor tiêu hủy / Quyên góp,Phụ lục 3 (TTLT 18),GE + FPS + Vendor
2022-08-01 00:00:00,5132255,1 cuộn giấy mẫu,318578943,HCM-GBC,BAO 9,"Hàng hóa hàng ngày, giấy tờ khác (quần áo, mắt kính...)",,2022-01-08 00:00:00.000,5132255,"Hàng hóa hàng ngày, giấy tờ khác (quần áo, mắt kính...)",625,Quá hạn,Thuê Vendor tiêu hủy / Quyên góp,Phụ lục 3 (TTLT 18),GE + FPS + Vendor
2022-08-15 00:00:00,5119476,áo khoác,324341029,HCM-GBC,BAO 9,"Hàng hóa hàng ngày, giấy tờ khác (quần áo, mắt kính...)",,2022-08-15 00:00:00.000,5119476,"Hàng hóa hàng ngày, giấy tờ khác (quần áo, mắt kính...)",406,Quá hạn,Thuê Vendor tiêu hủy / Quyên góp,Phụ lục 3 (TTLT 18),GE + FPS + Vendor
2022-08-23 00:00:00,3847094,1 đôi giày màu đen cũ,327871023,HCM-GBC,BAO 9,"Hàng hóa hàng ngày, giấy tờ khác (quần áo, mắt kính...)",,2022-08-23 00:00:00.000,3847094,"Hàng hóa hàng ngày, giấy tờ khác (quần áo, mắt kính...)",398,Quá hạn,Thuê Vendor tiêu hủy / Quyên góp,Phụ lục 3 (TTLT 18),GE + FPS + Vendor
2022-08-29 00:00:00,6400047,1 áo khoác màu xanh,329762084,HCM-GBC,BAO 9,"Hàng hóa hàng ngày, giấy tờ khác (quần áo, mắt kính...)",,2022-08-29 00:00:00.000,6400047,"Hàng hóa hàng ngày, giấy tờ khác (quần áo, mắt kính...)",392,Quá hạn,Thuê Vendor tiêu hủy / Quyên góp,Phụ lục 3 (TTLT 18),GE + FPS + Vendor
2022-08-17 00:00:00,1026037,đoi giày trắng,325548500,HCM-GBC,BAO 9,"Hàng hóa hàng ngày, giấy tờ khác (quần áo, mắt kính...)",,2022-08-17 00:00:00.000,1026037,"Hàng hóa hàng ngày, giấy tờ khác (quần áo, mắt kính...)",404,Quá hạn,Thuê Vendor tiêu hủy / Quyên góp,Phụ lục 3 (TTLT 18),GE + FPS + Vendor
2022-08-15 00:00:00,180652,1 áo khoác jean màu xanh,311976955,HCM-GBC,BAO 9,"Hàng hóa hàng ngày, giấy tờ khác (quần áo, mắt kính...)",,2022-08-15 00:00:00.000,180652,"Hàng hóa hàng ngày, giấy tờ khác (quần áo, mắt kính...)",406,Quá hạn,Thuê Vendor tiêu hủy / Quyên góp,Phụ lục 3 (TTLT 18),GE + FPS + Vendor
2022-08-30 00:00:00,3056564,1 nón bảo hiểm + 2 chai nước muối,329054079,HCM-GBC,BAO 9,"Hàng hóa hàng ngày, giấy tờ khác (quần áo, mắt kính...)",,2022-08-30 00:00:00.000,3056564,"Hàng hóa hàng ngày, giấy tờ khác (quần áo, mắt kính...)",391,Quá hạn,Thuê Vendor tiêu hủy / Quyên góp,Phụ lục 3 (TTLT 18),GE + FPS + Vendor
2022-08-17 00:00:00,6497871,2 áo khoác và 1 bịch bánh,324521170,HCM-GBC,BAO 9,"Hàng hóa hàng ngày, giấy tờ khác (quần áo, mắt kính...)",,2022-08-17 00:00:00.000,6497871,"Hàng hóa hàng ngày, giấy tờ khác (quần áo, mắt kính...)",404,Quá hạn,Thuê Vendor tiêu hủy / Quyên góp,Phụ lục 3 (TTLT 18),GE + FPS + Vendor
,5525385,Cuốn hợp đồng,,HCM-GBC,BAO 9,"Hàng hóa hàng ngày, giấy tờ khác (quần áo, mắt kính...)",,,5525385,"Hàng hóa hàng ngày, giấy tờ khác (quần áo, mắt kính...)",999,Quá hạn,Thuê Vendor tiêu hủy / Quyên góp,Phụ lục 3 (TTLT 18),GE + FPS + Vendor
2022-08-04 00:00:00,545088,1 đôi giày nike.,320753695,HCM-GBC,BAO 9,"Hàng hóa hàng ngày, giấy tờ khác (quần áo, mắt kính...)",,2022-04-08 00:00:00.000,545088,"Hàng hóa hàng ngày, giấy tờ khác (quần áo, mắt kính...)",535,Quá hạn,Thuê Vendor tiêu hủy / Quyên góp,Phụ lục 3 (TTLT 18),GE + FPS + Vendor
2023-09-14 16:46:44.539000,377216,1 đôi giày cũ,472707708,HCM-GBC,"BAO 10, BÌ 4","Hàng hóa hàng ngày, giấy tờ khác (quần áo, mắt kính...)",,2023-09-14 16:46:44.539,377216,"Hàng hóa hàng ngày, giấy tờ khác (quần áo, mắt kính...)",10,Còn hạn,Thuê Vendor tiêu hủy / Quyên góp,Phụ lục 3 (TTLT 18),GE + FPS + Vendor
2023-09-04 15:07:02.136000,4954056,1 hộp đựng đồ ăn,469263669,HCM-GBC,"BAO 10, BÌ 4","Hàng hóa hàng ngày, giấy tờ khác (quần áo, mắt kính...)",,2023-04-09 15:07:02.136,4954056,"Hàng hóa hàng ngày, giấy tờ khác (quần áo, mắt kính...)",168,Quá hạn,Thuê Vendor tiêu hủy / Quyên góp,Phụ lục 3 (TTLT 18),GE + FPS + Vendor
2023-09-15 13:46:47.251000,5751950,1 hộp cơm+ 1 chai nước suối,472988204,HCM-GBC,"BAO 10, BÌ 4","Hàng hóa hàng ngày, giấy tờ khác (quần áo, mắt kính...)",,2023-09-15 13:46:47.251,5751950,"Hàng hóa hàng ngày, giấy tờ khác (quần áo, mắt kính...)",9,Còn hạn,Thuê Vendor tiêu hủy / Quyên góp,Phụ lục 3 (TTLT 18),GE + FPS + Vendor
2023-09-19 15:13:44.562000,2354486,1 nón bảo hiểm trắng,474105594,HCM-GBC,"BAO 10, BÌ 4","Hàng hóa hàng ngày, giấy tờ khác (quần áo, mắt kính...)",,2023-09-19 15:13:44.562,2354486,"Hàng hóa hàng ngày, giấy tờ khác (quần áo, mắt kính...)",5,Còn hạn,Thuê Vendor tiêu hủy / Quyên góp,Phụ lục 3 (TTLT 18),GE + FPS + Vendor
2023-09-19 09:41:00.324000,328076,1 túi nilong chứa quần áo,473776858,HCM-GBC,"BAO 10, BÌ 4","Hàng hóa hàng ngày, giấy tờ khác (quần áo, mắt kính...)",,2023-09-19 09:41:00.324,328076,"Hàng hóa hàng ngày, giấy tờ khác (quần áo, mắt kính...)",5,Còn hạn,Thuê Vendor tiêu hủy / Quyên góp,Phụ lục 3 (TTLT 18),GE + FPS + Vendor
2023-09-14 08:34:09.051000,1657850,1 bịch bột trét xi măng,472524493,HCM-GBC,"BAO 10, BÌ 4","Hàng hóa hàng ngày, giấy tờ khác (quần áo, mắt kính...)",,2023-09-14 08:34:09.051,1657850,"Hàng hóa hàng ngày, giấy tờ khác (quần áo, mắt kính...)",10,Còn hạn,Thuê Vendor tiêu hủy / Quyên góp,Phụ lục 3 (TTLT 18),GE + FPS + Vendor
2023-09-13 09:44:15.865000,4247691,1 áo khoác màu trắng,472025223,HCM-GBC,"BAO 10, BÌ 4","Hàng hóa hàng ngày, giấy tờ khác (quần áo, mắt kính...)",,2023-09-13 09:44:15.865,4247691,"Hàng hóa hàng ngày, giấy tờ khác (quần áo, mắt kính...)",11,Còn hạn,Thuê Vendor tiêu hủy / Quyên góp,Phụ lục 3 (TTLT 18),GE + FPS + Vendor
2023-06-24 00:00:00,6651215,1 đôi dép màu đen,443469995,HCM-GBC,BAO 11- BÌ 2,"Hàng hóa hàng ngày, giấy tờ khác (quần áo, mắt kính...)",,2023-06-24 00:00:00.000,6651215,"Hàng hóa hàng ngày, giấy tờ khác (quần áo, mắt kính...)",93,Quá hạn,Thuê Vendor tiêu hủy / Quyên góp,Phụ lục 3 (TTLT 18),GE + FPS + Vendor
2023-06-28 00:00:00,5293016,1 bịch đồ bên trong có quần/áo và 1 cục sạc + 1 chuột máy tính,444689637,HCM-GBC,BAO 11- BÌ 2,"Hàng hóa hàng ngày, giấy tờ khác (quần áo, mắt kính...)",,2023-06-28 00:00:00.000,5293016,"Hàng hóa hàng ngày, giấy tờ khác (quần áo, mắt kính...)",89,Quá hạn,Thuê Vendor tiêu hủy / Quyên góp,Phụ lục 3 (TTLT 18),GE + FPS + Vendor
2023-06-19 00:00:00,1715010,"1 túi xác nữ màu đen chứa: 1 cục sạc dự phòng, chìa khóa và đồ trang điểm, không có tiền",441770088,HCM-GBC,BAO 11- BÌ 2,"Hàng hóa hàng ngày, giấy tờ khác (quần áo, mắt kính...)",,2023-06-19 00:00:00.000,1715010,"Hàng hóa hàng ngày, giấy tờ khác (quần áo, mắt kính...)",98,Quá hạn,Thuê Vendor tiêu hủy / Quyên góp,Phụ lục 3 (TTLT 18),GE + FPS + Vendor
2023-06-07 00:00:00,776217,1 đôi giày,438089249,HCM-GBC,BAO 11- BÌ 2,"Hàng hóa hàng ngày, giấy tờ khác (quần áo, mắt kính...)",,2023-07-06 00:00:00.000,776217,"Hàng hóa hàng ngày, giấy tờ khác (quần áo, mắt kính...)",81,Quá hạn,Thuê Vendor tiêu hủy / Quyên góp,Phụ lục 3 (TTLT 18),GE + FPS + Vendor
2023-06-23 00:00:00,819550,1 đôi giày,443422933,HCM-GBC,BAO 11- BÌ 2,"Hàng hóa hàng ngày, giấy tờ khác (quần áo, mắt kính...)",,2023-06-23 00:00:00.000,819550,"Hàng hóa hàng ngày, giấy tờ khác (quần áo, mắt kính...)",94,Quá hạn,Thuê Vendor tiêu hủy / Quyên góp,Phụ lục 3 (TTLT 18),GE + FPS + Vendor
2023-06-22 00:00:00,4970592,1 túi đồ màu đỏ bên trong có quần/áo và 1 túi đồ cá nhân nhỏ màu hồng.,441009115,HCM-GBC,BAO 11- BÌ 2,"Hàng hóa hàng ngày, giấy tờ khác (quần áo, mắt kính...)",,2023-06-22 00:00:00.000,4970592,"Hàng hóa hàng ngày, giấy tờ khác (quần áo, mắt kính...)",95,Quá hạn,Thuê Vendor tiêu hủy / Quyên góp,Phụ lục 3 (TTLT 18),GE + FPS + Vendor
2023-06-06 00:00:00,5062187,1 túi đựng cơm,435602866,HCM-GBC,BAO 11- BÌ 3,"Hàng hóa hàng ngày, giấy tờ khác (quần áo, mắt kính...)",,2023-06-06 00:00:00.000,5062187,"Hàng hóa hàng ngày, giấy tờ khác (quần áo, mắt kính...)",111,Quá hạn,Thuê Vendor tiêu hủy / Quyên góp,Phụ lục 3 (TTLT 18),GE + FPS + Vendor
2023-06-29 00:00:00,6816547,1 mắt kính,445352352,HCM-GBC,BAO 11- BÌ 3,"Hàng hóa hàng ngày, giấy tờ khác (quần áo, mắt kính...)",,2023-06-29 00:00:00.000,6816547,"Hàng hóa hàng ngày, giấy tờ khác (quần áo, mắt kính...)",88,Quá hạn,Thuê Vendor tiêu hủy / Quyên góp,Phụ lục 3 (TTLT 18),GE + FPS + Vendor
2023-06-12 00:00:00,6857325,1 kiếng,439118836,HCM-GBC,BAO 11- BÌ 3,"Hàng hóa hàng ngày, giấy tờ khác (quần áo, mắt kính...)",,2023-12-06 00:00:00.000,6857325,"Hàng hóa hàng ngày, giấy tờ khác (quần áo, mắt kính...)",-72,Còn hạn,Thuê Vendor tiêu hủy / Quyên góp,Phụ lục 3 (TTLT 18),GE + FPS + Vendor
2023-06-24 00:00:00,6304306,1 chiếc bông tai,443772542,HCM-GBC,BAO 11- BÌ 3,"Hàng hóa hàng ngày, giấy tờ khác (quần áo, mắt kính...)",,2023-06-24 00:00:00.000,6304306,"Hàng hóa hàng ngày, giấy tờ khác (quần áo, mắt kính...)",93,Quá hạn,Thuê Vendor tiêu hủy / Quyên góp,Phụ lục 3 (TTLT 18),GE + FPS + Vendor
2023-06-09 00:00:00,2762621,1 mô hình máy bay,438326935,HCM-GBC,BAO 11- BÌ 3,"Hàng hóa hàng ngày, giấy tờ khác (quần áo, mắt kính...)",,2023-09-06 00:00:00.000,2762621,"Hàng hóa hàng ngày, giấy tờ khác (quần áo, mắt kính...)",19,Còn hạn,Thuê Vendor tiêu hủy / Quyên góp,Phụ lục 3 (TTLT 18),GE + FPS + Vendor
2023-06-12 00:00:00,886036,1 túi bao tử màu đen,438471229,HCM-GBC,BAO 11- BÌ 3,"Hàng hóa hàng ngày, giấy tờ khác (quần áo, mắt kính...)",,2023-12-06 00:00:00.000,886036,"Hàng hóa hàng ngày, giấy tờ khác (quần áo, mắt kính...)",-72,Còn hạn,Thuê Vendor tiêu hủy / Quyên góp,Phụ lục 3 (TTLT 18),GE + FPS + Vendor
2023-06-13 00:00:00,6937545,1 mắt kính,439473174,HCM-GBC,BAO 11- BÌ 3,"Hàng hóa hàng ngày, giấy tờ khác (quần áo, mắt kính...)",,2023-06-13 00:00:00.000,6937545,"Hàng hóa hàng ngày, giấy tờ khác (quần áo, mắt kính...)",104,Quá hạn,Thuê Vendor tiêu hủy / Quyên góp,Phụ lục 3 (TTLT 18),GE + FPS + Vendor
2023-06-16 00:00:00,1364372,1 tập hồ sơ,436124456,HCM-GBC,BAO 11- BÌ 3,"Hàng hóa hàng ngày, giấy tờ khác (quần áo, mắt kính...)",,2023-06-16 00:00:00.000,1364372,"Hàng hóa hàng ngày, giấy tờ khác (quần áo, mắt kính...)",101,Quá hạn,Thuê Vendor tiêu hủy / Quyên góp,Phụ lục 3 (TTLT 18),GE + FPS + Vendor
2023-06-30 00:00:00,6640747,1 cục sạc,445755654,HCM-GBC,BAO 11- BÌ 3,"Hàng hóa hàng ngày, giấy tờ khác (quần áo, mắt kính...)",,2023-06-30 00:00:00.000,6640747,"Hàng hóa hàng ngày, giấy tờ khác (quần áo, mắt kính...)",87,Quá hạn,Thuê Vendor tiêu hủy / Quyên góp,Phụ lục 3 (TTLT 18),GE + FPS + Vendor
2023-06-20 00:00:00,1987654,1 tai nghe airpod,439581537,HCM-GBC,BAO 11- BÌ 3,"Hàng hóa hàng ngày, giấy tờ khác (quần áo, mắt kính...)",,2023-06-20 00:00:00.000,1987654,"Hàng hóa hàng ngày, giấy tờ khác (quần áo, mắt kính...)",97,Quá hạn,Thuê Vendor tiêu hủy / Quyên góp,Phụ lục 3 (TTLT 18),GE + FPS + Vendor
2023-06-14 00:00:00,2555217,1 chìa khóa,438837510,HCM-GBC,BAO 11- BÌ 3,"Hàng hóa hàng ngày, giấy tờ khác (quần áo, mắt kính...)",,2023-06-14 00:00:00.000,2555217,"Hàng hóa hàng ngày, giấy tờ khác (quần áo, mắt kính...)",103,Quá hạn,Thuê Vendor tiêu hủy / Quyên góp,Phụ lục 3 (TTLT 18),GE + FPS + Vendor
2023-06-29 00:00:00,3214130,1 mắt kính,445503756,HCM-GBC,BAO 11- BÌ 3,"Hàng hóa hàng ngày, giấy tờ khác (quần áo, mắt kính...)",,2023-06-29 00:00:00.000,3214130,"Hàng hóa hàng ngày, giấy tờ khác (quần áo, mắt kính...)",88,Quá hạn,Thuê Vendor tiêu hủy / Quyên góp,Phụ lục 3 (TTLT 18),GE + FPS + Vendor
2023-06-26 00:00:00,6338549,1 bịch có 6 cái mặt nạ dưỡng da,444200417,HCM-GBC,BAO 11- BÌ 3,"Hàng hóa hàng ngày, giấy tờ khác (quần áo, mắt kính...)",,2023-06-26 00:00:00.000,6338549,"Hàng hóa hàng ngày, giấy tờ khác (quần áo, mắt kính...)",91,Quá hạn,Thuê Vendor tiêu hủy / Quyên góp,Phụ lục 3 (TTLT 18),GE + FPS + Vendor
2023-06-21 00:00:00,2120776,1 hộp tai nghe (ko có tai nghe bên trong),441045520,HCM-GBC,BAO 11- BÌ 3,"Hàng hóa hàng ngày, giấy tờ khác (quần áo, mắt kính...)",,2023-06-21 00:00:00.000,2120776,"Hàng hóa hàng ngày, giấy tờ khác (quần áo, mắt kính...)",96,Quá hạn,Thuê Vendor tiêu hủy / Quyên góp,Phụ lục 3 (TTLT 18),GE + FPS + Vendor
2023-06-19 00:00:00,4597248,1 chìa khóa,439031388,HCM-GBC,BAO 11- BÌ 3,"Hàng hóa hàng ngày, giấy tờ khác (quần áo, mắt kính...)",,2023-06-19 00:00:00.000,4597248,"Hàng hóa hàng ngày, giấy tờ khác (quần áo, mắt kính...)",98,Quá hạn,Thuê Vendor tiêu hủy / Quyên góp,Phụ lục 3 (TTLT 18),GE + FPS + Vendor
2023-06-27 00:00:00,6148197,1 nón và 1 mắt kính,444574782,HCM-GBC,BAO 11- BÌ 3,"Hàng hóa hàng ngày, giấy tờ khác (quần áo, mắt kính...)",,2023-06-27 00:00:00.000,6148197,"Hàng hóa hàng ngày, giấy tờ khác (quần áo, mắt kính...)",90,Quá hạn,Thuê Vendor tiêu hủy / Quyên góp,Phụ lục 3 (TTLT 18),GE + FPS + Vendor
2023-06-13 00:00:00,4971668,1 thuốc lá điện tử,439553283,HCM-GBC,BAO 11- BÌ 3,Thuốc lá điện tử ,,2023-06-13 00:00:00.000,4971668,Thuốc lá điện tử,104,Quá hạn,Tự tiêu hủy tại Hub (Chất thải nguy hại),Biên bản tiêu hủy nội bộ,FPS + COA
2023-06-07 00:00:00,126104,1 cục sạc dự phòng,437446556,HCM-GBC,BAO 11- BÌ 3,"Hàng hóa hàng ngày, giấy tờ khác (quần áo, mắt kính...)",,2023-07-06 00:00:00.000,126104,"Hàng hóa hàng ngày, giấy tờ khác (quần áo, mắt kính...)",81,Quá hạn,Thuê Vendor tiêu hủy / Quyên góp,Phụ lục 3 (TTLT 18),GE + FPS + Vendor
,5253492,1 chìa khóa,435261798,HCM-GBC,BAO 11- BÌ 3,"Hàng hóa hàng ngày, giấy tờ khác (quần áo, mắt kính...)",,,5253492,"Hàng hóa hàng ngày, giấy tờ khác (quần áo, mắt kính...)",999,Quá hạn,Thuê Vendor tiêu hủy / Quyên góp,Phụ lục 3 (TTLT 18),GE + FPS + Vendor
2023-06-07 00:00:00,5533746,Hộp đựng đồng hồ và hóa đơn,437814111,HCM-GBC,BAO 11- BÌ 3,"Hàng hóa hàng ngày, giấy tờ khác (quần áo, mắt kính...)",,2023-07-06 00:00:00.000,5533746,"Hàng hóa hàng ngày, giấy tờ khác (quần áo, mắt kính...)",81,Quá hạn,Thuê Vendor tiêu hủy / Quyên góp,Phụ lục 3 (TTLT 18),GE + FPS + Vendor
2023-06-13 00:00:00,6293483,1 đôi giày xám,439859587,HCM-GBC,BAO 11- BÌ 3,"Hàng hóa hàng ngày, giấy tờ khác (quần áo, mắt kính...)",,2023-06-13 00:00:00.000,6293483,"Hàng hóa hàng ngày, giấy tờ khác (quần áo, mắt kính...)",104,Quá hạn,Thuê Vendor tiêu hủy / Quyên góp,Phụ lục 3 (TTLT 18),GE + FPS + Vendor
2023-06-12 00:00:00,1970095,1 cây dù màu xanh,439099535,HCM-GBC,BAO 11- BÌ 3,"Hàng hóa hàng ngày, giấy tờ khác (quần áo, mắt kính...)",,2023-12-06 00:00:00.000,1970095,"Hàng hóa hàng ngày, giấy tờ khác (quần áo, mắt kính...)",-72,Còn hạn,Thuê Vendor tiêu hủy / Quyên góp,Phụ lục 3 (TTLT 18),GE + FPS + Vendor
2023-07-28 00:00:00,648121,1 cây bút,455609776,HCM-GBC,BAO 11- BÌ 3,"Hàng hóa hàng ngày, giấy tờ khác (quần áo, mắt kính...)",,2023-07-28 00:00:00.000,648121,"Hàng hóa hàng ngày, giấy tờ khác (quần áo, mắt kính...)",59,Quá hạn,Thuê Vendor tiêu hủy / Quyên góp,Phụ lục 3 (TTLT 18),GE + FPS + Vendor
2023-07-31 00:00:00,5203952,1 điện thoại iphone màu bạc,451331915,HCM-GBC,BAO 11- BÌ 3,Thiết bị điện tử có giá,,2023-07-31 00:00:00.000,5203952,Thiết bị điện tử có giá,56,Quá hạn,Xóa dữ liệu & Thanh lý / Thuê Vendor hủy,Phụ lục 3 (TTLT 18),GE + FPS + Procurement
2023-07-08 00:00:00,1970095,1 tập hồ sơ,439099535,HCM-GBC,BAO 12 - BÌ 3,"Hàng hóa hàng ngày, giấy tờ khác (quần áo, mắt kính...)",,2023-08-07 00:00:00.000,1970095,"Hàng hóa hàng ngày, giấy tờ khác (quần áo, mắt kính...)",49,Quá hạn,Thuê Vendor tiêu hủy / Quyên góp,Phụ lục 3 (TTLT 18),GE + FPS + Vendor
2023-07-08 00:00:00,2707748,thuốc lá điện tử,447504593,HCM-GBC,BAO 12 - BÌ 3,Thuốc lá điện tử ,,2023-08-07 00:00:00.000,2707748,Thuốc lá điện tử,49,Quá hạn,Tự tiêu hủy tại Hub (Chất thải nguy hại),Biên bản tiêu hủy nội bộ,FPS + COA
2023-07-01 00:00:00,5670404,1 bịch băng gạc,445591849,HCM-GBC,BAO 12 - BÌ 3,"Hàng hóa hàng ngày, giấy tờ khác (quần áo, mắt kính...)",,2023-01-07 00:00:00.000,5670404,"Hàng hóa hàng ngày, giấy tờ khác (quần áo, mắt kính...)",261,Quá hạn,Thuê Vendor tiêu hủy / Quyên góp,Phụ lục 3 (TTLT 18),GE + FPS + Vendor
2023-07-05 00:00:00,5550238,1 túi đựng mắt kính,446244821,HCM-GBC,BAO 12 - BÌ 3,"Hàng hóa hàng ngày, giấy tờ khác (quần áo, mắt kính...)",,2023-05-07 00:00:00.000,5550238,"Hàng hóa hàng ngày, giấy tờ khác (quần áo, mắt kính...)",141,Quá hạn,Thuê Vendor tiêu hủy / Quyên góp,Phụ lục 3 (TTLT 18),GE + FPS + Vendor
2023-07-10 11:05:24,569844,1 nón kết màu đen,448774538,HCM-GBC,BAO 12 - BÌ 3,"Hàng hóa hàng ngày, giấy tờ khác (quần áo, mắt kính...)",,2023-10-07 11:05:24.000,569844,"Hàng hóa hàng ngày, giấy tờ khác (quần áo, mắt kính...)",-13,Còn hạn,Thuê Vendor tiêu hủy / Quyên góp,Phụ lục 3 (TTLT 18),GE + FPS + Vendor
2023-07-08 00:00:00,516591,1 CCCD tên Đặng Kiên,447481733,HCM-GBC,BAO 12 - BÌ 3,Tiền mặt & giấy tờ cấp bởi CQCN,,2023-08-07 00:00:00.000,516591,Tiền mặt & giấy tờ cấp bởi CQCN,49,Cần gửi CQNN,Bàn giao CQNN / Ngân hàng,Phụ lục 4 (TTLT 18),COA + Legal + FPS
2023-07-07 00:00:00,5818087,1 thuốc lá điện tử,448311107,HCM-GBC,BAO 12 - BÌ 3,Thuốc lá điện tử ,,2023-07-07 00:00:00.000,5818087,Thuốc lá điện tử,80,Quá hạn,Tự tiêu hủy tại Hub (Chất thải nguy hại),Biên bản tiêu hủy nội bộ,FPS + COA
2023-07-08 00:00:00,1377000,1 mắt kính,448317085,HCM-GBC,BAO 12 - BÌ 3,"Hàng hóa hàng ngày, giấy tờ khác (quần áo, mắt kính...)",,2023-08-07 00:00:00.000,1377000,"Hàng hóa hàng ngày, giấy tờ khác (quần áo, mắt kính...)",49,Quá hạn,Thuê Vendor tiêu hủy / Quyên góp,Phụ lục 3 (TTLT 18),GE + FPS + Vendor
2023-07-07 00:00:00,5253492,1 thuốc lá điện tử,435261798,HCM-GBC,BAO 12 - BÌ 3,Thuốc lá điện tử ,,2023-07-07 00:00:00.000,5253492,Thuốc lá điện tử,80,Quá hạn,Tự tiêu hủy tại Hub (Chất thải nguy hại),Biên bản tiêu hủy nội bộ,FPS + COA
2023-07-10 00:00:00,1729617,1 lắc tay,448898193,HCM-GBC,BAO 12 - BÌ 3,"Hàng hóa hàng ngày, giấy tờ khác (quần áo, mắt kính...)",,2023-10-07 00:00:00.000,1729617,"Hàng hóa hàng ngày, giấy tờ khác (quần áo, mắt kính...)",-12,Còn hạn,Thuê Vendor tiêu hủy / Quyên góp,Phụ lục 3 (TTLT 18),GE + FPS + Vendor
2023-07-05 00:00:00,414962,1 cái ví màu đen (giấy tờ cá nhân + thẻ NH tên Trương Khôi Nguyên + 6.000vnđ),444644212,HCM-GBC,BAO 12 - BÌ 3,Tiền mặt & giấy tờ cấp bởi CQCN,,2023-05-07 00:00:00.000,414962,Tiền mặt & giấy tờ cấp bởi CQCN,141,Cần gửi CQNN,Bàn giao CQNN / Ngân hàng,Phụ lục 4 (TTLT 18),COA + Legal + FPS
2023-07-06 00:00:00,1690698,1 điện thoại Honor,445429497,HCM-GBC,BAO 12 - BÌ 3,Thiết bị điện tử có giá,,2023-06-07 00:00:00.000,1690698,Thiết bị điện tử có giá,110,Quá hạn,Xóa dữ liệu & Thanh lý / Thuê Vendor hủy,Phụ lục 3 (TTLT 18),GE + FPS + Procurement
2023-05-04 00:00:00,1444124,"1 túi đồ (1 áo khoác, 1 sạc dự phòng, bánh kẹo đã sử dụng",426736583,HCM-GBC,BAO 13 - BÌ 2,"Hàng hóa hàng ngày, giấy tờ khác (quần áo, mắt kính...)",,2023-04-05 00:00:00.000,1444124,"Hàng hóa hàng ngày, giấy tờ khác (quần áo, mắt kính...)",173,Quá hạn,Thuê Vendor tiêu hủy / Quyên góp,Phụ lục 3 (TTLT 18),GE + FPS + Vendor
2023-05-04 00:00:00,6311080,1 hộp màu đỏ,424677981,HCM-GBC,BAO 13 - BÌ 2,"Hàng hóa hàng ngày, giấy tờ khác (quần áo, mắt kính...)",,2023-04-05 00:00:00.000,6311080,"Hàng hóa hàng ngày, giấy tờ khác (quần áo, mắt kính...)",173,Quá hạn,Thuê Vendor tiêu hủy / Quyên góp,Phụ lục 3 (TTLT 18),GE + FPS + Vendor
2023-05-25 00:00:00,6815459,1 cái nón màu đen và 1 bình thủy tinh,432544803,HCM-GBC,BAO 13 - BÌ 2,"Hàng hóa hàng ngày, giấy tờ khác (quần áo, mắt kính...)",,2023-05-25 00:00:00.000,6815459,"Hàng hóa hàng ngày, giấy tờ khác (quần áo, mắt kính...)",123,Quá hạn,Thuê Vendor tiêu hủy / Quyên góp,Phụ lục 3 (TTLT 18),GE + FPS + Vendor
2023-05-05 00:00:00,5805021,1 chùm chìa khóa,425609153,HCM-GBC,BAO 13 - BÌ 2,"Hàng hóa hàng ngày, giấy tờ khác (quần áo, mắt kính...)",,2023-05-05 00:00:00.000,5805021,"Hàng hóa hàng ngày, giấy tờ khác (quần áo, mắt kính...)",143,Quá hạn,Thuê Vendor tiêu hủy / Quyên góp,Phụ lục 3 (TTLT 18),GE + FPS + Vendor
2023-05-02 00:00:00,6692498,1 chìa khóa xe,425452043,HCM-GBC,BAO 13 - BÌ 2,"Hàng hóa hàng ngày, giấy tờ khác (quần áo, mắt kính...)",,2023-02-05 00:00:00.000,6692498,"Hàng hóa hàng ngày, giấy tờ khác (quần áo, mắt kính...)",232,Quá hạn,Thuê Vendor tiêu hủy / Quyên góp,Phụ lục 3 (TTLT 18),GE + FPS + Vendor
2023-05-29 00:00:00,5719783,1 chiếc bông tai,434508711,HCM-GBC,BAO 13 - BÌ 2,"Hàng hóa hàng ngày, giấy tờ khác (quần áo, mắt kính...)",,2023-05-29 00:00:00.000,5719783,"Hàng hóa hàng ngày, giấy tờ khác (quần áo, mắt kính...)",119,Quá hạn,Thuê Vendor tiêu hủy / Quyên góp,Phụ lục 3 (TTLT 18),GE + FPS + Vendor
2023-05-08 00:00:00,6615582,1 chìa khóa,428305476,HCM-GBC,BAO 13 - BÌ 2,"Hàng hóa hàng ngày, giấy tờ khác (quần áo, mắt kính...)",,2023-08-05 00:00:00.000,6615582,"Hàng hóa hàng ngày, giấy tờ khác (quần áo, mắt kính...)",51,Quá hạn,Thuê Vendor tiêu hủy / Quyên góp,Phụ lục 3 (TTLT 18),GE + FPS + Vendor
2023-05-22 00:00:00,3803296,1 chìa khóa cửa cuốn,432247849,HCM-GBC,BAO 13 - BÌ 2,"Hàng hóa hàng ngày, giấy tờ khác (quần áo, mắt kính...)",,2023-05-22 00:00:00.000,3803296,"Hàng hóa hàng ngày, giấy tờ khác (quần áo, mắt kính...)",126,Quá hạn,Thuê Vendor tiêu hủy / Quyên góp,Phụ lục 3 (TTLT 18),GE + FPS + Vendor
2023-05-10 00:00:00,6660231,1 chùm chìa khóa,426737736,HCM-GBC,BAO 13 - BÌ 2,"Hàng hóa hàng ngày, giấy tờ khác (quần áo, mắt kính...)",,2023-10-05 00:00:00.000,6660231,"Hàng hóa hàng ngày, giấy tờ khác (quần áo, mắt kính...)",-10,Còn hạn,Thuê Vendor tiêu hủy / Quyên góp,Phụ lục 3 (TTLT 18),GE + FPS + Vendor
2023-05-24 00:00:00,6831659,cục phát wifi,432699085,HCM-GBC,BAO 13 - BÌ 2,"Hàng hóa hàng ngày, giấy tờ khác (quần áo, mắt kính...)",,2023-05-24 00:00:00.000,6831659,"Hàng hóa hàng ngày, giấy tờ khác (quần áo, mắt kính...)",124,Quá hạn,Thuê Vendor tiêu hủy / Quyên góp,Phụ lục 3 (TTLT 18),GE + FPS + Vendor
2023-05-15 00:00:00,6714874,1 mắt kính,430676665,HCM-GBC,BAO 13 - BÌ 2,"Hàng hóa hàng ngày, giấy tờ khác (quần áo, mắt kính...)",,2023-05-15 00:00:00.000,6714874,"Hàng hóa hàng ngày, giấy tờ khác (quần áo, mắt kính...)",133,Quá hạn,Thuê Vendor tiêu hủy / Quyên góp,Phụ lục 3 (TTLT 18),GE + FPS + Vendor
2023-05-29 00:00:00,6686724,1 bút Apple Pencil,431768066,HCM-GBC,BAO 13 - BÌ 2,"Hàng hóa hàng ngày, giấy tờ khác (quần áo, mắt kính...)",,2023-05-29 00:00:00.000,6686724,"Hàng hóa hàng ngày, giấy tờ khác (quần áo, mắt kính...)",119,Quá hạn,Thuê Vendor tiêu hủy / Quyên góp,Phụ lục 3 (TTLT 18),GE + FPS + Vendor
2023-05-25 00:00:00,5638624,1 chùm chìa khóa,432228982,HCM-GBC,BAO 13 - BÌ 2,"Hàng hóa hàng ngày, giấy tờ khác (quần áo, mắt kính...)",,2023-05-25 00:00:00.000,5638624,"Hàng hóa hàng ngày, giấy tờ khác (quần áo, mắt kính...)",123,Quá hạn,Thuê Vendor tiêu hủy / Quyên góp,Phụ lục 3 (TTLT 18),GE + FPS + Vendor
2023-05-05 00:00:00,3237564,1 hộp tai nghe (còn 1 bên tai),426613207,HCM-GBC,BAO 13 - BÌ 2,"Hàng hóa hàng ngày, giấy tờ khác (quần áo, mắt kính...)",,2023-05-05 00:00:00.000,3237564,"Hàng hóa hàng ngày, giấy tờ khác (quần áo, mắt kính...)",143,Quá hạn,Thuê Vendor tiêu hủy / Quyên góp,Phụ lục 3 (TTLT 18),GE + FPS + Vendor
2023-05-29 00:00:00,1005380,1 chùm chìa khóa,434890868,HCM-GBC,BAO 13 - BÌ 2,"Hàng hóa hàng ngày, giấy tờ khác (quần áo, mắt kính...)",,2023-05-29 00:00:00.000,1005380,"Hàng hóa hàng ngày, giấy tờ khác (quần áo, mắt kính...)",119,Quá hạn,Thuê Vendor tiêu hủy / Quyên góp,Phụ lục 3 (TTLT 18),GE + FPS + Vendor
2023-05-01 00:00:00,900660,1 tai nghe dây,423872920,HCM-GBC,BAO 13 - BÌ 2,"Hàng hóa hàng ngày, giấy tờ khác (quần áo, mắt kính...)",,2023-01-05 00:00:00.000,900660,"Hàng hóa hàng ngày, giấy tờ khác (quần áo, mắt kính...)",263,Quá hạn,Thuê Vendor tiêu hủy / Quyên góp,Phụ lục 3 (TTLT 18),GE + FPS + Vendor
2023-05-25 00:00:00,6815459,1 chùm chìa khóa,432544803,HCM-GBC,BAO 13 - BÌ 2,"Hàng hóa hàng ngày, giấy tờ khác (quần áo, mắt kính...)",,2023-05-25 00:00:00.000,6815459,"Hàng hóa hàng ngày, giấy tờ khác (quần áo, mắt kính...)",123,Quá hạn,Thuê Vendor tiêu hủy / Quyên góp,Phụ lục 3 (TTLT 18),GE + FPS + Vendor
2023-05-10 00:00:00,5142732,1 cục sạc dự phòng màu đen,426637884,HCM-GBC,BAO 13 - BÌ 2,"Hàng hóa hàng ngày, giấy tờ khác (quần áo, mắt kính...)",,2023-10-05 00:00:00.000,5142732,"Hàng hóa hàng ngày, giấy tờ khác (quần áo, mắt kính...)",-10,Còn hạn,Thuê Vendor tiêu hủy / Quyên góp,Phụ lục 3 (TTLT 18),GE + FPS + Vendor
2023-05-16 00:00:00,5739391,1 chìa khóa cửa cuốn,431006642,HCM-GBC,BAO 13 - BÌ 2,"Hàng hóa hàng ngày, giấy tờ khác (quần áo, mắt kính...)",,2023-05-16 00:00:00.000,5739391,"Hàng hóa hàng ngày, giấy tờ khác (quần áo, mắt kính...)",132,Quá hạn,Thuê Vendor tiêu hủy / Quyên góp,Phụ lục 3 (TTLT 18),GE + FPS + Vendor
2023-05-15 00:00:00,2021357,1 hộp tai nghe + 1 tai lẻ,429902984,HCM-GBC,BAO 13 - BÌ 2,"Hàng hóa hàng ngày, giấy tờ khác (quần áo, mắt kính...)",,2023-05-15 00:00:00.000,2021357,"Hàng hóa hàng ngày, giấy tờ khác (quần áo, mắt kính...)",133,Quá hạn,Thuê Vendor tiêu hủy / Quyên góp,Phụ lục 3 (TTLT 18),GE + FPS + Vendor
2023-05-13 00:00:00,6867945,dây chuyền màu vàng,429623965,HCM-GBC,BAO 13 - BÌ 2,"Hàng hóa hàng ngày, giấy tờ khác (quần áo, mắt kính...)",,2023-05-13 00:00:00.000,6867945,"Hàng hóa hàng ngày, giấy tờ khác (quần áo, mắt kính...)",135,Quá hạn,Thuê Vendor tiêu hủy / Quyên góp,Phụ lục 3 (TTLT 18),GE + FPS + Vendor
2023-03-03 00:00:00,4184949,"1túi màu đen ( quần áo, 1 túi đeo chéo đen, 1 bàn chải đánh răng)",405749963,HCM-GBC,BAO 28 - LẺ,"Hàng hóa hàng ngày, giấy tờ khác (quần áo, mắt kính...)",,2023-03-03 00:00:00.000,4184949,"Hàng hóa hàng ngày, giấy tờ khác (quần áo, mắt kính...)",206,Quá hạn,Thuê Vendor tiêu hủy / Quyên góp,Phụ lục 3 (TTLT 18),GE + FPS + Vendor
2022-10-09 10:03:28,769070,cục sạc dự phòng,335224710,HCM-GBC,BAO 28 - BÌ 1,"Hàng hóa hàng ngày, giấy tờ khác (quần áo, mắt kính...)",,2022-09-10 10:03:28.000,769070,"Hàng hóa hàng ngày, giấy tờ khác (quần áo, mắt kính...)",379,Quá hạn,Thuê Vendor tiêu hủy / Quyên góp,Phụ lục 3 (TTLT 18),GE + FPS + Vendor
28/09/2022 08:27:13,5384096,1 chùm chìa khóa,342274044,HCM-GBC,BAO 28 - BÌ 1,"Hàng hóa hàng ngày, giấy tờ khác (quần áo, mắt kính...)",,2022-09-28 08:27:13.000,5384096,"Hàng hóa hàng ngày, giấy tờ khác (quần áo, mắt kính...)",361,Quá hạn,Thuê Vendor tiêu hủy / Quyên góp,Phụ lục 3 (TTLT 18),GE + FPS + Vendor
20/09/2022 09:55:53,5661674,dây sạc,339287046,HCM-GBC,BAO 28 - BÌ 1,"Hàng hóa hàng ngày, giấy tờ khác (quần áo, mắt kính...)",,2022-09-20 09:55:53.000,5661674,"Hàng hóa hàng ngày, giấy tờ khác (quần áo, mắt kính...)",369,Quá hạn,Thuê Vendor tiêu hủy / Quyên góp,Phụ lục 3 (TTLT 18),GE + FPS + Vendor
2022-05-09 09:59:55,5065133,"1 chùm chìa khóa ( 1 chìa khóa xe, 1 chìa khóa cửa)",333234799,HCM-GBC,BAO 28 - BÌ 1,"Hàng hóa hàng ngày, giấy tờ khác (quần áo, mắt kính...)",,2022-09-05 09:59:55.000,5065133,"Hàng hóa hàng ngày, giấy tờ khác (quần áo, mắt kính...)",384,Quá hạn,Thuê Vendor tiêu hủy / Quyên góp,Phụ lục 3 (TTLT 18),GE + FPS + Vendor
30/09/2022 17:34:00,5506779,sạc dự phòng,341345872,HCM-GBC,BAO 28 - BÌ 1,"Hàng hóa hàng ngày, giấy tờ khác (quần áo, mắt kính...)",,2022-09-30 17:34:00.000,5506779,"Hàng hóa hàng ngày, giấy tờ khác (quần áo, mắt kính...)",359,Quá hạn,Thuê Vendor tiêu hủy / Quyên góp,Phụ lục 3 (TTLT 18),GE + FPS + Vendor
2022-10-09 08:31:59,2041952,bình giữ nhiệt,335286886,HCM-GBC,BAO 28 - BÌ 1,"Hàng hóa hàng ngày, giấy tờ khác (quần áo, mắt kính...)",,2022-09-10 08:31:59.000,2041952,"Hàng hóa hàng ngày, giấy tờ khác (quần áo, mắt kính...)",379,Quá hạn,Thuê Vendor tiêu hủy / Quyên góp,Phụ lục 3 (TTLT 18),GE + FPS + Vendor
2022-11-09 13:15:29,513355,1 cây vape màu vàng,332608544,HCM-GBC,BAO 28 - BÌ 1,"Hàng hóa hàng ngày, giấy tờ khác (quần áo, mắt kính...)",,2022-09-11 13:15:29.000,513355,"Hàng hóa hàng ngày, giấy tờ khác (quần áo, mắt kính...)",378,Quá hạn,Thuê Vendor tiêu hủy / Quyên góp,Phụ lục 3 (TTLT 18),GE + FPS + Vendor
2023-04-03 00:00:00,5778752,1 thuốc lá điện tử màu đen,404324034,HCM-GBC,BAO 28 - BÌ 2,Thuốc lá điện tử ,,2023-03-04 00:00:00.000,5778752,Thuốc lá điện tử,205,Quá hạn,Tự tiêu hủy tại Hub (Chất thải nguy hại),Biên bản tiêu hủy nội bộ,FPS + COA
,4941814,1 CMND tên LÊ THỊ DUNG số 174980590 cấp ngày 8/9/2014,402691994,HCM-GBC,BAO 28 - BÌ 2,Tiền mặt & giấy tờ cấp bởi CQCN,,,4941814,Tiền mặt & giấy tờ cấp bởi CQCN,999,Cần gửi CQNN,Bàn giao CQNN / Ngân hàng,Phụ lục 4 (TTLT 18),COA + Legal + FPS
24/03/2023,3783524,cái nón két màu đen,413708674,HCM-GBC,BAO 28 - BÌ 2,"Hàng hóa hàng ngày, giấy tờ khác (quần áo, mắt kính...)",,2023-03-24 00:00:00.000,3783524,"Hàng hóa hàng ngày, giấy tờ khác (quần áo, mắt kính...)",185,Quá hạn,Thuê Vendor tiêu hủy / Quyên góp,Phụ lục 3 (TTLT 18),GE + FPS + Vendor
31/03/2023,6523399,1 mắt kính,415544174,HCM-GBC,BAO 28 - BÌ 2,"Hàng hóa hàng ngày, giấy tờ khác (quần áo, mắt kính...)",,2023-03-31 00:00:00.000,6523399,"Hàng hóa hàng ngày, giấy tờ khác (quần áo, mắt kính...)",178,Quá hạn,Thuê Vendor tiêu hủy / Quyên góp,Phụ lục 3 (TTLT 18),GE + FPS + Vendor
,994465,1 tập hồ sơ đăng ksy thi bằng lái kèm Giấy phép lái xe  tên Nguyễn Thị Luyến số 301048301303 cấp ngày 14/02/2023,410041023,HCM-GBC,BAO 28 - BÌ 2,Tiền mặt & giấy tờ cấp bởi CQCN,,,994465,Tiền mặt & giấy tờ cấp bởi CQCN,999,Cần gửi CQNN,Bàn giao CQNN / Ngân hàng,Phụ lục 4 (TTLT 18),COA + Legal + FPS
21/03/2023,4407169,vải,412350762,HCM-GBC,BAO 28 - BÌ 2,"Hàng hóa hàng ngày, giấy tờ khác (quần áo, mắt kính...)",,2023-03-21 00:00:00.000,4407169,"Hàng hóa hàng ngày, giấy tờ khác (quần áo, mắt kính...)",188,Quá hạn,Thuê Vendor tiêu hủy / Quyên góp,Phụ lục 3 (TTLT 18),GE + FPS + Vendor
,5370678,Giấy xác nhận số dư tiền gửi tên Lê Thị Quỳnh Như,409995907,HCM-GBC,BAO 28 - BÌ 2,"Hàng hóa hàng ngày, giấy tờ khác (quần áo, mắt kính...)",,,5370678,"Hàng hóa hàng ngày, giấy tờ khác (quần áo, mắt kính...)",999,Quá hạn,Thuê Vendor tiêu hủy / Quyên góp,Phụ lục 3 (TTLT 18),GE + FPS + Vendor
15/03/2023,6688966,1 cục sạc dự phòng + 1 sợi dây cáp,410040736,HCM-GBC,BAO 28 - BÌ 2,"Hàng hóa hàng ngày, giấy tờ khác (quần áo, mắt kính...)",,2023-03-15 00:00:00.000,6688966,"Hàng hóa hàng ngày, giấy tờ khác (quần áo, mắt kính...)",194,Quá hạn,Thuê Vendor tiêu hủy / Quyên góp,Phụ lục 3 (TTLT 18),GE + FPS + Vendor
2023-07-28 00:00:00,5200420,sổ theo dõi sức khỏe cho thú cưng,455545278,HCM-GBC,BAO 12 - BÌ 4,"Hàng hóa hàng ngày, giấy tờ khác (quần áo, mắt kính...)",,2023-07-28 00:00:00.000,5200420,"Hàng hóa hàng ngày, giấy tờ khác (quần áo, mắt kính...)",59,Quá hạn,Thuê Vendor tiêu hủy / Quyên góp,Phụ lục 3 (TTLT 18),GE + FPS + Vendor
2023-07-25 00:00:00,6764384,1 bịch nilong chứa bánh kẹo,454279168,HCM-GBC,BAO 12 - BÌ 4,"Hàng hóa hàng ngày, giấy tờ khác (quần áo, mắt kính...)",,2023-07-25 00:00:00.000,6764384,"Hàng hóa hàng ngày, giấy tờ khác (quần áo, mắt kính...)",62,Quá hạn,Thuê Vendor tiêu hủy / Quyên góp,Phụ lục 3 (TTLT 18),GE + FPS + Vendor
2023-07-25 00:00:00,5794368,"1 túi sách màu tím chứa 1 bịch bánh đã bốc mùi chảy nước và 1 chai nước, fps đã tiêu hủy bịch bánh do chảy nước",453193030,HCM-GBC,BAO 12 - BÌ 4,"Hàng hóa hàng ngày, giấy tờ khác (quần áo, mắt kính...)",,2023-07-25 00:00:00.000,5794368,"Hàng hóa hàng ngày, giấy tờ khác (quần áo, mắt kính...)",62,Quá hạn,Thuê Vendor tiêu hủy / Quyên góp,Phụ lục 3 (TTLT 18),GE + FPS + Vendor
2023-07-28 00:00:00,5151663,1 bình giữ nhiệt,454754077,HCM-GBC,BAO 12 - BÌ 4,"Hàng hóa hàng ngày, giấy tờ khác (quần áo, mắt kính...)",,2023-07-28 00:00:00.000,5151663,"Hàng hóa hàng ngày, giấy tờ khác (quần áo, mắt kính...)",59,Quá hạn,Thuê Vendor tiêu hủy / Quyên góp,Phụ lục 3 (TTLT 18),GE + FPS + Vendor
2023-07-21 00:00:00,670677,320k tiền mặt,452267887,HCM-GBC,BAO 12 - BÌ 4,Tiền mặt & giấy tờ cấp bởi CQCN,,2023-07-21 00:00:00.000,670677,Tiền mặt & giấy tờ cấp bởi CQCN,66,Cần gửi CQNN,Bàn giao CQNN / Ngân hàng,Phụ lục 4 (TTLT 18),COA + Legal + FPS
2023-07-28 00:00:00,648121,1 cây bút,455609776,HCM-GBC,BAO 12 - BÌ 4,"Hàng hóa hàng ngày, giấy tờ khác (quần áo, mắt kính...)",,2023-07-28 00:00:00.000,648121,"Hàng hóa hàng ngày, giấy tờ khác (quần áo, mắt kính...)",59,Quá hạn,Thuê Vendor tiêu hủy / Quyên góp,Phụ lục 3 (TTLT 18),GE + FPS + Vendor
2023-07-29 00:00:00,6916698,1 apple watch màu trắng,451221864,HCM-GBC,BAO 12 - BÌ 4,"Hàng hóa hàng ngày, giấy tờ khác (quần áo, mắt kính...)",,2023-07-29 00:00:00.000,6916698,"Hàng hóa hàng ngày, giấy tờ khác (quần áo, mắt kính...)",58,Quá hạn,Thuê Vendor tiêu hủy / Quyên góp,Phụ lục 3 (TTLT 18),GE + FPS + Vendor
2023-07-21 00:00:00,205407,1 cây pod màu đỏ,453189905,HCM-GBC,BAO 12 - BÌ 4,"Hàng hóa hàng ngày, giấy tờ khác (quần áo, mắt kính...)",,2023-07-21 00:00:00.000,205407,"Hàng hóa hàng ngày, giấy tờ khác (quần áo, mắt kính...)",66,Quá hạn,Thuê Vendor tiêu hủy / Quyên góp,Phụ lục 3 (TTLT 18),GE + FPS + Vendor
2023-07-25 00:00:00,6613607,1 ví nữ màu đen  CCCD Nguyễn thị mai sương và thẻ NH,450872236,HCM-GBC,BAO 12 - BÌ 4,Tiền mặt & giấy tờ cấp bởi CQCN,,2023-07-25 00:00:00.000,6613607,Tiền mặt & giấy tờ cấp bởi CQCN,62,Cần gửi CQNN,Bàn giao CQNN / Ngân hàng,Phụ lục 4 (TTLT 18),COA + Legal + FPS
2023-07-31 00:00:00,5203952,1 điện thoại iphone màu bạc,451331915,HCM-GBC,BAO 12 - BÌ 4,Thiết bị điện tử có giá,,2023-07-31 00:00:00.000,5203952,Thiết bị điện tử có giá,56,Quá hạn,Xóa dữ liệu & Thanh lý / Thuê Vendor hủy,Phụ lục 3 (TTLT 18),GE + FPS + Procurement
2023-07-27 00:00:00,5486458,1 cái ví trẻ em chứa 113k,455319525,HCM-GBC,BAO 12 - BÌ 4,Tiền mặt & giấy tờ cấp bởi CQCN,,2023-07-27 00:00:00.000,5486458,Tiền mặt & giấy tờ cấp bởi CQCN,60,Cần gửi CQNN,Bàn giao CQNN / Ngân hàng,Phụ lục 4 (TTLT 18),COA + Legal + FPS
2023-07-25 00:00:00,2590219,1 cái ví chứa 28k và 1 thẻ ngân hàng tên Lê văn minh,453097743,HCM-GBC,BAO 12 - BÌ 4,Tiền mặt & giấy tờ cấp bởi CQCN,,2023-07-25 00:00:00.000,2590219,Tiền mặt & giấy tờ cấp bởi CQCN,62,Cần gửi CQNN,Bàn giao CQNN / Ngân hàng,Phụ lục 4 (TTLT 18),COA + Legal + FPS
2023-07-17 00:00:00,128702,1 tập hồ sơ,454567647,HCM-GBC,BAO 12 - BÌ 4,"Hàng hóa hàng ngày, giấy tờ khác (quần áo, mắt kính...)",,2023-07-17 00:00:00.000,128702,"Hàng hóa hàng ngày, giấy tờ khác (quần áo, mắt kính...)",70,Quá hạn,Thuê Vendor tiêu hủy / Quyên góp,Phụ lục 3 (TTLT 18),GE + FPS + Vendor
2023-07-17 00:00:00,4456531,1 tập hồ sơ,451201080,HCM-GBC,BAO 12 - BÌ 4,"Hàng hóa hàng ngày, giấy tờ khác (quần áo, mắt kính...)",,2023-07-17 00:00:00.000,4456531,"Hàng hóa hàng ngày, giấy tờ khác (quần áo, mắt kính...)",70,Quá hạn,Thuê Vendor tiêu hủy / Quyên góp,Phụ lục 3 (TTLT 18),GE + FPS + Vendor
2023-07-15 00:00:00,6953208,1 hộp quà,449023748,HCM-GBC,BAO 12 - BÌ 5,"Hàng hóa hàng ngày, giấy tờ khác (quần áo, mắt kính...)",,2023-07-15 00:00:00.000,6953208,"Hàng hóa hàng ngày, giấy tờ khác (quần áo, mắt kính...)",72,Quá hạn,Thuê Vendor tiêu hủy / Quyên góp,Phụ lục 3 (TTLT 18),GE + FPS + Vendor
2023-07-15 00:00:00,1345656,1 cây dù,451068594,HCM-GBC,BAO 12 - BÌ 5,"Hàng hóa hàng ngày, giấy tờ khác (quần áo, mắt kính...)",,2023-07-15 00:00:00.000,1345656,"Hàng hóa hàng ngày, giấy tờ khác (quần áo, mắt kính...)",72,Quá hạn,Thuê Vendor tiêu hủy / Quyên góp,Phụ lục 3 (TTLT 18),GE + FPS + Vendor
2023-07-10 00:00:00,5778973,1 hộp thuốc trẻ em,449143582,HCM-GBC,BAO 12 - BÌ 5,"Hàng hóa hàng ngày, giấy tờ khác (quần áo, mắt kính...)",,2023-10-07 00:00:00.000,5778973,"Hàng hóa hàng ngày, giấy tờ khác (quần áo, mắt kính...)",-12,Còn hạn,Thuê Vendor tiêu hủy / Quyên góp,Phụ lục 3 (TTLT 18),GE + FPS + Vendor
2023-07-20 00:00:00,3203631,1 hộp thuốc tây,452844470,HCM-GBC,BAO 12 - BÌ 5,"Hàng hóa hàng ngày, giấy tờ khác (quần áo, mắt kính...)",,2023-07-20 00:00:00.000,3203631,"Hàng hóa hàng ngày, giấy tờ khác (quần áo, mắt kính...)",67,Quá hạn,Thuê Vendor tiêu hủy / Quyên góp,Phụ lục 3 (TTLT 18),GE + FPS + Vendor
2023-07-11 00:00:00,5678539,1 gói hàng màu hồng,447496405,HCM-GBC,BAO 12 - BÌ 5,"Hàng hóa hàng ngày, giấy tờ khác (quần áo, mắt kính...)",,2023-11-07 00:00:00.000,5678539,"Hàng hóa hàng ngày, giấy tờ khác (quần áo, mắt kính...)",-43,Còn hạn,Thuê Vendor tiêu hủy / Quyên góp,Phụ lục 3 (TTLT 18),GE + FPS + Vendor
2023-07-15 00:00:00,6773950,1 cái nón lưỡi trai màu xanh,449067518,HCM-GBC,BAO 12 - BÌ 5,"Hàng hóa hàng ngày, giấy tờ khác (quần áo, mắt kính...)",,2023-07-15 00:00:00.000,6773950,"Hàng hóa hàng ngày, giấy tờ khác (quần áo, mắt kính...)",72,Quá hạn,Thuê Vendor tiêu hủy / Quyên góp,Phụ lục 3 (TTLT 18),GE + FPS + Vendor
2023-07-15 00:00:00,184386,1 hộp thuốc,449433152,HCM-GBC,BAO 12 - BÌ 5,"Hàng hóa hàng ngày, giấy tờ khác (quần áo, mắt kính...)",,2023-07-15 00:00:00.000,184386,"Hàng hóa hàng ngày, giấy tờ khác (quần áo, mắt kính...)",72,Quá hạn,Thuê Vendor tiêu hủy / Quyên góp,Phụ lục 3 (TTLT 18),GE + FPS + Vendor
2023-07-17 00:00:00,6700641,"1 đôi dép nữ màu đen, và 1 bịch khẩu trang",451234821,HCM-GBC,BAO 12 - BÌ 5,"Hàng hóa hàng ngày, giấy tờ khác (quần áo, mắt kính...)",,2023-07-17 00:00:00.000,6700641,"Hàng hóa hàng ngày, giấy tờ khác (quần áo, mắt kính...)",70,Quá hạn,Thuê Vendor tiêu hủy / Quyên góp,Phụ lục 3 (TTLT 18),GE + FPS + Vendor
2023-07-12 00:00:00,3778334,1 hộp tai nghe oppo (không có tai nghe),448825449,HCM-GBC,BAO 12 - BÌ 5,"Hàng hóa hàng ngày, giấy tờ khác (quần áo, mắt kính...)",,2023-12-07 00:00:00.000,3778334,"Hàng hóa hàng ngày, giấy tờ khác (quần áo, mắt kính...)",-73,Còn hạn,Thuê Vendor tiêu hủy / Quyên góp,Phụ lục 3 (TTLT 18),GE + FPS + Vendor
2023-07-20 00:00:00,5049402,1 túi xanh chứa bánh kẹo,452630035,HCM-GBC,BAO 12 - BÌ 5,"Hàng hóa hàng ngày, giấy tờ khác (quần áo, mắt kính...)",,2023-07-20 00:00:00.000,5049402,"Hàng hóa hàng ngày, giấy tờ khác (quần áo, mắt kính...)",67,Quá hạn,Thuê Vendor tiêu hủy / Quyên góp,Phụ lục 3 (TTLT 18),GE + FPS + Vendor
2023-07-14 00:00:00,3299616,1 bình giữu nhiệt,450251987,HCM-GBC,BAO 12 - BÌ 5,"Hàng hóa hàng ngày, giấy tờ khác (quần áo, mắt kính...)",,2023-07-14 00:00:00.000,3299616,"Hàng hóa hàng ngày, giấy tờ khác (quần áo, mắt kính...)",73,Quá hạn,Thuê Vendor tiêu hủy / Quyên góp,Phụ lục 3 (TTLT 18),GE + FPS + Vendor
2023-07-14 00:00:00,1261121,1 cục sạc và 1 vỉ thuốc,450493867,HCM-GBC,BAO 12 - BÌ 5,"Hàng hóa hàng ngày, giấy tờ khác (quần áo, mắt kính...)",,2023-07-14 00:00:00.000,1261121,"Hàng hóa hàng ngày, giấy tờ khác (quần áo, mắt kính...)",73,Quá hạn,Thuê Vendor tiêu hủy / Quyên góp,Phụ lục 3 (TTLT 18),GE + FPS + Vendor
2023-07-17 00:00:00,1284831,1 bịch đen chứa 4 cây thuốc lá,451564709,HCM-GBC,BAO 12 - BÌ 5,"Hàng hóa hàng ngày, giấy tờ khác (quần áo, mắt kính...)",,2023-07-17 00:00:00.000,1284831,"Hàng hóa hàng ngày, giấy tờ khác (quần áo, mắt kính...)",70,Quá hạn,Thuê Vendor tiêu hủy / Quyên góp,Phụ lục 3 (TTLT 18),GE + FPS + Vendor
2023-07-19 00:00:00,6869614,1 điện thoại oppo,450540689,HCM-GBC,BAO 12 - BÌ 5,Thiết bị điện tử có giá,,2023-07-19 00:00:00.000,6869614,Thiết bị điện tử có giá,68,Quá hạn,Xóa dữ liệu & Thanh lý / Thuê Vendor hủy,Phụ lục 3 (TTLT 18),GE + FPS + Procurement
2023-07-25 00:00:00,904253,1 chìa khóa xe vinfast,452267043,HCM-GBC,BAO 12 - BÌ 5,"Hàng hóa hàng ngày, giấy tờ khác (quần áo, mắt kính...)",,2023-07-25 00:00:00.000,904253,"Hàng hóa hàng ngày, giấy tờ khác (quần áo, mắt kính...)",62,Quá hạn,Thuê Vendor tiêu hủy / Quyên góp,Phụ lục 3 (TTLT 18),GE + FPS + Vendor
2023-07-17 00:00:00,5152160,1 điện thoại samsung màu trắng,451212380,HCM-GBC,BAO 12 - BÌ 5,Thiết bị điện tử có giá,,2023-07-17 00:00:00.000,5152160,Thiết bị điện tử có giá,70,Quá hạn,Xóa dữ liệu & Thanh lý / Thuê Vendor hủy,Phụ lục 3 (TTLT 18),GE + FPS + Procurement
2023-07-18 00:00:00,6592833,1 điếu thuốc lá điện tử màu vàng,449454854,HCM-GBC,BAO 12 - BÌ 5,Thuốc lá điện tử ,,2023-07-18 00:00:00.000,6592833,Thuốc lá điện tử,69,Quá hạn,Tự tiêu hủy tại Hub (Chất thải nguy hại),Biên bản tiêu hủy nội bộ,FPS + COA
2023-07-15 00:00:00,1278269,1 mắt kính,449498177,HCM-GBC,BAO 12 - BÌ 5,"Hàng hóa hàng ngày, giấy tờ khác (quần áo, mắt kính...)",,2023-07-15 00:00:00.000,1278269,"Hàng hóa hàng ngày, giấy tờ khác (quần áo, mắt kính...)",72,Quá hạn,Thuê Vendor tiêu hủy / Quyên góp,Phụ lục 3 (TTLT 18),GE + FPS + Vendor
2023-07-05 00:00:00,364401,1 mắt kính mát,446164551,HCM-GBC,BAO 12 - BÌ 5,"Hàng hóa hàng ngày, giấy tờ khác (quần áo, mắt kính...)",,2023-05-07 00:00:00.000,364401,"Hàng hóa hàng ngày, giấy tờ khác (quần áo, mắt kính...)",141,Quá hạn,Thuê Vendor tiêu hủy / Quyên góp,Phụ lục 3 (TTLT 18),GE + FPS + Vendor
2023-07-19 00:00:00,718782,1 mắt kính,450707713,HCM-GBC,BAO 12 - BÌ 5,"Hàng hóa hàng ngày, giấy tờ khác (quần áo, mắt kính...)",,2023-07-19 00:00:00.000,718782,"Hàng hóa hàng ngày, giấy tờ khác (quần áo, mắt kính...)",68,Quá hạn,Thuê Vendor tiêu hủy / Quyên góp,Phụ lục 3 (TTLT 18),GE + FPS + Vendor
2023-07-17 00:00:00,5254841,1 cái đồng hồ casio,451248304,HCM-GBC,BAO 12 - BÌ 5,Thiết bị điện tử có giá,,2023-07-17 00:00:00.000,5254841,Thiết bị điện tử có giá,70,Quá hạn,Xóa dữ liệu & Thanh lý / Thuê Vendor hủy,Phụ lục 3 (TTLT 18),GE + FPS + Procurement
2023-07-19 00:00:00,6211499,1 bịch thuốc khử trùng,450003763,HCM-GBC,BAO 12 - BÌ 5,"Hàng hóa hàng ngày, giấy tờ khác (quần áo, mắt kính...)",,2023-07-19 00:00:00.000,6211499,"Hàng hóa hàng ngày, giấy tờ khác (quần áo, mắt kính...)",68,Quá hạn,Thuê Vendor tiêu hủy / Quyên góp,Phụ lục 3 (TTLT 18),GE + FPS + Vendor
2023-07-28 00:00:00,3509612,1 mắt kính,455727581,HCM-GBC,BAO 12 - BÌ 5,"Hàng hóa hàng ngày, giấy tờ khác (quần áo, mắt kính...)",,2023-07-28 00:00:00.000,3509612,"Hàng hóa hàng ngày, giấy tờ khác (quần áo, mắt kính...)",59,Quá hạn,Thuê Vendor tiêu hủy / Quyên góp,Phụ lục 3 (TTLT 18),GE + FPS + Vendor
2023-07-10 00:00:00,1732746,1 cây thuốc lá điện tử,448267927,HCM-GBC,BAO 12 - BÌ 5,Thuốc lá điện tử ,,2023-10-07 00:00:00.000,1732746,Thuốc lá điện tử,-12,Còn hạn,Tự tiêu hủy tại Hub (Chất thải nguy hại),Biên bản tiêu hủy nội bộ,FPS + COA
2023-07-17 00:00:00,5238909,"1 mắt kinh đen, có xước",449413505,HCM-GBC,BAO 12 - BÌ 5,"Hàng hóa hàng ngày, giấy tờ khác (quần áo, mắt kính...)",,2023-07-17 00:00:00.000,5238909,"Hàng hóa hàng ngày, giấy tờ khác (quần áo, mắt kính...)",70,Quá hạn,Thuê Vendor tiêu hủy / Quyên góp,Phụ lục 3 (TTLT 18),GE + FPS + Vendor
2023-07-17 00:00:00,6762886,1 bìa hồ sơ,450501369,HCM-GBC,BAO 12 - BÌ 5,"Hàng hóa hàng ngày, giấy tờ khác (quần áo, mắt kính...)",,2023-07-17 00:00:00.000,6762886,"Hàng hóa hàng ngày, giấy tờ khác (quần áo, mắt kính...)",70,Quá hạn,Thuê Vendor tiêu hủy / Quyên góp,Phụ lục 3 (TTLT 18),GE + FPS + Vendor
2023-05-04 00:00:00,5237341,1 cái áo khoác,426985984,HCM-GBC,BAO 13 - BÌ 3,"Hàng hóa hàng ngày, giấy tờ khác (quần áo, mắt kính...)",,2023-04-05 00:00:00.000,5237341,"Hàng hóa hàng ngày, giấy tờ khác (quần áo, mắt kính...)",173,Quá hạn,Thuê Vendor tiêu hủy / Quyên góp,Phụ lục 3 (TTLT 18),GE + FPS + Vendor
2023-05-20 00:00:00,3054912,1 bịch màu đỏ đựng 1 cái áo và 1 Passporr ThaiLand,431699709,HCM-GBC,BAO 13 - BÌ 3,Tiền mặt & giấy tờ cấp bởi CQCN,,2023-05-20 00:00:00.000,3054912,Tiền mặt & giấy tờ cấp bởi CQCN,128,Cần gửi CQNN,Bàn giao CQNN / Ngân hàng,Phụ lục 4 (TTLT 18),COA + Legal + FPS
2023-05-17 00:00:00,3324078,bình giữ nhiệt,429100432,HCM-GBC,BAO 13 - BÌ 3,"Hàng hóa hàng ngày, giấy tờ khác (quần áo, mắt kính...)",,2023-05-17 00:00:00.000,3324078,"Hàng hóa hàng ngày, giấy tờ khác (quần áo, mắt kính...)",131,Quá hạn,Thuê Vendor tiêu hủy / Quyên góp,Phụ lục 3 (TTLT 18),GE + FPS + Vendor
2023-05-30 00:00:00,3415733,1 cái quần thể thao,435332394,HCM-GBC,BAO 13 - BÌ 3,"Hàng hóa hàng ngày, giấy tờ khác (quần áo, mắt kính...)",,2023-05-30 00:00:00.000,3415733,"Hàng hóa hàng ngày, giấy tờ khác (quần áo, mắt kính...)",118,Quá hạn,Thuê Vendor tiêu hủy / Quyên góp,Phụ lục 3 (TTLT 18),GE + FPS + Vendor
2023-05-26 00:00:00,6614856,1 túi đồ (gồm 1 cây dù + 1 mắt kính + 4000đ),434136467,HCM-GBC,BAO 13 - BÌ 3,Tiền mặt & giấy tờ cấp bởi CQCN,,2023-05-26 00:00:00.000,6614856,Tiền mặt & giấy tờ cấp bởi CQCN,122,Cần gửi CQNN,Bàn giao CQNN / Ngân hàng,Phụ lục 4 (TTLT 18),COA + Legal + FPS
2023-05-10 00:00:00,5336689,sấp hồ sơ,428754764,HCM-GBC,BAO 13 - BÌ 3,"Hàng hóa hàng ngày, giấy tờ khác (quần áo, mắt kính...)",,2023-10-05 00:00:00.000,5336689,"Hàng hóa hàng ngày, giấy tờ khác (quần áo, mắt kính...)",-10,Còn hạn,Thuê Vendor tiêu hủy / Quyên góp,Phụ lục 3 (TTLT 18),GE + FPS + Vendor
2023-05-05 00:00:00,6553951,3 bịch BVS đã khui,424817881,HCM-GBC,BAO 13 - BÌ 3,"Hàng hóa hàng ngày, giấy tờ khác (quần áo, mắt kính...)",,2023-05-05 00:00:00.000,6553951,"Hàng hóa hàng ngày, giấy tờ khác (quần áo, mắt kính...)",143,Quá hạn,Thuê Vendor tiêu hủy / Quyên góp,Phụ lục 3 (TTLT 18),GE + FPS + Vendor
2023-05-09 00:00:00,6780108,1 bịch mỹ phẩm cá nhân đã dùng,425813984,HCM-GBC,BAO 13 - BÌ 3,"Hàng hóa hàng ngày, giấy tờ khác (quần áo, mắt kính...)",,2023-09-05 00:00:00.000,6780108,"Hàng hóa hàng ngày, giấy tờ khác (quần áo, mắt kính...)",20,Còn hạn,Thuê Vendor tiêu hủy / Quyên góp,Phụ lục 3 (TTLT 18),GE + FPS + Vendor
2023-05-23 00:00:00,653736,1 máy uốn,433091618,HCM-GBC,BAO 13 - BÌ 3,"Hàng hóa hàng ngày, giấy tờ khác (quần áo, mắt kính...)",,2023-05-23 00:00:00.000,653736,"Hàng hóa hàng ngày, giấy tờ khác (quần áo, mắt kính...)",125,Quá hạn,Thuê Vendor tiêu hủy / Quyên góp,Phụ lục 3 (TTLT 18),GE + FPS + Vendor
2023-05-15 00:00:00,6687663,1 bịch đồ quần áo,430468037,HCM-GBC,BAO 13 - BÌ 3,"Hàng hóa hàng ngày, giấy tờ khác (quần áo, mắt kính...)",,2023-05-15 00:00:00.000,6687663,"Hàng hóa hàng ngày, giấy tờ khác (quần áo, mắt kính...)",133,Quá hạn,Thuê Vendor tiêu hủy / Quyên góp,Phụ lục 3 (TTLT 18),GE + FPS + Vendor
2023-05-09 00:00:00,6761840,1 túi đựng 3 hộp thủy tinh,426684166,HCM-GBC,BAO 13 - BÌ 3,"Hàng hóa hàng ngày, giấy tờ khác (quần áo, mắt kính...)",,2023-09-05 00:00:00.000,6761840,"Hàng hóa hàng ngày, giấy tờ khác (quần áo, mắt kính...)",20,Còn hạn,Thuê Vendor tiêu hủy / Quyên góp,Phụ lục 3 (TTLT 18),GE + FPS + Vendor
2023-05-11 00:00:00,4353762,1 balo màu đen,428910976,HCM-GBC,BAO 13 - BÌ 3,"Hàng hóa hàng ngày, giấy tờ khác (quần áo, mắt kính...)",,2023-11-05 00:00:00.000,4353762,"Hàng hóa hàng ngày, giấy tờ khác (quần áo, mắt kính...)",-41,Còn hạn,Thuê Vendor tiêu hủy / Quyên góp,Phụ lục 3 (TTLT 18),GE + FPS + Vendor
2022-03-28 00:00:00,6287926,ịch quần áo trẻ em,274903552,HCM-GBC,BAO 15,"Hàng hóa hàng ngày, giấy tờ khác (quần áo, mắt kính...)",,2022-03-28 00:00:00.000,6287926,"Hàng hóa hàng ngày, giấy tờ khác (quần áo, mắt kính...)",546,Quá hạn,Thuê Vendor tiêu hủy / Quyên góp,Phụ lục 3 (TTLT 18),GE + FPS + Vendor
2022-03-07 00:00:00,3125203,"1 túi trắng (1 hộp quà, 1 cuốn sổ tay, giấy tờ)",268400065,HCM-GBC,BAO 15,"Hàng hóa hàng ngày, giấy tờ khác (quần áo, mắt kính...)",,2022-07-03 00:00:00.000,3125203,"Hàng hóa hàng ngày, giấy tờ khác (quần áo, mắt kính...)",449,Quá hạn,Thuê Vendor tiêu hủy / Quyên góp,Phụ lục 3 (TTLT 18),GE + FPS + Vendor
2022-03-25 00:00:00,5332888,"1 cái áo nữ,",274175440,HCM-GBC,BAO 15,"Hàng hóa hàng ngày, giấy tờ khác (quần áo, mắt kính...)",,2022-03-25 00:00:00.000,5332888,"Hàng hóa hàng ngày, giấy tờ khác (quần áo, mắt kính...)",549,Quá hạn,Thuê Vendor tiêu hủy / Quyên góp,Phụ lục 3 (TTLT 18),GE + FPS + Vendor
2022-03-09 00:00:00,4223467,1 đôi giày em bé màu hồng ,265707047,HCM-GBC,BAO 15,"Hàng hóa hàng ngày, giấy tờ khác (quần áo, mắt kính...)",,2022-09-03 00:00:00.000,4223467,"Hàng hóa hàng ngày, giấy tờ khác (quần áo, mắt kính...)",387,Quá hạn,Thuê Vendor tiêu hủy / Quyên góp,Phụ lục 3 (TTLT 18),GE + FPS + Vendor
2022-03-05 00:00:00,2811443,1 hộp quà màu trắng,268739943,HCM-GBC,BAO 15,"Hàng hóa hàng ngày, giấy tờ khác (quần áo, mắt kính...)",,2022-05-03 00:00:00.000,2811443,"Hàng hóa hàng ngày, giấy tờ khác (quần áo, mắt kính...)",510,Quá hạn,Thuê Vendor tiêu hủy / Quyên góp,Phụ lục 3 (TTLT 18),GE + FPS + Vendor
2022-03-14 00:00:00,4843938,1 áo khoác con nít,271612180,HCM-GBC,BAO 15,"Hàng hóa hàng ngày, giấy tờ khác (quần áo, mắt kính...)",,2022-03-14 00:00:00.000,4843938,"Hàng hóa hàng ngày, giấy tờ khác (quần áo, mắt kính...)",560,Quá hạn,Thuê Vendor tiêu hủy / Quyên góp,Phụ lục 3 (TTLT 18),GE + FPS + Vendor
2022-03-11 00:00:00,5525385,"1 áo khoác màu kem, 1 bịch trà Atiso 1 bịch hạt Macca",474803803,HCM-GBC,BAO 15,"Hàng hóa hàng ngày, giấy tờ khác (quần áo, mắt kính...)",,2022-11-03 00:00:00.000,5525385,"Hàng hóa hàng ngày, giấy tờ khác (quần áo, mắt kính...)",326,Quá hạn,Thuê Vendor tiêu hủy / Quyên góp,Phụ lục 3 (TTLT 18),GE + FPS + Vendor
2022-03-08 00:00:00,213598,1 đôi guốc,267947423,HCM-GBC,BAO 15,"Hàng hóa hàng ngày, giấy tờ khác (quần áo, mắt kính...)",,2022-08-03 00:00:00.000,213598,"Hàng hóa hàng ngày, giấy tờ khác (quần áo, mắt kính...)",418,Quá hạn,Thuê Vendor tiêu hủy / Quyên góp,Phụ lục 3 (TTLT 18),GE + FPS + Vendor
2022-03-14 00:00:00,5717705,"1 balo màu hồng bên trong có quần áo, đồ cá nhân và 200k tiền mặt.",271370511,HCM-GBC,BAO 15,Tiền mặt & giấy tờ cấp bởi CQCN,,2022-03-14 00:00:00.000,5717705,Tiền mặt & giấy tờ cấp bởi CQCN,560,Cần gửi CQNN,Bàn giao CQNN / Ngân hàng,Phụ lục 4 (TTLT 18),COA + Legal + FPS
2022-03-29 00:00:00,5553000,"1 túi Nữ,",276041109,HCM-GBC,BAO 15 - BÌ 1,"Hàng hóa hàng ngày, giấy tờ khác (quần áo, mắt kính...)",,2022-03-29 00:00:00.000,5553000,"Hàng hóa hàng ngày, giấy tờ khác (quần áo, mắt kính...)",545,Quá hạn,Thuê Vendor tiêu hủy / Quyên góp,Phụ lục 3 (TTLT 18),GE + FPS + Vendor
2022-03-29 00:00:00,405753,1 áo khoác màu đen đã cũ,276738834,HCM-GBC,BAO 15 - BÌ 1,"Hàng hóa hàng ngày, giấy tờ khác (quần áo, mắt kính...)",,2022-03-29 00:00:00.000,405753,"Hàng hóa hàng ngày, giấy tờ khác (quần áo, mắt kính...)",545,Quá hạn,Thuê Vendor tiêu hủy / Quyên góp,Phụ lục 3 (TTLT 18),GE + FPS + Vendor
2022-03-17 00:00:00,4468335,1 sợi cáp sạc,271274942,HCM-GBC,BAO 15 - BÌ 1,"Hàng hóa hàng ngày, giấy tờ khác (quần áo, mắt kính...)",,2022-03-17 00:00:00.000,4468335,"Hàng hóa hàng ngày, giấy tờ khác (quần áo, mắt kính...)",557,Quá hạn,Thuê Vendor tiêu hủy / Quyên góp,Phụ lục 3 (TTLT 18),GE + FPS + Vendor
2022-03-29 00:00:00,4843938,1 Ví Nam có 3 thẻ cứng khác nhau,271612180,HCM-GBC,BAO 15 - BÌ 1,"Hàng hóa hàng ngày, giấy tờ khác (quần áo, mắt kính...)",có 1 thẻ ngân hàng: 9704 242002582953,2022-03-29 00:00:00.000,4843938,"Hàng hóa hàng ngày, giấy tờ khác (quần áo, mắt kính...)",545,Quá hạn,Thuê Vendor tiêu hủy / Quyên góp,Phụ lục 3 (TTLT 18),GE + FPS + Vendor
2022-03-09 00:00:00,973280,1 sâu chuỗi gỗ,269302733,HCM-GBC,BAO 15 - BÌ 1,"Hàng hóa hàng ngày, giấy tờ khác (quần áo, mắt kính...)",,2022-09-03 00:00:00.000,973280,"Hàng hóa hàng ngày, giấy tờ khác (quần áo, mắt kính...)",387,Quá hạn,Thuê Vendor tiêu hủy / Quyên góp,Phụ lục 3 (TTLT 18),GE + FPS + Vendor
2022-03-25 00:00:00,2221828,1 hủ kem,275431613,HCM-GBC,BAO 15 - BÌ 1,"Hàng hóa hàng ngày, giấy tờ khác (quần áo, mắt kính...)",,2022-03-25 00:00:00.000,2221828,"Hàng hóa hàng ngày, giấy tờ khác (quần áo, mắt kính...)",549,Quá hạn,Thuê Vendor tiêu hủy / Quyên góp,Phụ lục 3 (TTLT 18),GE + FPS + Vendor
2022-03-04 00:00:00,3695136,chìa khóa,264479536,HCM-GBC,BAO 15 - BÌ 1,"Hàng hóa hàng ngày, giấy tờ khác (quần áo, mắt kính...)",,2022-04-03 00:00:00.000,3695136,"Hàng hóa hàng ngày, giấy tờ khác (quần áo, mắt kính...)",540,Quá hạn,Thuê Vendor tiêu hủy / Quyên góp,Phụ lục 3 (TTLT 18),GE + FPS + Vendor
2022-03-21 00:00:00,5165584,1 mắt kính ,273466005,HCM-GBC,BAO 15 - BÌ 1,"Hàng hóa hàng ngày, giấy tờ khác (quần áo, mắt kính...)",,2022-03-21 00:00:00.000,5165584,"Hàng hóa hàng ngày, giấy tờ khác (quần áo, mắt kính...)",553,Quá hạn,Thuê Vendor tiêu hủy / Quyên góp,Phụ lục 3 (TTLT 18),GE + FPS + Vendor
2022-03-25 00:00:00,5396010,1 vape màu đen,275310828,HCM-GBC,BAO 15 - BÌ 1,"Hàng hóa hàng ngày, giấy tờ khác (quần áo, mắt kính...)",,2022-03-25 00:00:00.000,5396010,"Hàng hóa hàng ngày, giấy tờ khác (quần áo, mắt kính...)",549,Quá hạn,Thuê Vendor tiêu hủy / Quyên góp,Phụ lục 3 (TTLT 18),GE + FPS + Vendor
2022-03-28 00:00:00,5685451,1 đôi dép mủ màu xanh dương ,275869461,HCM-GBC,BAO 15 - BÌ 1,"Hàng hóa hàng ngày, giấy tờ khác (quần áo, mắt kính...)",,2022-03-28 00:00:00.000,5685451,"Hàng hóa hàng ngày, giấy tờ khác (quần áo, mắt kính...)",546,Quá hạn,Thuê Vendor tiêu hủy / Quyên góp,Phụ lục 3 (TTLT 18),GE + FPS + Vendor
18/07/2022,6083571,TS là 1 CHAI VIÊM TẨY BỒN CẦU,313608318,HCM-GBC,BAO 16 - BÌ 2,"Hàng hóa hàng ngày, giấy tờ khác (quần áo, mắt kính...)",,2022-07-18 00:00:00.000,6083571,"Hàng hóa hàng ngày, giấy tờ khác (quần áo, mắt kính...)",434,Quá hạn,Thuê Vendor tiêu hủy / Quyên góp,Phụ lục 3 (TTLT 18),GE + FPS + Vendor
2022-05-08 00:00:00,4132392,1 túi chứa 1 hộp bột (NSX: 3/8/22) và 1 hộp thuốc (NSX: 1/8/22) - hết HSD => HỦY,321436402,HCM-GBC,BAO 16 - BÌ 2,"Hàng hóa hàng ngày, giấy tờ khác (quần áo, mắt kính...)",,2022-08-05 00:00:00.000,4132392,"Hàng hóa hàng ngày, giấy tờ khác (quần áo, mắt kính...)",416,Quá hạn,Thuê Vendor tiêu hủy / Quyên góp,Phụ lục 3 (TTLT 18),GE + FPS + Vendor
20/07/2022,5855161,1 nón BH đen,313062308,HCM-GBC,BAO 16 - BÌ 2,"Hàng hóa hàng ngày, giấy tờ khác (quần áo, mắt kính...)",,2022-07-20 00:00:00.000,5855161,"Hàng hóa hàng ngày, giấy tờ khác (quần áo, mắt kính...)",432,Quá hạn,Thuê Vendor tiêu hủy / Quyên góp,Phụ lục 3 (TTLT 18),GE + FPS + Vendor
15/08/2022,6540360,1 BÌNH NƯỚC LOCK&LOCK,324345408,HCM-GBC,BAO 16 - BÌ 2,"Hàng hóa hàng ngày, giấy tờ khác (quần áo, mắt kính...)",,2022-08-15 00:00:00.000,6540360,"Hàng hóa hàng ngày, giấy tờ khác (quần áo, mắt kính...)",406,Quá hạn,Thuê Vendor tiêu hủy / Quyên góp,Phụ lục 3 (TTLT 18),GE + FPS + Vendor
29/08/2022,5681210,TS là 1 chùm chìa khóa,329500748,HCM-GBC,BAO 16 - BÌ 2,"Hàng hóa hàng ngày, giấy tờ khác (quần áo, mắt kính...)",,2022-08-29 00:00:00.000,5681210,"Hàng hóa hàng ngày, giấy tờ khác (quần áo, mắt kính...)",392,Quá hạn,Thuê Vendor tiêu hủy / Quyên góp,Phụ lục 3 (TTLT 18),GE + FPS + Vendor
31/08/2022,1150735,"1 balo e bé màu vàng: 2 bình sữa , 3 hộp sữa tươi & 2 bỉm (HỦY: 3 hộp sữa tươi & 2 bỉm)",329274666,HCM-GBC,BAO 16 - BÌ 2,"Hàng hóa hàng ngày, giấy tờ khác (quần áo, mắt kính...)",,2022-08-31 00:00:00.000,1150735,"Hàng hóa hàng ngày, giấy tờ khác (quần áo, mắt kính...)",390,Quá hạn,Thuê Vendor tiêu hủy / Quyên góp,Phụ lục 3 (TTLT 18),GE + FPS + Vendor
2023-12-01 00:00:00,3885637,1 Hộp hình vuông màu vàng (bộ xông trầm và trầm),381804619,HCM-GBC,BAO 16 - BÌ 3,"Hàng hóa hàng ngày, giấy tờ khác (quần áo, mắt kính...)",,2023-01-12 00:00:00.000,3885637,"Hàng hóa hàng ngày, giấy tờ khác (quần áo, mắt kính...)",256,Quá hạn,Thuê Vendor tiêu hủy / Quyên góp,Phụ lục 3 (TTLT 18),GE + FPS + Vendor
2023-12-01 00:00:00,5657687,1 túi đeo,384270744,HCM-GBC,BAO 16 - BÌ 3,"Hàng hóa hàng ngày, giấy tờ khác (quần áo, mắt kính...)",,2023-01-12 00:00:00.000,5657687,"Hàng hóa hàng ngày, giấy tờ khác (quần áo, mắt kính...)",256,Quá hạn,Thuê Vendor tiêu hủy / Quyên góp,Phụ lục 3 (TTLT 18),GE + FPS + Vendor
17/01/2023,6600271,1 tai nghe bl + kèm hộp,385474680,HCM-GBC,BAO 16 - BÌ 3,"Hàng hóa hàng ngày, giấy tờ khác (quần áo, mắt kính...)",,2023-01-17 00:00:00.000,6600271,"Hàng hóa hàng ngày, giấy tờ khác (quần áo, mắt kính...)",251,Quá hạn,Thuê Vendor tiêu hủy / Quyên góp,Phụ lục 3 (TTLT 18),GE + FPS + Vendor
21/02/2023,1314380,1 cái áo khoác đen,400870168,HCM-GBC,BAO 16 - BÌ 3,"Hàng hóa hàng ngày, giấy tờ khác (quần áo, mắt kính...)",,2023-02-21 00:00:00.000,1314380,"Hàng hóa hàng ngày, giấy tờ khác (quần áo, mắt kính...)",216,Quá hạn,Thuê Vendor tiêu hủy / Quyên góp,Phụ lục 3 (TTLT 18),GE + FPS + Vendor
23/09/2022,674743,1 dây chuyển bạc trắng và 3 lốc sữa,2023-10-01 00:00:00,HCM-GBC,BAO 16 - BÌ 3,"Hàng hóa hàng ngày, giấy tờ khác (quần áo, mắt kính...)",,2022-09-23 00:00:00.000,674743,"Hàng hóa hàng ngày, giấy tờ khác (quần áo, mắt kính...)",367,Quá hạn,Thuê Vendor tiêu hủy / Quyên góp,Phụ lục 3 (TTLT 18),GE + FPS + Vendor
2023-04-01 00:00:00,378376,"1 túi xách màu đen chứa mỹ phẩm + sổ + BVS, không có tiền",379749554,HCM-GBC,BAO 16 - BÌ 3,"Hàng hóa hàng ngày, giấy tờ khác (quần áo, mắt kính...)",,2023-01-04 00:00:00.000,378376,"Hàng hóa hàng ngày, giấy tờ khác (quần áo, mắt kính...)",264,Quá hạn,Thuê Vendor tiêu hủy / Quyên góp,Phụ lục 3 (TTLT 18),GE + FPS + Vendor
2023-09-01 00:00:00,368394,1 xe đồ chơi nhỏ,382584025,HCM-GBC,BAO 16 - BÌ 3,"Hàng hóa hàng ngày, giấy tờ khác (quần áo, mắt kính...)",,2023-01-09 00:00:00.000,368394,"Hàng hóa hàng ngày, giấy tờ khác (quần áo, mắt kính...)",259,Quá hạn,Thuê Vendor tiêu hủy / Quyên góp,Phụ lục 3 (TTLT 18),GE + FPS + Vendor
2023-03-01 00:00:00,2406831,1 túi giấy chứa bộ sạc,379634002,HCM-GBC,BAO 16 - BÌ 3,"Hàng hóa hàng ngày, giấy tờ khác (quần áo, mắt kính...)",,2023-01-03 00:00:00.000,2406831,"Hàng hóa hàng ngày, giấy tờ khác (quần áo, mắt kính...)",265,Quá hạn,Thuê Vendor tiêu hủy / Quyên góp,Phụ lục 3 (TTLT 18),GE + FPS + Vendor
2023-04-01 00:00:00,4823109,1 bịch đen chứa 2h nem bì và bông tẩy trang => HỦY (bốc mùi + có dòi),380212251,HCM-GBC,BAO 16 - BÌ 3,"Hàng hóa hàng ngày, giấy tờ khác (quần áo, mắt kính...)",,2023-01-04 00:00:00.000,4823109,"Hàng hóa hàng ngày, giấy tờ khác (quần áo, mắt kính...)",264,Quá hạn,Thuê Vendor tiêu hủy / Quyên góp,Phụ lục 3 (TTLT 18),GE + FPS + Vendor
30/01/2023,4626141,"1 túi nilong chứa túi màu đen, 1 bịch sữa, 1 lọ kem, 1 thanh kẹo socola => HỦY (đồ ăn có mùi)",391852470,HCM-GBC,BAO 16 - BÌ 3,"Hàng hóa hàng ngày, giấy tờ khác (quần áo, mắt kính...)",,2023-01-30 00:00:00.000,4626141,"Hàng hóa hàng ngày, giấy tờ khác (quần áo, mắt kính...)",238,Quá hạn,Thuê Vendor tiêu hủy / Quyên góp,Phụ lục 3 (TTLT 18),GE + FPS + Vendor
2023-04-01 00:00:00,6491769,1 Dây chuyển màu bạc,331567399,HCM-GBC,BAO 16 - BÌ 3,"Hàng hóa hàng ngày, giấy tờ khác (quần áo, mắt kính...)",,2023-01-04 00:00:00.000,6491769,"Hàng hóa hàng ngày, giấy tờ khác (quần áo, mắt kính...)",264,Quá hạn,Thuê Vendor tiêu hủy / Quyên góp,Phụ lục 3 (TTLT 18),GE + FPS + Vendor
20/04/2021,2555040,1 nón kết màu đỏ,187449650,HCM-GBC,BAO 16 - BÌ 4,"Hàng hóa hàng ngày, giấy tờ khác (quần áo, mắt kính...)",,2021-04-20 00:00:00.000,2555040,"Hàng hóa hàng ngày, giấy tờ khác (quần áo, mắt kính...)",888,Quá hạn,Thuê Vendor tiêu hủy / Quyên góp,Phụ lục 3 (TTLT 18),GE + FPS + Vendor
27/01/2022,5292121,1 chìa khóa,256839756,HCM-GBC,BAO 16 - BÌ 4,"Hàng hóa hàng ngày, giấy tờ khác (quần áo, mắt kính...)",,2022-01-27 00:00:00.000,5292121,"Hàng hóa hàng ngày, giấy tờ khác (quần áo, mắt kính...)",606,Quá hạn,Thuê Vendor tiêu hủy / Quyên góp,Phụ lục 3 (TTLT 18),GE + FPS + Vendor
14/12/2021,1689263,1 chìa khóa,243068896,HCM-GBC,BAO 16 - BÌ 4,"Hàng hóa hàng ngày, giấy tờ khác (quần áo, mắt kính...)",,2021-12-14 00:00:00.000,1689263,"Hàng hóa hàng ngày, giấy tờ khác (quần áo, mắt kính...)",650,Quá hạn,Thuê Vendor tiêu hủy / Quyên góp,Phụ lục 3 (TTLT 18),GE + FPS + Vendor
2022-04-03 00:00:00,2150858,1 kính mắt nữ,268436663,HCM-GBC,BAO 16 - BÌ 4,"Hàng hóa hàng ngày, giấy tờ khác (quần áo, mắt kính...)",,2022-03-04 00:00:00.000,2150858,"Hàng hóa hàng ngày, giấy tờ khác (quần áo, mắt kính...)",570,Quá hạn,Thuê Vendor tiêu hủy / Quyên góp,Phụ lục 3 (TTLT 18),GE + FPS + Vendor
19/02/2022,1444188,"TS là 1 bịch nilong màu cam chứa mỹ phẫm và đồ trang điểm đã qua sử dụng => HỦY (hết HSD, bị chảy nước)",264265819,HCM-GBC,BAO 16 - BÌ 4,"Hàng hóa hàng ngày, giấy tờ khác (quần áo, mắt kính...)",,2022-02-19 00:00:00.000,1444188,"Hàng hóa hàng ngày, giấy tờ khác (quần áo, mắt kính...)",583,Quá hạn,Thuê Vendor tiêu hủy / Quyên góp,Phụ lục 3 (TTLT 18),GE + FPS + Vendor
13/06/2022,4732540,1 áo khoác đen,300128819,HCM-GBC,BAO 16 - BÌ 4,"Hàng hóa hàng ngày, giấy tờ khác (quần áo, mắt kính...)",,2022-06-13 00:00:00.000,4732540,"Hàng hóa hàng ngày, giấy tờ khác (quần áo, mắt kính...)",469,Quá hạn,Thuê Vendor tiêu hủy / Quyên góp,Phụ lục 3 (TTLT 18),GE + FPS + Vendor
14/03/2022,521444,TS là 1 nón lưỡi trai màu hồng,k nhớ,HCM-GBC,BAO 16 - BÌ 4,"Hàng hóa hàng ngày, giấy tờ khác (quần áo, mắt kính...)",,2022-03-14 00:00:00.000,521444,"Hàng hóa hàng ngày, giấy tờ khác (quần áo, mắt kính...)",560,Quá hạn,Thuê Vendor tiêu hủy / Quyên góp,Phụ lục 3 (TTLT 18),GE + FPS + Vendor
21/06/2022,6374387,"TS là 1 Ví nữ đen, không có tiền, chứa 1 thổi son",303299152,HCM-GBC,BAO 16 - BÌ 4,"Hàng hóa hàng ngày, giấy tờ khác (quần áo, mắt kính...)",,2022-06-21 00:00:00.000,6374387,"Hàng hóa hàng ngày, giấy tờ khác (quần áo, mắt kính...)",461,Quá hạn,Thuê Vendor tiêu hủy / Quyên góp,Phụ lục 3 (TTLT 18),GE + FPS + Vendor
27/06/2022,1549585,TS là 1 giấy chưa 1 áo thun,305657503,HCM-GBC,BAO 16 - BÌ 4,"Hàng hóa hàng ngày, giấy tờ khác (quần áo, mắt kính...)",,2022-06-27 00:00:00.000,1549585,"Hàng hóa hàng ngày, giấy tờ khác (quần áo, mắt kính...)",455,Quá hạn,Thuê Vendor tiêu hủy / Quyên góp,Phụ lục 3 (TTLT 18),GE + FPS + Vendor
27/06/2022 16:25:58,6437903,1 đôi giày và 1 cái nón trẻ e,305964215,HCM-GBC,BAO 16 - BÌ 4,"Hàng hóa hàng ngày, giấy tờ khác (quần áo, mắt kính...)",,2022-06-27 16:25:58.000,6437903,"Hàng hóa hàng ngày, giấy tờ khác (quần áo, mắt kính...)",454,Quá hạn,Thuê Vendor tiêu hủy / Quyên góp,Phụ lục 3 (TTLT 18),GE + FPS + Vendor
18/04/2022,3572241,1 TÚI GIẤY CHƯA CUỐN TẬP,282085615,HCM-GBC,BAO 16 - BÌ 4,"Hàng hóa hàng ngày, giấy tờ khác (quần áo, mắt kính...)",,2022-04-18 00:00:00.000,3572241,"Hàng hóa hàng ngày, giấy tờ khác (quần áo, mắt kính...)",525,Quá hạn,Thuê Vendor tiêu hủy / Quyên góp,Phụ lục 3 (TTLT 18),GE + FPS + Vendor
21/03/2023,2291326,1 xê đẩy e bé màu đen,412179140,HCM-GBC,BAO 17,"Hàng hóa hàng ngày, giấy tờ khác (quần áo, mắt kính...)",,2023-03-21 00:00:00.000,2291326,"Hàng hóa hàng ngày, giấy tờ khác (quần áo, mắt kính...)",188,Quá hạn,Thuê Vendor tiêu hủy / Quyên góp,Phụ lục 3 (TTLT 18),GE + FPS + Vendor
14/02/2023,681485,1 xe đẩy e bé (HƯ),398614788,HCM-GBC,BAO 17,"Hàng hóa hàng ngày, giấy tờ khác (quần áo, mắt kính...)",,2023-02-14 00:00:00.000,681485,"Hàng hóa hàng ngày, giấy tờ khác (quần áo, mắt kính...)",223,Quá hạn,Thuê Vendor tiêu hủy / Quyên góp,Phụ lục 3 (TTLT 18),GE + FPS + Vendor
2023-04-05 00:00:00,1444188,1 máy nóng lạnh,427084715,HCM-GBC,BAO 17,"Hàng hóa hàng ngày, giấy tờ khác (quần áo, mắt kính...)",,2023-05-04 00:00:00.000,1444188,"Hàng hóa hàng ngày, giấy tờ khác (quần áo, mắt kính...)",144,Quá hạn,Thuê Vendor tiêu hủy / Quyên góp,Phụ lục 3 (TTLT 18),GE + FPS + Vendor
2023-09-03 00:00:00,1951093,1 cây đàn ukulele,406228176,HCM-GBC,BAO 17,"Hàng hóa hàng ngày, giấy tờ khác (quần áo, mắt kính...)",,2023-03-09 00:00:00.000,1951093,"Hàng hóa hàng ngày, giấy tờ khác (quần áo, mắt kính...)",200,Quá hạn,Thuê Vendor tiêu hủy / Quyên góp,Phụ lục 3 (TTLT 18),GE + FPS + Vendor
13/03/2023,231510,"1 thùng giấy chứa cá khô và 2 bịch nước nhỏ => HỦY (đồ ăn bị mốc, có mùi)",409186813,HCM-GBC,BAO 17,"Hàng hóa hàng ngày, giấy tờ khác (quần áo, mắt kính...)",,2023-03-13 00:00:00.000,231510,"Hàng hóa hàng ngày, giấy tờ khác (quần áo, mắt kính...)",196,Quá hạn,Thuê Vendor tiêu hủy / Quyên góp,Phụ lục 3 (TTLT 18),GE + FPS + Vendor
20/04/2021,521444,1 bức tranh cờ gỗ nước Hàn quốc,187870943,HCM-GBC,BAO 17,"Hàng hóa hàng ngày, giấy tờ khác (quần áo, mắt kính...)",,2021-04-20 00:00:00.000,521444,"Hàng hóa hàng ngày, giấy tờ khác (quần áo, mắt kính...)",888,Quá hạn,Thuê Vendor tiêu hủy / Quyên góp,Phụ lục 3 (TTLT 18),GE + FPS + Vendor
2023-09-01 00:00:00,4110598,2 hộp quà => HỦY (HẾT HSD),383163020,HCM-GBC,BAO 17,"Hàng hóa hàng ngày, giấy tờ khác (quần áo, mắt kính...)",,2023-01-09 00:00:00.000,4110598,"Hàng hóa hàng ngày, giấy tờ khác (quần áo, mắt kính...)",259,Quá hạn,Thuê Vendor tiêu hủy / Quyên góp,Phụ lục 3 (TTLT 18),GE + FPS + Vendor
2023-09-01 00:00:00,4926869,3 tờ tiền nước ngoài,380803470,HCM-GBC,BAO 18 - BÌ 1,Tiền mặt & giấy tờ cấp bởi CQCN,,2023-01-09 00:00:00.000,4926869,Tiền mặt & giấy tờ cấp bởi CQCN,259,Cần gửi CQNN,Bàn giao CQNN / Ngân hàng,Phụ lục 4 (TTLT 18),COA + Legal + FPS
2023-10-01 08:17:02,4503701,1 cây thuốc lá điện tử màu xám,383258057,HCM-GBC,BAO 18 - BÌ 1,Thuốc lá điện tử ,,2023-01-10 08:17:02.000,4503701,Thuốc lá điện tử,257,Quá hạn,Tự tiêu hủy tại Hub (Chất thải nguy hại),Biên bản tiêu hủy nội bộ,FPS + COA
17/01/2023,5830319,1 hộp tai nghe AVA màu đen ( còn đủ 2 bên tai nghe ),384408725,HCM-GBC,BAO 18 - BÌ 1,"Hàng hóa hàng ngày, giấy tờ khác (quần áo, mắt kính...)",,2023-01-17 00:00:00.000,5830319,"Hàng hóa hàng ngày, giấy tờ khác (quần áo, mắt kính...)",251,Quá hạn,Thuê Vendor tiêu hủy / Quyên góp,Phụ lục 3 (TTLT 18),GE + FPS + Vendor
25/01/2023,6730259,1 hộp ví màu vàng,386903784,HCM-GBC,BAO 18 - BÌ 1,"Hàng hóa hàng ngày, giấy tờ khác (quần áo, mắt kính...)",,2023-01-25 00:00:00.000,6730259,"Hàng hóa hàng ngày, giấy tờ khác (quần áo, mắt kính...)",243,Quá hạn,Thuê Vendor tiêu hủy / Quyên góp,Phụ lục 3 (TTLT 18),GE + FPS + Vendor
2023-03-01 15:40:30,536818,1 túi giấy màu đỏ (1 áo + chai nước) => HỦY chai nước hết HSD,380897283,HCM-GBC,BAO 18 - BÌ 1,"Hàng hóa hàng ngày, giấy tờ khác (quần áo, mắt kính...)",,2023-01-03 15:40:30.000,536818,"Hàng hóa hàng ngày, giấy tờ khác (quần áo, mắt kính...)",264,Quá hạn,Thuê Vendor tiêu hủy / Quyên góp,Phụ lục 3 (TTLT 18),GE + FPS + Vendor
2023-04-01 13:28:46,5266788,1 gậy quay phim,379213533,HCM-GBC,BAO 18 - BÌ 1,"Hàng hóa hàng ngày, giấy tờ khác (quần áo, mắt kính...)",,2023-01-04 13:28:46.000,5266788,"Hàng hóa hàng ngày, giấy tờ khác (quần áo, mắt kính...)",263,Quá hạn,Thuê Vendor tiêu hủy / Quyên góp,Phụ lục 3 (TTLT 18),GE + FPS + Vendor
30/01/2023,5233240,1 cái Airpod bên trong chỉ còn 1 cái,391664075,HCM-GBC,BAO 18 - BÌ 1,"Hàng hóa hàng ngày, giấy tờ khác (quần áo, mắt kính...)",,2023-01-30 00:00:00.000,5233240,"Hàng hóa hàng ngày, giấy tờ khác (quần áo, mắt kính...)",238,Quá hạn,Thuê Vendor tiêu hủy / Quyên góp,Phụ lục 3 (TTLT 18),GE + FPS + Vendor
30/01/2023,4102416,1 cái nón màu đen,388266776,HCM-GBC,BAO 18 - BÌ 1,"Hàng hóa hàng ngày, giấy tờ khác (quần áo, mắt kính...)",,2023-01-30 00:00:00.000,4102416,"Hàng hóa hàng ngày, giấy tờ khác (quần áo, mắt kính...)",238,Quá hạn,Thuê Vendor tiêu hủy / Quyên góp,Phụ lục 3 (TTLT 18),GE + FPS + Vendor
17/01/2023,5631408,1 cốc sạc màu trắng và dây sạc,386183986,HCM-GBC,BAO 18 - BÌ 1,"Hàng hóa hàng ngày, giấy tờ khác (quần áo, mắt kính...)",,2023-01-17 00:00:00.000,5631408,"Hàng hóa hàng ngày, giấy tờ khác (quần áo, mắt kính...)",251,Quá hạn,Thuê Vendor tiêu hủy / Quyên góp,Phụ lục 3 (TTLT 18),GE + FPS + Vendor
2023-09-01 10:37:06,565833,1 mắt kính mát nữ màu nâu,383088436,HCM-GBC,BAO 18 - BÌ 1,"Hàng hóa hàng ngày, giấy tờ khác (quần áo, mắt kính...)",,2023-01-09 10:37:06.000,565833,"Hàng hóa hàng ngày, giấy tờ khác (quần áo, mắt kính...)",258,Quá hạn,Thuê Vendor tiêu hủy / Quyên góp,Phụ lục 3 (TTLT 18),GE + FPS + Vendor
2023-07-01 14:19:54,6521189,1 kẹp tóc màu xanh rêu,x,HCM-GBC,BAO 18 - BÌ 1,"Hàng hóa hàng ngày, giấy tờ khác (quần áo, mắt kính...)",,2023-01-07 14:19:54.000,6521189,"Hàng hóa hàng ngày, giấy tờ khác (quần áo, mắt kính...)",260,Quá hạn,Thuê Vendor tiêu hủy / Quyên góp,Phụ lục 3 (TTLT 18),GE + FPS + Vendor
2023-09-20 16:23:05,5525385,1 mắt kinh,474803803,HCM-GBC,BAO 18 - BÌ 1,"Hàng hóa hàng ngày, giấy tờ khác (quần áo, mắt kính...)",,2023-09-20 16:23:05.000,5525385,"Hàng hóa hàng ngày, giấy tờ khác (quần áo, mắt kính...)",4,Còn hạn,Thuê Vendor tiêu hủy / Quyên góp,Phụ lục 3 (TTLT 18),GE + FPS + Vendor
14/03/2023,962006,1 bộ gậy gỗ,410287807,HCM-GBC,BAO 18 - BÌ 3,"Hàng hóa hàng ngày, giấy tờ khác (quần áo, mắt kính...)",,2023-03-14 00:00:00.000,962006,"Hàng hóa hàng ngày, giấy tờ khác (quần áo, mắt kính...)",195,Quá hạn,Thuê Vendor tiêu hủy / Quyên góp,Phụ lục 3 (TTLT 18),GE + FPS + Vendor
2023-08-03 00:00:00,1970095,1 kiếng,408017304,HCM-GBC,BAO 18 - BÌ 3,"Hàng hóa hàng ngày, giấy tờ khác (quần áo, mắt kính...)",,2023-03-08 00:00:00.000,1970095,"Hàng hóa hàng ngày, giấy tờ khác (quần áo, mắt kính...)",201,Quá hạn,Thuê Vendor tiêu hủy / Quyên góp,Phụ lục 3 (TTLT 18),GE + FPS + Vendor
2023-10-03 00:00:00,6724722,1 tai nghe màu trắng,408498954,HCM-GBC,BAO 18 - BÌ 3,"Hàng hóa hàng ngày, giấy tờ khác (quần áo, mắt kính...)",,2023-03-10 00:00:00.000,6724722,"Hàng hóa hàng ngày, giấy tờ khác (quần áo, mắt kính...)",199,Quá hạn,Thuê Vendor tiêu hủy / Quyên góp,Phụ lục 3 (TTLT 18),GE + FPS + Vendor
17/03/2023,5087470,1 remote,406087709,HCM-GBC,BAO 18 - BÌ 3,"Hàng hóa hàng ngày, giấy tờ khác (quần áo, mắt kính...)",,2023-03-17 00:00:00.000,5087470,"Hàng hóa hàng ngày, giấy tờ khác (quần áo, mắt kính...)",192,Quá hạn,Thuê Vendor tiêu hủy / Quyên góp,Phụ lục 3 (TTLT 18),GE + FPS + Vendor
2023-09-03 00:00:00,6580161,TS là 1 giấy chứng nhận đăng ký doanh nghiệp,406871894,HCM-GBC,BAO 18 - BÌ 3,"Hàng hóa hàng ngày, giấy tờ khác (quần áo, mắt kính...)",,2023-03-09 00:00:00.000,6580161,"Hàng hóa hàng ngày, giấy tờ khác (quần áo, mắt kính...)",200,Quá hạn,Thuê Vendor tiêu hủy / Quyên góp,Phụ lục 3 (TTLT 18),GE + FPS + Vendor
21/03/2023,2291326,1 cục sạc dự phòng màu trắng,412570821,HCM-GBC,BAO 18 - BÌ 3,"Hàng hóa hàng ngày, giấy tờ khác (quần áo, mắt kính...)",,2023-03-21 00:00:00.000,2291326,"Hàng hóa hàng ngày, giấy tờ khác (quần áo, mắt kính...)",188,Quá hạn,Thuê Vendor tiêu hủy / Quyên góp,Phụ lục 3 (TTLT 18),GE + FPS + Vendor
2023-06-03 00:00:00,6491680,1 màn hình điện thoại,406870598,HCM-GBC,BAO 18 - BÌ 3,"Hàng hóa hàng ngày, giấy tờ khác (quần áo, mắt kính...)",,2023-03-06 00:00:00.000,6491680,"Hàng hóa hàng ngày, giấy tờ khác (quần áo, mắt kính...)",203,Quá hạn,Thuê Vendor tiêu hủy / Quyên góp,Phụ lục 3 (TTLT 18),GE + FPS + Vendor
2023-01-06 00:00:00,6866505,1 hộp giấy lazada: hộp đựng mẫu inox,435974008,HCM-GBC,BAO 18 - BÌ 4,"Hàng hóa hàng ngày, giấy tờ khác (quần áo, mắt kính...)",,2023-06-01 00:00:00.000,6866505,"Hàng hóa hàng ngày, giấy tờ khác (quần áo, mắt kính...)",116,Quá hạn,Thuê Vendor tiêu hủy / Quyên góp,Phụ lục 3 (TTLT 18),GE + FPS + Vendor
28/06/2023,613039,1 túi vải chứa giấy tờ,443946135,HCM-GBC,BAO 18 - BÌ 4,Tiền mặt & giấy tờ cấp bởi CQCN,,2023-06-28 00:00:00.000,613039,Tiền mặt & giấy tờ cấp bởi CQCN,89,Cần gửi CQNN,Bàn giao CQNN / Ngân hàng,Phụ lục 4 (TTLT 18),COA + Legal + FPS
29/06/2023,3062984,1 bịch cà phê,445447723,HCM-GBC,BAO 18 - BÌ 4,"Hàng hóa hàng ngày, giấy tờ khác (quần áo, mắt kính...)",,2023-06-29 00:00:00.000,3062984,"Hàng hóa hàng ngày, giấy tờ khác (quần áo, mắt kính...)",88,Quá hạn,Thuê Vendor tiêu hủy / Quyên góp,Phụ lục 3 (TTLT 18),GE + FPS + Vendor
2023-12-06 00:00:00,6791511,1 cây dù,439515456,HCM-GBC,BAO 18 - BÌ 4,"Hàng hóa hàng ngày, giấy tờ khác (quần áo, mắt kính...)",,2023-06-12 00:00:00.000,6791511,"Hàng hóa hàng ngày, giấy tờ khác (quần áo, mắt kính...)",105,Quá hạn,Thuê Vendor tiêu hủy / Quyên góp,Phụ lục 3 (TTLT 18),GE + FPS + Vendor
28/06/2023,576298,1 nón màu trắng,445049872,HCM-GBC,BAO 18 - BÌ 4,"Hàng hóa hàng ngày, giấy tờ khác (quần áo, mắt kính...)",,2023-06-28 00:00:00.000,576298,"Hàng hóa hàng ngày, giấy tờ khác (quần áo, mắt kính...)",89,Quá hạn,Thuê Vendor tiêu hủy / Quyên góp,Phụ lục 3 (TTLT 18),GE + FPS + Vendor
2023-07-06 00:00:00,3231333,1 chùm chìa khóa,436791843,HCM-GBC,BAO 18 - BÌ 4,"Hàng hóa hàng ngày, giấy tờ khác (quần áo, mắt kính...)",,2023-06-07 00:00:00.000,3231333,"Hàng hóa hàng ngày, giấy tờ khác (quần áo, mắt kính...)",110,Quá hạn,Thuê Vendor tiêu hủy / Quyên góp,Phụ lục 3 (TTLT 18),GE + FPS + Vendor
2023-12-06 00:00:00,2736882,1 bịch đỏ chứa bình nước,436250947,HCM-GBC,BAO 18 - BÌ 4,"Hàng hóa hàng ngày, giấy tờ khác (quần áo, mắt kính...)",,2023-06-12 00:00:00.000,2736882,"Hàng hóa hàng ngày, giấy tờ khác (quần áo, mắt kính...)",105,Quá hạn,Thuê Vendor tiêu hủy / Quyên góp,Phụ lục 3 (TTLT 18),GE + FPS + Vendor
28/02/2023,6780979,5 hộp card visit,404436123,HCM-GBC,BAO 18 - BÌ 6,"Hàng hóa hàng ngày, giấy tờ khác (quần áo, mắt kính...)",,2023-02-28 00:00:00.000,6780979,"Hàng hóa hàng ngày, giấy tờ khác (quần áo, mắt kính...)",209,Quá hạn,Thuê Vendor tiêu hủy / Quyên góp,Phụ lục 3 (TTLT 18),GE + FPS + Vendor
27/02/2023,1770222,1 kính mắt RAY-BAN,403553289,HCM-GBC,BAO 18 - BÌ 6,"Hàng hóa hàng ngày, giấy tờ khác (quần áo, mắt kính...)",,2023-02-27 00:00:00.000,1770222,"Hàng hóa hàng ngày, giấy tờ khác (quần áo, mắt kính...)",210,Quá hạn,Thuê Vendor tiêu hủy / Quyên góp,Phụ lục 3 (TTLT 18),GE + FPS + Vendor
14/02/2023,3219804,1 tập hồ sơ,398449844,HCM-GBC,BAO 18 - BÌ 6,"Hàng hóa hàng ngày, giấy tờ khác (quần áo, mắt kính...)",,2023-02-14 00:00:00.000,3219804,"Hàng hóa hàng ngày, giấy tờ khác (quần áo, mắt kính...)",223,Quá hạn,Thuê Vendor tiêu hủy / Quyên góp,Phụ lục 3 (TTLT 18),GE + FPS + Vendor
13/02/2023,1988950,500k tiền mặt + 1 chìa khóa,395401505,HCM-GBC,BAO 18 - BÌ 6,Tiền mặt & giấy tờ cấp bởi CQCN,,2023-02-13 00:00:00.000,1988950,Tiền mặt & giấy tờ cấp bởi CQCN,224,Cần gửi CQNN,Bàn giao CQNN / Ngân hàng,Phụ lục 4 (TTLT 18),COA + Legal + FPS
13/02/2023,6692945,1 bịch quần áo đồ cũ,398132063,HCM-GBC,BAO 18 - BÌ 6,"Hàng hóa hàng ngày, giấy tờ khác (quần áo, mắt kính...)",,2023-02-13 00:00:00.000,6692945,"Hàng hóa hàng ngày, giấy tờ khác (quần áo, mắt kính...)",224,Quá hạn,Thuê Vendor tiêu hủy / Quyên góp,Phụ lục 3 (TTLT 18),GE + FPS + Vendor
2023-08-02 00:00:00,4954056,Kính cận,394232406,HCM-GBC,BAO 18 - BÌ 6,"Hàng hóa hàng ngày, giấy tờ khác (quần áo, mắt kính...)",,2023-02-08 00:00:00.000,4954056,"Hàng hóa hàng ngày, giấy tờ khác (quần áo, mắt kính...)",229,Quá hạn,Thuê Vendor tiêu hủy / Quyên góp,Phụ lục 3 (TTLT 18),GE + FPS + Vendor
2023-02-01 00:00:00,3931586,1 bộ vợt bóng bàn,389580350,HCM-GBC,BAO 18 - BÌ 6,"Hàng hóa hàng ngày, giấy tờ khác (quần áo, mắt kính...)",,2023-01-02 00:00:00.000,3931586,"Hàng hóa hàng ngày, giấy tờ khác (quần áo, mắt kính...)",266,Quá hạn,Thuê Vendor tiêu hủy / Quyên góp,Phụ lục 3 (TTLT 18),GE + FPS + Vendor
2023-02-02 00:00:00,3535391,1 ví đen nhỏ chứa 37k và 1 thẻ học sinh tên MIRA,390911463,HCM-GBC,BAO 18 - BÌ 6,Tiền mặt & giấy tờ cấp bởi CQCN,,2023-02-02 00:00:00.000,3535391,Tiền mặt & giấy tờ cấp bởi CQCN,235,Cần gửi CQNN,Bàn giao CQNN / Ngân hàng,Phụ lục 4 (TTLT 18),COA + Legal + FPS
2023-02-09 00:00:00,5631442,1 bằng tốt nghiệp cơ sở,391768973,HCM-GBC,BAO 18 - BÌ 6,"Hàng hóa hàng ngày, giấy tờ khác (quần áo, mắt kính...)",,2023-09-02 00:00:00.000,5631442,"Hàng hóa hàng ngày, giấy tờ khác (quần áo, mắt kính...)",23,Còn hạn,Thuê Vendor tiêu hủy / Quyên góp,Phụ lục 3 (TTLT 18),GE + FPS + Vendor
2023-02-02 00:00:00,2555040,1 bao lì xì có 2000 đồng,392029839,HCM-GBC,BAO 18 - BÌ 6,Tiền mặt & giấy tờ cấp bởi CQCN,,2023-02-02 00:00:00.000,2555040,Tiền mặt & giấy tờ cấp bởi CQCN,235,Cần gửi CQNN,Bàn giao CQNN / Ngân hàng,Phụ lục 4 (TTLT 18),COA + Legal + FPS
24/05/2023,1444195,1 túi giấy chứa bánh kẹo => HỦY (HẾT HSD),433273055,HCM-GBC,BAO 19 - BÌ 2,"Hàng hóa hàng ngày, giấy tờ khác (quần áo, mắt kính...)",,2023-05-24 00:00:00.000,1444195,"Hàng hóa hàng ngày, giấy tờ khác (quần áo, mắt kính...)",124,Quá hạn,Thuê Vendor tiêu hủy / Quyên góp,Phụ lục 3 (TTLT 18),GE + FPS + Vendor
16/11/2022,6590278,1 sổ khám bệnh,359963439,HCM-GBC,BAO 19 - BÌ 2,"Hàng hóa hàng ngày, giấy tờ khác (quần áo, mắt kính...)",,2022-11-16 00:00:00.000,6590278,"Hàng hóa hàng ngày, giấy tờ khác (quần áo, mắt kính...)",313,Quá hạn,Thuê Vendor tiêu hủy / Quyên góp,Phụ lục 3 (TTLT 18),GE + FPS + Vendor
2022-11-11 00:00:00,6313044,1 hộp giấy chứa quần áo đen,360206344,HCM-GBC,BAO 19 - BÌ 2,"Hàng hóa hàng ngày, giấy tờ khác (quần áo, mắt kính...)",,2022-11-11 00:00:00.000,6313044,"Hàng hóa hàng ngày, giấy tờ khác (quần áo, mắt kính...)",318,Quá hạn,Thuê Vendor tiêu hủy / Quyên góp,Phụ lục 3 (TTLT 18),GE + FPS + Vendor
18/11/2022,6467601,1 hộp bút,362988534,HCM-GBC,BAO 19 - BÌ 2,"Hàng hóa hàng ngày, giấy tờ khác (quần áo, mắt kính...)",,2022-11-18 00:00:00.000,6467601,"Hàng hóa hàng ngày, giấy tờ khác (quần áo, mắt kính...)",311,Quá hạn,Thuê Vendor tiêu hủy / Quyên góp,Phụ lục 3 (TTLT 18),GE + FPS + Vendor
2022-03-11 00:00:00,3394257,1 lắc tay,353662664,HCM-GBC,BAO 19 - BÌ 2,"Hàng hóa hàng ngày, giấy tờ khác (quần áo, mắt kính...)",,2022-11-03 00:00:00.000,3394257,"Hàng hóa hàng ngày, giấy tờ khác (quần áo, mắt kính...)",326,Quá hạn,Thuê Vendor tiêu hủy / Quyên góp,Phụ lục 3 (TTLT 18),GE + FPS + Vendor
14/11/2022,587325,1 nón bảo hiểm JOKO màu đen,360468666,HCM-GBC,BAO 19 - BÌ 2,"Hàng hóa hàng ngày, giấy tờ khác (quần áo, mắt kính...)",,2022-11-14 00:00:00.000,587325,"Hàng hóa hàng ngày, giấy tờ khác (quần áo, mắt kính...)",315,Quá hạn,Thuê Vendor tiêu hủy / Quyên góp,Phụ lục 3 (TTLT 18),GE + FPS + Vendor
2022-01-11 00:00:00,127564,"1 túi xách nữ chứa: 1 điện thoại nokia trắng đen bị phù pin, 1 mắt kính, 1 cái mũ kết trắng, 1 áo khoác, 1 dây sạc iphone và 1 số mỹ phẩm (HỦY: mỹ phẩm hết HSD)",354927235,HCM-GBC,BAO 19 - BÌ 2,Thiết bị điện tử có giá,,2022-11-01 00:00:00.000,127564,Thiết bị điện tử có giá,328,Quá hạn,Xóa dữ liệu & Thanh lý / Thuê Vendor hủy,Phụ lục 3 (TTLT 18),GE + FPS + Procurement
17/11/2022,1268147,1 thẻ sinh viên,362587890,HCM-GBC,BAO 19 - BÌ 2,"Hàng hóa hàng ngày, giấy tờ khác (quần áo, mắt kính...)",,2022-11-17 00:00:00.000,1268147,"Hàng hóa hàng ngày, giấy tờ khác (quần áo, mắt kính...)",312,Quá hạn,Thuê Vendor tiêu hủy / Quyên góp,Phụ lục 3 (TTLT 18),GE + FPS + Vendor
27/10/2022,423981,"TS là 1 hộp giấy airpod, không có tai nghe",351839755,HCM-GBC,BÌ 1 - BAO 16,"Hàng hóa hàng ngày, giấy tờ khác (quần áo, mắt kính...)",,2022-10-27 00:00:00.000,423981,"Hàng hóa hàng ngày, giấy tờ khác (quần áo, mắt kính...)",333,Quá hạn,Thuê Vendor tiêu hủy / Quyên góp,Phụ lục 3 (TTLT 18),GE + FPS + Vendor
2022-06-10 00:00:00,2756716,đôngf hồ MVW dây đen,344231242,HCM-GBC,BÌ 1 - BAO 16,Thiết bị điện tử có giá,,2022-10-06 00:00:00.000,2756716,Thiết bị điện tử có giá,354,Quá hạn,Xóa dữ liệu & Thanh lý / Thuê Vendor hủy,Phụ lục 3 (TTLT 18),GE + FPS + Procurement
26/09/2022,3826026,1 bình đựng nước màu xanh,341524173,HCM-GBC,BÌ 1 - BAO 16,"Hàng hóa hàng ngày, giấy tờ khác (quần áo, mắt kính...)",,2022-09-26 00:00:00.000,3826026,"Hàng hóa hàng ngày, giấy tờ khác (quần áo, mắt kính...)",364,Quá hạn,Thuê Vendor tiêu hủy / Quyên góp,Phụ lục 3 (TTLT 18),GE + FPS + Vendor
24/10/2022,1264088,1 nón kết màu xanh,349220720,HCM-GBC,BÌ 1 - BAO 16,"Hàng hóa hàng ngày, giấy tờ khác (quần áo, mắt kính...)",,2022-10-24 00:00:00.000,1264088,"Hàng hóa hàng ngày, giấy tờ khác (quần áo, mắt kính...)",336,Quá hạn,Thuê Vendor tiêu hủy / Quyên góp,Phụ lục 3 (TTLT 18),GE + FPS + Vendor
22/09/2022,6448854,1 cái ví nâu không có gì bên trong,336965209,HCM-GBC,BÌ 1 - BAO 16,"Hàng hóa hàng ngày, giấy tờ khác (quần áo, mắt kính...)",,2022-09-22 00:00:00.000,6448854,"Hàng hóa hàng ngày, giấy tờ khác (quần áo, mắt kính...)",368,Quá hạn,Thuê Vendor tiêu hủy / Quyên góp,Phụ lục 3 (TTLT 18),GE + FPS + Vendor
2022-03-10 00:00:00,3910433,1 nón buck jean,344459368,HCM-GBC,BÌ 1 - BAO 16,"Hàng hóa hàng ngày, giấy tờ khác (quần áo, mắt kính...)",,2022-10-03 00:00:00.000,3910433,"Hàng hóa hàng ngày, giấy tờ khác (quần áo, mắt kính...)",357,Quá hạn,Thuê Vendor tiêu hủy / Quyên góp,Phụ lục 3 (TTLT 18),GE + FPS + Vendor
23/09/2022,5228614,1 dây sạc điện thoại màu trắng,340447324,HCM-GBC,BÌ 1 - BAO 16,"Hàng hóa hàng ngày, giấy tờ khác (quần áo, mắt kính...)",,2022-09-23 00:00:00.000,5228614,"Hàng hóa hàng ngày, giấy tờ khác (quần áo, mắt kính...)",367,Quá hạn,Thuê Vendor tiêu hủy / Quyên góp,Phụ lục 3 (TTLT 18),GE + FPS + Vendor
27/09/2022,2026811,1 bịch gồm 3 hộp hạt điều NXS: 02/2024,340958307,HCM-GBC,BÌ 1 - BAO 16,"Hàng hóa hàng ngày, giấy tờ khác (quần áo, mắt kính...)",,2022-09-27 00:00:00.000,2026811,"Hàng hóa hàng ngày, giấy tờ khác (quần áo, mắt kính...)",363,Quá hạn,Thuê Vendor tiêu hủy / Quyên góp,Phụ lục 3 (TTLT 18),GE + FPS + Vendor
27/09/2022,4125906,"TS là 1 dây đeo màu xanh dương, thẻ chữ H-GANG, Security card -> thẻ chung cư Phú Hưng Thịnh",338244338,HCM-GBC,BÌ 1 - BAO 16,"Hàng hóa hàng ngày, giấy tờ khác (quần áo, mắt kính...)",,2022-09-27 00:00:00.000,4125906,"Hàng hóa hàng ngày, giấy tờ khác (quần áo, mắt kính...)",363,Quá hạn,Thuê Vendor tiêu hủy / Quyên góp,Phụ lục 3 (TTLT 18),GE + FPS + Vendor
2022-05-09 00:00:00,6409605,1 cây thuốc lá MEVIUS (10 GÓI) + 1 hộp quẹt + 2 điếu lẻ,332956383,HCM-GBC,BÌ 1 - BAO 16,"Hàng hóa hàng ngày, giấy tờ khác (quần áo, mắt kính...)",,2022-09-05 00:00:00.000,6409605,"Hàng hóa hàng ngày, giấy tờ khác (quần áo, mắt kính...)",385,Quá hạn,Thuê Vendor tiêu hủy / Quyên góp,Phụ lục 3 (TTLT 18),GE + FPS + Vendor
2022-05-09 00:00:00,6568855,1 Cái váy màu trắng,332091161,HCM-GBC,BÌ 1 - BAO 16,"Hàng hóa hàng ngày, giấy tờ khác (quần áo, mắt kính...)",,2022-09-05 00:00:00.000,6568855,"Hàng hóa hàng ngày, giấy tờ khác (quần áo, mắt kính...)",385,Quá hạn,Thuê Vendor tiêu hủy / Quyên góp,Phụ lục 3 (TTLT 18),GE + FPS + Vendor
2022-12-09 00:00:00,6472248,"1 Túi nilong trắng chứa: 1 hộp muối hồng/cam, 1 ốp lưng và miếng dán cường lực iphone 13promax",335346987,HCM-GBC,BÌ 1 - BAO 16,"Hàng hóa hàng ngày, giấy tờ khác (quần áo, mắt kính...)",,2022-09-12 00:00:00.000,6472248,"Hàng hóa hàng ngày, giấy tờ khác (quần áo, mắt kính...)",378,Quá hạn,Thuê Vendor tiêu hủy / Quyên góp,Phụ lục 3 (TTLT 18),GE + FPS + Vendor
2022-03-10 00:00:00,231979,1 đôi giày nike màu đen,342597892,HCM-GBC,BÌ 5 - BAO 16,"Hàng hóa hàng ngày, giấy tờ khác (quần áo, mắt kính...)",,2022-10-03 00:00:00.000,231979,"Hàng hóa hàng ngày, giấy tờ khác (quần áo, mắt kính...)",357,Quá hạn,Thuê Vendor tiêu hủy / Quyên góp,Phụ lục 3 (TTLT 18),GE + FPS + Vendor
2022-05-10 00:00:00,5029594,"balo 1: sách kinh nhỏ, 1 quyển vở, 1 cuốn giáo lí khai tâm 2, 1 hộp bút màu, 1 hộp sữa, 1 chai nước (sữa + nước: HUỶ)
balo 2: sách kinh nhỏ, 1 quyển vở, 1 cuốn giáo lí khai tâm 2, 1 hộp bút màu, lược, 2 hộp sữa, 1 chai nước ( nước + sữa: HUỶ)",344192479,HCM-GBC,BÌ 5 - BAO 16,"Hàng hóa hàng ngày, giấy tờ khác (quần áo, mắt kính...)",,2022-10-05 00:00:00.000,5029594,"Hàng hóa hàng ngày, giấy tờ khác (quần áo, mắt kính...)",355,Quá hạn,Thuê Vendor tiêu hủy / Quyên góp,Phụ lục 3 (TTLT 18),GE + FPS + Vendor
15/01/2022,3251729,1 tập giấy A3,252784905,HCM-GBC,BÌ 5 - BAO 16,"Hàng hóa hàng ngày, giấy tờ khác (quần áo, mắt kính...)",,2022-01-15 00:00:00.000,3251729,"Hàng hóa hàng ngày, giấy tờ khác (quần áo, mắt kính...)",618,Quá hạn,Thuê Vendor tiêu hủy / Quyên góp,Phụ lục 3 (TTLT 18),GE + FPS + Vendor
24/10/2022,5616253,TS là 1 túi nilong chứa 5 cái chảo nhôm nhiều size,352655355,HCM-GBC,BÌ 5 - BAO 16,"Hàng hóa hàng ngày, giấy tờ khác (quần áo, mắt kính...)",,2022-10-24 00:00:00.000,5616253,"Hàng hóa hàng ngày, giấy tờ khác (quần áo, mắt kính...)",336,Quá hạn,Thuê Vendor tiêu hủy / Quyên góp,Phụ lục 3 (TTLT 18),GE + FPS + Vendor
19/05/2023,1829260,1 nón + 1 quyển vở + đồ chơi gấu + 1 tờ tiền 5k: cặp màu nâu sáng,431824476,HCM-GBC,BÌ 2 - BAO 18,Tiền mặt & giấy tờ cấp bởi CQCN,,2023-05-19 00:00:00.000,1829260,Tiền mặt & giấy tờ cấp bởi CQCN,129,Cần gửi CQNN,Bàn giao CQNN / Ngân hàng,Phụ lục 4 (TTLT 18),COA + Legal + FPS
31/05/2023,4116270,1 mắt kính màu hồng,434984838,HCM-GBC,BÌ 2 - BAO 18,"Hàng hóa hàng ngày, giấy tờ khác (quần áo, mắt kính...)",,2023-05-31 00:00:00.000,4116270,"Hàng hóa hàng ngày, giấy tờ khác (quần áo, mắt kính...)",117,Quá hạn,Thuê Vendor tiêu hủy / Quyên góp,Phụ lục 3 (TTLT 18),GE + FPS + Vendor
26/05/2023,5525385,1 ví màu hồng chứa 100 bath thái,432823399,HCM-GBC,BÌ 2 - BAO 18,Tiền mặt & giấy tờ cấp bởi CQCN,,2023-05-26 00:00:00.000,5525385,Tiền mặt & giấy tờ cấp bởi CQCN,122,Cần gửi CQNN,Bàn giao CQNN / Ngân hàng,Phụ lục 4 (TTLT 18),COA + Legal + FPS
22/05/2023,2246478,1 cái áo nữ màu trắng hoa,432916573,HCM-GBC,BÌ 2 - BAO 18,"Hàng hóa hàng ngày, giấy tờ khác (quần áo, mắt kính...)",,2023-05-22 00:00:00.000,2246478,"Hàng hóa hàng ngày, giấy tờ khác (quần áo, mắt kính...)",126,Quá hạn,Thuê Vendor tiêu hủy / Quyên góp,Phụ lục 3 (TTLT 18),GE + FPS + Vendor
17/05/2023,5258533,"1 hộp trang sức chưa trang sức bạc si, cũ gồm: 2 nhẫn 1 đôi hoa tai, 1 hoa tai rời, 1 dây chuyền (hàng giả)",429735970,HCM-GBC,BÌ 2 - BAO 18,"Hàng hóa hàng ngày, giấy tờ khác (quần áo, mắt kính...)",,2023-05-17 00:00:00.000,5258533,"Hàng hóa hàng ngày, giấy tờ khác (quần áo, mắt kính...)",131,Quá hạn,Thuê Vendor tiêu hủy / Quyên góp,Phụ lục 3 (TTLT 18),GE + FPS + Vendor
22/05/2023,6692605,1 Hộp tai nghe màu đen samsung (có tai nghe),432777088,HCM-GBC,BÌ 2 - BAO 18,"Hàng hóa hàng ngày, giấy tờ khác (quần áo, mắt kính...)",,2023-05-22 00:00:00.000,6692605,"Hàng hóa hàng ngày, giấy tờ khác (quần áo, mắt kính...)",126,Quá hạn,Thuê Vendor tiêu hủy / Quyên góp,Phụ lục 3 (TTLT 18),GE + FPS + Vendor
22/05/2023,318558,1 mắt kính màu trắng,432889446,HCM-GBC,BÌ 2 - BAO 18,"Hàng hóa hàng ngày, giấy tờ khác (quần áo, mắt kính...)",,2023-05-22 00:00:00.000,318558,"Hàng hóa hàng ngày, giấy tờ khác (quần áo, mắt kính...)",126,Quá hạn,Thuê Vendor tiêu hủy / Quyên góp,Phụ lục 3 (TTLT 18),GE + FPS + Vendor
16/05/2023,1255104,1 mắt kính vàng gold,429881989,HCM-GBC,BÌ 2 - BAO 18,"Hàng hóa hàng ngày, giấy tờ khác (quần áo, mắt kính...)",,2023-05-16 00:00:00.000,1255104,"Hàng hóa hàng ngày, giấy tờ khác (quần áo, mắt kính...)",132,Quá hạn,Thuê Vendor tiêu hủy / Quyên góp,Phụ lục 3 (TTLT 18),GE + FPS + Vendor
24/05/2023,6612017,1 chìa khóa ô tô ford,431485244,HCM-GBC,BÌ 2 - BAO 18,"Hàng hóa hàng ngày, giấy tờ khác (quần áo, mắt kính...)",,2023-05-24 00:00:00.000,6612017,"Hàng hóa hàng ngày, giấy tờ khác (quần áo, mắt kính...)",124,Quá hạn,Thuê Vendor tiêu hủy / Quyên góp,Phụ lục 3 (TTLT 18),GE + FPS + Vendor
24/05/2023,572338,1 bình nước màu đen,433168241,HCM-GBC,BÌ 2 - BAO 18,"Hàng hóa hàng ngày, giấy tờ khác (quần áo, mắt kính...)",,2023-05-24 00:00:00.000,572338,"Hàng hóa hàng ngày, giấy tờ khác (quần áo, mắt kính...)",124,Quá hạn,Thuê Vendor tiêu hủy / Quyên góp,Phụ lục 3 (TTLT 18),GE + FPS + Vendor
25/05/2023,5486483,1 bình giữ nhiệt màu đen,433786133,HCM-GBC,BÌ 2 - BAO 18,"Hàng hóa hàng ngày, giấy tờ khác (quần áo, mắt kính...)",,2023-05-25 00:00:00.000,5486483,"Hàng hóa hàng ngày, giấy tờ khác (quần áo, mắt kính...)",123,Quá hạn,Thuê Vendor tiêu hủy / Quyên góp,Phụ lục 3 (TTLT 18),GE + FPS + Vendor
17/05/2023,6833694,1 túi nilong trắng chứa 1 bịch bột (HSD: 15/04/2023) -> HUỶ và tờ giấy noncommercial invoice (hoá đơn 1 USD),431176888,HCM-GBC,BÌ 2 - BAO 18,"Hàng hóa hàng ngày, giấy tờ khác (quần áo, mắt kính...)",,2023-05-17 00:00:00.000,6833694,"Hàng hóa hàng ngày, giấy tờ khác (quần áo, mắt kính...)",131,Quá hạn,Thuê Vendor tiêu hủy / Quyên góp,Phụ lục 3 (TTLT 18),GE + FPS + Vendor
2023-08-05 00:00:00,5369938,1 chai nước cũ -> HUỶ,427884552,HCM-GBC,BÌ 2 - BAO 18,"Hàng hóa hàng ngày, giấy tờ khác (quần áo, mắt kính...)",,2023-05-08 00:00:00.000,5369938,"Hàng hóa hàng ngày, giấy tờ khác (quần áo, mắt kính...)",140,Quá hạn,Thuê Vendor tiêu hủy / Quyên góp,Phụ lục 3 (TTLT 18),GE + FPS + Vendor
31/05/2023,4801399,1 giấy chứng nhận sử dụng đất photo,435499782,HCM-GBC,BÌ 2 - BAO 18,Tiền mặt & giấy tờ cấp bởi CQCN,,2023-05-31 00:00:00.000,4801399,Tiền mặt & giấy tờ cấp bởi CQCN,117,Cần gửi CQNN,Bàn giao CQNN / Ngân hàng,Phụ lục 4 (TTLT 18),COA + Legal + FPS
2023-04-05 00:00:00,6258862,1 túi màu cam chứa hộp bánh pía (HSD:03/07/2023) -> HUỶ và que test covid (HSD: 28/11/2023) -> HUỶ,427093497,HCM-GBC,BÌ 2 - BAO 18,"Hàng hóa hàng ngày, giấy tờ khác (quần áo, mắt kính...)",,2023-05-04 00:00:00.000,6258862,"Hàng hóa hàng ngày, giấy tờ khác (quần áo, mắt kính...)",144,Quá hạn,Thuê Vendor tiêu hủy / Quyên góp,Phụ lục 3 (TTLT 18),GE + FPS + Vendor
2023-11-04 00:00:00,1532325,1 đôi giày màu nâu,418422628,HCM-GBC,BÌ 5 - BAO 18,"Hàng hóa hàng ngày, giấy tờ khác (quần áo, mắt kính...)",,2023-04-11 00:00:00.000,1532325,"Hàng hóa hàng ngày, giấy tờ khác (quần áo, mắt kính...)",167,Quá hạn,Thuê Vendor tiêu hủy / Quyên góp,Phụ lục 3 (TTLT 18),GE + FPS + Vendor
2023-11-04 00:00:00,5525385,1 mắt kinh màu đen,420060146,HCM-GBC,BÌ 5 - BAO 18,"Hàng hóa hàng ngày, giấy tờ khác (quần áo, mắt kính...)",,2023-04-11 00:00:00.000,5525385,"Hàng hóa hàng ngày, giấy tờ khác (quần áo, mắt kính...)",167,Quá hạn,Thuê Vendor tiêu hủy / Quyên góp,Phụ lục 3 (TTLT 18),GE + FPS + Vendor
27/04/2023,5669469,1 chùm chìa khóa,423848515,HCM-GBC,BÌ 5 - BAO 18,"Hàng hóa hàng ngày, giấy tờ khác (quần áo, mắt kính...)",,2023-04-27 00:00:00.000,5669469,"Hàng hóa hàng ngày, giấy tờ khác (quần áo, mắt kính...)",151,Quá hạn,Thuê Vendor tiêu hủy / Quyên góp,Phụ lục 3 (TTLT 18),GE + FPS + Vendor
28/04/2023,512554,thuốc lá đt,425326085,HCM-GBC,BÌ 5 - BAO 18,Thuốc lá điện tử ,,2023-04-28 00:00:00.000,512554,Thuốc lá điện tử,150,Quá hạn,Tự tiêu hủy tại Hub (Chất thải nguy hại),Biên bản tiêu hủy nội bộ,FPS + COA
21/04/2023,5165212,1 ví xanh chứa cục phát wiffi Fuji Soft và 1 cốc sạc smart tek vỏ xanh dương,422601687,HCM-GBC,BÌ 5 - BAO 18,"Hàng hóa hàng ngày, giấy tờ khác (quần áo, mắt kính...)",,2023-04-21 00:00:00.000,5165212,"Hàng hóa hàng ngày, giấy tờ khác (quần áo, mắt kính...)",157,Quá hạn,Thuê Vendor tiêu hủy / Quyên góp,Phụ lục 3 (TTLT 18),GE + FPS + Vendor
25/04/2023 11:50:22,6831531,1 áo thun màu xanh đã cũ,424015200,HCM-GBC,BÌ 5 - BAO 18,"Hàng hóa hàng ngày, giấy tờ khác (quần áo, mắt kính...)",,2023-04-25 11:50:22.000,6831531,"Hàng hóa hàng ngày, giấy tờ khác (quần áo, mắt kính...)",152,Quá hạn,Thuê Vendor tiêu hủy / Quyên góp,Phụ lục 3 (TTLT 18),GE + FPS + Vendor
2023-04-04 00:00:00,1150737,1 tập hồ sơ tuyển dụng công chức 2022,416218254,HCM-GBC,BÌ 5 - BAO 18,"Hàng hóa hàng ngày, giấy tờ khác (quần áo, mắt kính...)",,2023-04-04 00:00:00.000,1150737,"Hàng hóa hàng ngày, giấy tờ khác (quần áo, mắt kính...)",174,Quá hạn,Thuê Vendor tiêu hủy / Quyên góp,Phụ lục 3 (TTLT 18),GE + FPS + Vendor
2023-12-04 00:00:00,1411944,2 đôi dép thương hiệu MWC (dép mới),419393478,HCM-GBC,BÌ 5 - BAO 18,"Hàng hóa hàng ngày, giấy tờ khác (quần áo, mắt kính...)",,2023-04-12 00:00:00.000,1411944,"Hàng hóa hàng ngày, giấy tờ khác (quần áo, mắt kính...)",166,Quá hạn,Thuê Vendor tiêu hủy / Quyên góp,Phụ lục 3 (TTLT 18),GE + FPS + Vendor
18/04/2023,6857339,1 Đồng hồ hiệu Rolex màu vàng,419937249,HCM-GBC,BÌ 5 - BAO 18,Thiết bị điện tử có giá,,2023-04-18 00:00:00.000,6857339,Thiết bị điện tử có giá,160,Quá hạn,Xóa dữ liệu & Thanh lý / Thuê Vendor hủy,Phụ lục 3 (TTLT 18),GE + FPS + Procurement
20/04/2023,4241262,1 bịch chứa thuốc lá điện tử (9 cái thuốc lá + đầu thuốc lá) + miếng lót máy tính size đại,422582121,HCM-GBC,BÌ 5 - BAO 18,Thuốc lá điện tử ,,2023-04-20 00:00:00.000,4241262,Thuốc lá điện tử,158,Quá hạn,Tự tiêu hủy tại Hub (Chất thải nguy hại),Biên bản tiêu hủy nội bộ,FPS + COA
22/12/2022,6653679,1 cuốn sách tiếng hàn màu xanh lá cây,376395082,HCM-GBC,BÌ 1 - BAO 19,"Hàng hóa hàng ngày, giấy tờ khác (quần áo, mắt kính...)",,2022-12-22 00:00:00.000,6653679,"Hàng hóa hàng ngày, giấy tờ khác (quần áo, mắt kính...)",277,Quá hạn,Thuê Vendor tiêu hủy / Quyên góp,Phụ lục 3 (TTLT 18),GE + FPS + Vendor
26/12/2022,1174287,"TS là 1 túi giấy: xấp bao lì xì, 2 quyển sổ",376887500,HCM-GBC,BÌ 1 - BAO 19,"Hàng hóa hàng ngày, giấy tờ khác (quần áo, mắt kính...)",,2022-12-26 00:00:00.000,1174287,"Hàng hóa hàng ngày, giấy tờ khác (quần áo, mắt kính...)",273,Quá hạn,Thuê Vendor tiêu hủy / Quyên góp,Phụ lục 3 (TTLT 18),GE + FPS + Vendor
26/12/2022,1529691,1 mắt kính màu trắng,377850320,HCM-GBC,BÌ 1 - BAO 19,"Hàng hóa hàng ngày, giấy tờ khác (quần áo, mắt kính...)",,2022-12-26 00:00:00.000,1529691,"Hàng hóa hàng ngày, giấy tờ khác (quần áo, mắt kính...)",273,Quá hạn,Thuê Vendor tiêu hủy / Quyên góp,Phụ lục 3 (TTLT 18),GE + FPS + Vendor
21/12/2022,6440731,1 giấy ra viện + đơn thuốc + giấy hẹn tái khám,374098195,HCM-GBC,BÌ 1 - BAO 19,"Hàng hóa hàng ngày, giấy tờ khác (quần áo, mắt kính...)",,2022-12-21 00:00:00.000,6440731,"Hàng hóa hàng ngày, giấy tờ khác (quần áo, mắt kính...)",278,Quá hạn,Thuê Vendor tiêu hủy / Quyên góp,Phụ lục 3 (TTLT 18),GE + FPS + Vendor
20/12/2022 18:42:08,1428989,1 chìa khóa có gắn remote,374651636,HCM-GBC,BÌ 1 - BAO 19,"Hàng hóa hàng ngày, giấy tờ khác (quần áo, mắt kính...)",,2022-12-20 18:42:08.000,1428989,"Hàng hóa hàng ngày, giấy tờ khác (quần áo, mắt kính...)",278,Quá hạn,Thuê Vendor tiêu hủy / Quyên góp,Phụ lục 3 (TTLT 18),GE + FPS + Vendor
20/04/2021,2555040,1 nón kết màu xanh dương,187449650,HCM-GBC,BÌ 3 - BAO 19,"Hàng hóa hàng ngày, giấy tờ khác (quần áo, mắt kính...)",,2021-04-20 00:00:00.000,2555040,"Hàng hóa hàng ngày, giấy tờ khác (quần áo, mắt kính...)",888,Quá hạn,Thuê Vendor tiêu hủy / Quyên góp,Phụ lục 3 (TTLT 18),GE + FPS + Vendor
2021-05-05 00:00:00,348501,1 Hộp phấn hồng,190769787,HCM-GBC,BÌ 3 - BAO 19,"Hàng hóa hàng ngày, giấy tờ khác (quần áo, mắt kính...)",,2021-05-05 00:00:00.000,348501,"Hàng hóa hàng ngày, giấy tờ khác (quần áo, mắt kính...)",873,Quá hạn,Thuê Vendor tiêu hủy / Quyên góp,Phụ lục 3 (TTLT 18),GE + FPS + Vendor
2022-09-05 00:00:00,5112947,1 thẻ từ xe máy,289166233,HCM-GBC,BÌ 3 - BAO 19,"Hàng hóa hàng ngày, giấy tờ khác (quần áo, mắt kính...)",,2022-05-09 00:00:00.000,5112947,"Hàng hóa hàng ngày, giấy tờ khác (quần áo, mắt kính...)",504,Quá hạn,Thuê Vendor tiêu hủy / Quyên góp,Phụ lục 3 (TTLT 18),GE + FPS + Vendor
20/04/2021,1182055,1 chùm chìa khóa có dây màu đỏ,187319989,HCM-GBC,BÌ 3 - BAO 19,"Hàng hóa hàng ngày, giấy tờ khác (quần áo, mắt kính...)",,2021-04-20 00:00:00.000,1182055,"Hàng hóa hàng ngày, giấy tờ khác (quần áo, mắt kính...)",888,Quá hạn,Thuê Vendor tiêu hủy / Quyên góp,Phụ lục 3 (TTLT 18),GE + FPS + Vendor
2021-06-04 00:00:00,5341221,1 kính cận đen vàng,185086357,HCM-GBC,BÌ 3 - BAO 19,"Hàng hóa hàng ngày, giấy tờ khác (quần áo, mắt kính...)",,2021-04-06 00:00:00.000,5341221,"Hàng hóa hàng ngày, giấy tờ khác (quần áo, mắt kính...)",902,Quá hạn,Thuê Vendor tiêu hủy / Quyên góp,Phụ lục 3 (TTLT 18),GE + FPS + Vendor
17/05/2021,5707485,1 bịch niloong trắng chứa 2 áo thun màu đen rabbit hồng,192768724,HCM-GBC,BÌ 3 - BAO 19,"Hàng hóa hàng ngày, giấy tờ khác (quần áo, mắt kính...)",,2021-05-17 00:00:00.000,5707485,"Hàng hóa hàng ngày, giấy tờ khác (quần áo, mắt kính...)",861,Quá hạn,Thuê Vendor tiêu hủy / Quyên góp,Phụ lục 3 (TTLT 18),GE + FPS + Vendor
19/04/2021,1958340,1  cây dù mày hồng,187673468,HCM-GBC,BÌ 3 - BAO 19,"Hàng hóa hàng ngày, giấy tờ khác (quần áo, mắt kính...)",,2021-04-19 00:00:00.000,1958340,"Hàng hóa hàng ngày, giấy tờ khác (quần áo, mắt kính...)",889,Quá hạn,Thuê Vendor tiêu hủy / Quyên góp,Phụ lục 3 (TTLT 18),GE + FPS + Vendor
23/04/2021,5696138,1 bình nhựa đựng nước màu hồng.,188316248,HCM-GBC,BÌ 3 - BAO 19,"Hàng hóa hàng ngày, giấy tờ khác (quần áo, mắt kính...)",,2021-04-23 00:00:00.000,5696138,"Hàng hóa hàng ngày, giấy tờ khác (quần áo, mắt kính...)",885,Quá hạn,Thuê Vendor tiêu hủy / Quyên góp,Phụ lục 3 (TTLT 18),GE + FPS + Vendor
2021-11-05 00:00:00,1275811,3 hộp bút chì màu,191608369,HCM-GBC,BÌ 3 - BAO 19,"Hàng hóa hàng ngày, giấy tờ khác (quần áo, mắt kính...)",,2021-05-11 00:00:00.000,1275811,"Hàng hóa hàng ngày, giấy tờ khác (quần áo, mắt kính...)",867,Quá hạn,Thuê Vendor tiêu hủy / Quyên góp,Phụ lục 3 (TTLT 18),GE + FPS + Vendor
21/05/2021,188927,chùm chìa khóa,193658052,HCM-GBC,BÌ 3 - BAO 19,"Hàng hóa hàng ngày, giấy tờ khác (quần áo, mắt kính...)",,2021-05-21 00:00:00.000,188927,"Hàng hóa hàng ngày, giấy tờ khác (quần áo, mắt kính...)",857,Quá hạn,Thuê Vendor tiêu hủy / Quyên góp,Phụ lục 3 (TTLT 18),GE + FPS + Vendor
2021-07-05 00:00:00,5258509,1 bịch áo thun,191164528,HCM-GBC,BÌ 3 - BAO 19,"Hàng hóa hàng ngày, giấy tờ khác (quần áo, mắt kính...)",,2021-05-07 00:00:00.000,5258509,"Hàng hóa hàng ngày, giấy tờ khác (quần áo, mắt kính...)",871,Quá hạn,Thuê Vendor tiêu hủy / Quyên góp,Phụ lục 3 (TTLT 18),GE + FPS + Vendor
30/03/2021,2194987,"TS la 1 bịch đen chứa: 1 bịch ổi -> ĐÃ HUỶ, 1 áo đen + quần trắng + quần chip, 1 đôi giày màu trắng, 1 hủ mắm -> ĐÃ HUỶ",183772314,HCM-GBC,BÌ 3 - BAO 19,"Hàng hóa hàng ngày, giấy tờ khác (quần áo, mắt kính...)",,2021-03-30 00:00:00.000,2194987,"Hàng hóa hàng ngày, giấy tờ khác (quần áo, mắt kính...)",909,Quá hạn,Thuê Vendor tiêu hủy / Quyên góp,Phụ lục 3 (TTLT 18),GE + FPS + Vendor
21/11/2022 20:49:50,6581031,1 phong thư EMS chứa giấy biên nhận thế chấp VIB,364140416,HCM-GBC,BAO 19 - LẺ,"Hàng hóa hàng ngày, giấy tờ khác (quần áo, mắt kính...)",,2022-11-21 20:49:50.000,6581031,"Hàng hóa hàng ngày, giấy tờ khác (quần áo, mắt kính...)",307,Quá hạn,Thuê Vendor tiêu hủy / Quyên góp,Phụ lục 3 (TTLT 18),GE + FPS + Vendor
14/11/2022,6548631,1 HỘP QUÀ màu xanh: ốp điện thoại iphone,360606488,HCM-GBC,BAO 19 - LẺ,"Hàng hóa hàng ngày, giấy tờ khác (quần áo, mắt kính...)",,2022-11-14 00:00:00.000,6548631,"Hàng hóa hàng ngày, giấy tờ khác (quần áo, mắt kính...)",315,Quá hạn,Thuê Vendor tiêu hủy / Quyên góp,Phụ lục 3 (TTLT 18),GE + FPS + Vendor
2022-10-11 00:00:00,2165302,bình nước giữ nhiệt màu xanh đen,358763345,HCM-GBC,BAO 19 - LẺ,"Hàng hóa hàng ngày, giấy tờ khác (quần áo, mắt kính...)",,2022-11-10 00:00:00.000,2165302,"Hàng hóa hàng ngày, giấy tờ khác (quần áo, mắt kính...)",319,Quá hạn,Thuê Vendor tiêu hủy / Quyên góp,Phụ lục 3 (TTLT 18),GE + FPS + Vendor
2022-12-22 00:00:00,2246482,quyển lịch và 1 quyển sổ tay -> HUỶ LỊCH,373400316,HCM-GBC,BAO 21 - LẺ,"Hàng hóa hàng ngày, giấy tờ khác (quần áo, mắt kính...)",,2022-12-22 00:00:00.000,2246482,"Hàng hóa hàng ngày, giấy tờ khác (quần áo, mắt kính...)",277,Quá hạn,Thuê Vendor tiêu hủy / Quyên góp,Phụ lục 3 (TTLT 18),GE + FPS + Vendor
2022-12-02 00:00:00,5158597,1 MŨ BH 3/4,368567915,HCM-GBC,BAO 21 - LẺ,"Hàng hóa hàng ngày, giấy tờ khác (quần áo, mắt kính...)",,2022-02-12 00:00:00.000,5158597,"Hàng hóa hàng ngày, giấy tờ khác (quần áo, mắt kính...)",590,Quá hạn,Thuê Vendor tiêu hủy / Quyên góp,Phụ lục 3 (TTLT 18),GE + FPS + Vendor
13/12/2022,2383027,1 túi đồ màu đen bên trong có 1 cái quần màu xám và 1 dây nịt,372304297,HCM-GBC,BAO 21 - LẺ,"Hàng hóa hàng ngày, giấy tờ khác (quần áo, mắt kính...)",,2022-12-13 00:00:00.000,2383027,"Hàng hóa hàng ngày, giấy tờ khác (quần áo, mắt kính...)",286,Quá hạn,Thuê Vendor tiêu hủy / Quyên góp,Phụ lục 3 (TTLT 18),GE + FPS + Vendor
20/12/2022,6691565,"1 balo màu đỏ đen: bình nước màu hồng, đồng bạc xu của TQ, 1 nón pikachu vàng, 1 bịch khẩu trang, 1 áo khoác, dụng cụ học tập",372148588,HCM-GBC,BAO 21 - LẺ,"Hàng hóa hàng ngày, giấy tờ khác (quần áo, mắt kính...)",,2022-12-20 00:00:00.000,6691565,"Hàng hóa hàng ngày, giấy tờ khác (quần áo, mắt kính...)",279,Quá hạn,Thuê Vendor tiêu hủy / Quyên góp,Phụ lục 3 (TTLT 18),GE + FPS + Vendor
2022-05-12 00:00:00,3127864,"1 túi màu đen bên trong có quần áo 
Cavet xe số M384039 NGUYỄN THỊ HỒNG (ngày cấp: 23/06/2003)  
CCCD 083150009043 NGUYỄN THỊ HỒNG (ngày cấp: 13/02/2022) 
BHYT KC4838321427264 NGUYỄN THỊ HỒNG (ngày cấp: 05/12/2018)
BHYT KC2830100300008 NGUYỄN THỊ HỒNG (ngày cấp: 17/12/2015)
3 chai nước -> HUỶ",368851922,HCM-GBC,BAO 21 - LẺ,Tiền mặt & giấy tờ cấp bởi CQCN,,2022-12-05 00:00:00.000,3127864,Tiền mặt & giấy tờ cấp bởi CQCN,294,Cần gửi CQNN,Bàn giao CQNN / Ngân hàng,Phụ lục 4 (TTLT 18),COA + Legal + FPS
2022-09-26 00:00:00,5770127,son (04/06/2023) + Nươcs yến (27/07/2024) -> HUỶ YẾN + SON,341235199,HCM-GBC,BAO 24 + LẺ,"Hàng hóa hàng ngày, giấy tờ khác (quần áo, mắt kính...)",,2022-09-26 00:00:00.000,5770127,"Hàng hóa hàng ngày, giấy tờ khác (quần áo, mắt kính...)",364,Quá hạn,Thuê Vendor tiêu hủy / Quyên góp,Phụ lục 3 (TTLT 18),GE + FPS + Vendor
15/11/2022,6528158,1 cặp học sinh,360389617,HCM-GBC,BAO 25 + LẺ,"Hàng hóa hàng ngày, giấy tờ khác (quần áo, mắt kính...)",,2022-11-15 00:00:00.000,6528158,"Hàng hóa hàng ngày, giấy tờ khác (quần áo, mắt kính...)",314,Quá hạn,Thuê Vendor tiêu hủy / Quyên góp,Phụ lục 3 (TTLT 18),GE + FPS + Vendor
2022-11-01 00:00:00,6617623,"1 balo túi rút:
+ 12k
vật dụng cá nhân + đồ bơi + chai rượu vodka (hsd: ko có thời hạn) + 1 strongbow (30/07/2023) + 1 lon larue (10/08/2023) + 2 bịch kẹo dừa (24/10/2022) + sạc dự phòng + dây sạc và củ iphone + 1 kcn (hsd: 07/2021) + tai nghe bluetooth đen + 1 bình giữ nhiệt màu đen
=> HUỶ STRONGBOW + BIA LARUE + KẸO DỪA + KCN",356132419,HCM-GBC,BAO 25 + LẺ,Tiền mặt & giấy tờ cấp bởi CQCN,,2022-01-11 00:00:00.000,6617623,Tiền mặt & giấy tờ cấp bởi CQCN,622,Cần gửi CQNN,Bàn giao CQNN / Ngân hàng,Phụ lục 4 (TTLT 18),COA + Legal + FPS
2022-11-30 00:00:00,740845,thuốc lá điện tử,367754069,HCM-GBC,BAO 27 - LẺ,Thuốc lá điện tử ,,2022-11-30 00:00:00.000,740845,Thuốc lá điện tử,299,Quá hạn,Tự tiêu hủy tại Hub (Chất thải nguy hại),Biên bản tiêu hủy nội bộ,FPS + COA
2022-11-11 00:00:00,5686710,áo mưa,348425553‬,HCM-GBC,BAO 27 - LẺ,"Hàng hóa hàng ngày, giấy tờ khác (quần áo, mắt kính...)",,2022-11-11 00:00:00.000,5686710,"Hàng hóa hàng ngày, giấy tờ khác (quần áo, mắt kính...)",318,Quá hạn,Thuê Vendor tiêu hủy / Quyên góp,Phụ lục 3 (TTLT 18),GE + FPS + Vendor
2022-01-11 00:00:00,2185128,1 nón màu trắng hồng,355106003‬,HCM-GBC,BAO 27 - LẺ,"Hàng hóa hàng ngày, giấy tờ khác (quần áo, mắt kính...)",,2022-11-01 00:00:00.000,2185128,"Hàng hóa hàng ngày, giấy tờ khác (quần áo, mắt kính...)",328,Quá hạn,Thuê Vendor tiêu hủy / Quyên góp,Phụ lục 3 (TTLT 18),GE + FPS + Vendor
29/11/2022,4773819,1 nón BH màu xanh,366786929,HCM-GBC,BAO 27 - LẺ,"Hàng hóa hàng ngày, giấy tờ khác (quần áo, mắt kính...)",,2022-11-29 00:00:00.000,4773819,"Hàng hóa hàng ngày, giấy tờ khác (quần áo, mắt kính...)",300,Quá hạn,Thuê Vendor tiêu hủy / Quyên góp,Phụ lục 3 (TTLT 18),GE + FPS + Vendor
2022-11-26 00:00:00,6596225,1 bình nước màu tím,366148278,HCM-GBC,BAO 27 - LẺ,"Hàng hóa hàng ngày, giấy tờ khác (quần áo, mắt kính...)",,2022-11-26 00:00:00.000,6596225,"Hàng hóa hàng ngày, giấy tờ khác (quần áo, mắt kính...)",303,Quá hạn,Thuê Vendor tiêu hủy / Quyên góp,Phụ lục 3 (TTLT 18),GE + FPS + Vendor
2022-11-10 00:00:00,6158131,Hộp quà Aston Mastin màu xanh: ví màu đen,359587069,HCM-GBC,BAO 27 - LẺ,"Hàng hóa hàng ngày, giấy tờ khác (quần áo, mắt kính...)",,2022-10-11 00:00:00.000,6158131,"Hàng hóa hàng ngày, giấy tờ khác (quần áo, mắt kính...)",349,Quá hạn,Thuê Vendor tiêu hủy / Quyên góp,Phụ lục 3 (TTLT 18),GE + FPS + Vendor
2022-07-11 00:00:00,5253492,thuốc lá điện tử,358445274,HCM-GBC,BAO 27 - LẺ,Thuốc lá điện tử ,,2022-11-07 00:00:00.000,5253492,Thuốc lá điện tử,322,Quá hạn,Tự tiêu hủy tại Hub (Chất thải nguy hại),Biên bản tiêu hủy nội bộ,FPS + COA
21/11/2022,691908,chùm chìa khoá,362803134,HCM-GBC,BAO 27 - LẺ,"Hàng hóa hàng ngày, giấy tờ khác (quần áo, mắt kính...)",,2022-11-21 00:00:00.000,691908,"Hàng hóa hàng ngày, giấy tờ khác (quần áo, mắt kính...)",308,Quá hạn,Thuê Vendor tiêu hủy / Quyên góp,Phụ lục 3 (TTLT 18),GE + FPS + Vendor
2022-11-01 00:00:00,502969,áo khoác màu xanh,351270128,HCM-GBC,BAO 27 - LẺ,"Hàng hóa hàng ngày, giấy tờ khác (quần áo, mắt kính...)",,2022-01-11 00:00:00.000,502969,"Hàng hóa hàng ngày, giấy tờ khác (quần áo, mắt kính...)",622,Quá hạn,Thuê Vendor tiêu hủy / Quyên góp,Phụ lục 3 (TTLT 18),GE + FPS + Vendor
2022-11-04 00:00:00,3829103,1 túi đồ màu trắng: đồ địu em bé,355965986,HCM-GBC,BAO 27 - LẺ,"Hàng hóa hàng ngày, giấy tờ khác (quần áo, mắt kính...)",,2022-04-11 00:00:00.000,3829103,"Hàng hóa hàng ngày, giấy tờ khác (quần áo, mắt kính...)",532,Quá hạn,Thuê Vendor tiêu hủy / Quyên góp,Phụ lục 3 (TTLT 18),GE + FPS + Vendor
2022-11-25 08:46:37,2097850,1 hộp nhựa LocknLock đen,360655195,HCM-GBC,BAO 27 - LẺ,"Hàng hóa hàng ngày, giấy tờ khác (quần áo, mắt kính...)",,2022-11-25 08:46:37.000,2097850,"Hàng hóa hàng ngày, giấy tờ khác (quần áo, mắt kính...)",303,Quá hạn,Thuê Vendor tiêu hủy / Quyên góp,Phụ lục 3 (TTLT 18),GE + FPS + Vendor
2022-11-11 00:00:00,5686710,áo khoác đen,360070045,HCM-GBC,BAO 27 - LẺ,"Hàng hóa hàng ngày, giấy tờ khác (quần áo, mắt kính...)",,2022-11-11 00:00:00.000,5686710,"Hàng hóa hàng ngày, giấy tờ khác (quần áo, mắt kính...)",318,Quá hạn,Thuê Vendor tiêu hủy / Quyên góp,Phụ lục 3 (TTLT 18),GE + FPS + Vendor
15/11/2022,4833494,5 lon bia: 4 lon tiger (29/07/2023)  + 1 lon 333 (03/08/2022) -> HUỶ,361226620,HCM-GBC,BAO 27 - LẺ,"Hàng hóa hàng ngày, giấy tờ khác (quần áo, mắt kính...)",,2022-11-15 00:00:00.000,4833494,"Hàng hóa hàng ngày, giấy tờ khác (quần áo, mắt kính...)",314,Quá hạn,Thuê Vendor tiêu hủy / Quyên góp,Phụ lục 3 (TTLT 18),GE + FPS + Vendor
30/11/2022,1966683,1 chùm chìa khóa + 1 cục nam châm,363712515,HCM-GBC,BAO 27 - LẺ,"Hàng hóa hàng ngày, giấy tờ khác (quần áo, mắt kính...)",,2022-11-30 00:00:00.000,1966683,"Hàng hóa hàng ngày, giấy tờ khác (quần áo, mắt kính...)",299,Quá hạn,Thuê Vendor tiêu hủy / Quyên góp,Phụ lục 3 (TTLT 18),GE + FPS + Vendor
2022-11-24 00:00:00,5686710,cây dù đỏ,364938175,HCM-GBC,BAO 27 - LẺ,"Hàng hóa hàng ngày, giấy tờ khác (quần áo, mắt kính...)",,2022-11-24 00:00:00.000,5686710,"Hàng hóa hàng ngày, giấy tờ khác (quần áo, mắt kính...)",305,Quá hạn,Thuê Vendor tiêu hủy / Quyên góp,Phụ lục 3 (TTLT 18),GE + FPS + Vendor
18/11/2022,6632137,1 bịch trà và mật ong （không có hsd),362734498,HCM-GBC,BAO 27 - LẺ,"Hàng hóa hàng ngày, giấy tờ khác (quần áo, mắt kính...)",,2022-11-18 00:00:00.000,6632137,"Hàng hóa hàng ngày, giấy tờ khác (quần áo, mắt kính...)",311,Quá hạn,Thuê Vendor tiêu hủy / Quyên góp,Phụ lục 3 (TTLT 18),GE + FPS + Vendor
2022-10-11 00:00:00,4204796,1 nón bảo hiểm 3/4 màu đen,358782366,HCM-GBC,BAO 27 - LẺ,"Hàng hóa hàng ngày, giấy tờ khác (quần áo, mắt kính...)",,2022-11-10 00:00:00.000,4204796,"Hàng hóa hàng ngày, giấy tờ khác (quần áo, mắt kính...)",319,Quá hạn,Thuê Vendor tiêu hủy / Quyên góp,Phụ lục 3 (TTLT 18),GE + FPS + Vendor
2022-03-11 00:00:00,6614608,1 túi đựng cơm bên trong có 3 hộp thủy tinh (LÊN DÒI)-> HUỶ ,356426421,HCM-GBC,BAO 27 - LẺ,"Hàng hóa hàng ngày, giấy tờ khác (quần áo, mắt kính...)",,2022-11-03 00:00:00.000,6614608,"Hàng hóa hàng ngày, giấy tờ khác (quần áo, mắt kính...)",326,Quá hạn,Thuê Vendor tiêu hủy / Quyên góp,Phụ lục 3 (TTLT 18),GE + FPS + Vendor
30/03/2023,6764515,1 túi đeo nữ + 1 chìa khóa,413540553,HCM-GBC,BAO 28 - BÌ 2,"Hàng hóa hàng ngày, giấy tờ khác (quần áo, mắt kính...)",,2023-03-30 00:00:00.000,6764515,"Hàng hóa hàng ngày, giấy tờ khác (quần áo, mắt kính...)",179,Quá hạn,Thuê Vendor tiêu hủy / Quyên góp,Phụ lục 3 (TTLT 18),GE + FPS + Vendor
2023-03-03 00:00:00,2159106,3 hộp thuốc,405495932,HCM-GBC,BAO 28 - BÌ 2,"Hàng hóa hàng ngày, giấy tờ khác (quần áo, mắt kính...)",,2023-03-03 00:00:00.000,2159106,"Hàng hóa hàng ngày, giấy tờ khác (quần áo, mắt kính...)",206,Quá hạn,Thuê Vendor tiêu hủy / Quyên góp,Phụ lục 3 (TTLT 18),GE + FPS + Vendor
29/03/2023,5657242,cái balo màu đen,414253306,HCM-GBC,BAO 28 - BÌ 2,"Hàng hóa hàng ngày, giấy tờ khác (quần áo, mắt kính...)",,2023-03-29 00:00:00.000,5657242,"Hàng hóa hàng ngày, giấy tờ khác (quần áo, mắt kính...)",180,Quá hạn,Thuê Vendor tiêu hủy / Quyên góp,Phụ lục 3 (TTLT 18),GE + FPS + Vendor
31/03/2023,2525084,1 bình nước Lock&Lock màu xám,415974348,HCM-GBC,BAO 28 - BÌ 2,"Hàng hóa hàng ngày, giấy tờ khác (quần áo, mắt kính...)",,2023-03-31 00:00:00.000,2525084,"Hàng hóa hàng ngày, giấy tờ khác (quần áo, mắt kính...)",178,Quá hạn,Thuê Vendor tiêu hủy / Quyên góp,Phụ lục 3 (TTLT 18),GE + FPS + Vendor
2023-07-03 00:00:00,6655784,"1 túi màu đen ( 1 chùm chìa khóa, 2 cây son, khẩu trang, 165k tiền mặt)",406888368,HCM-GBC,BAO 28 - BÌ 2,"Hàng hóa hàng ngày, giấy tờ khác (quần áo, mắt kính...)",,2023-03-07 00:00:00.000,6655784,"Hàng hóa hàng ngày, giấy tờ khác (quần áo, mắt kính...)",202,Quá hạn,Thuê Vendor tiêu hủy / Quyên góp,Phụ lục 3 (TTLT 18),GE + FPS + Vendor
28/03/2023,4562473,1 túi đồ (1 caravat + 1 áo thun),414394934,HCM-GBC,BAO 28 - BÌ 2,"Hàng hóa hàng ngày, giấy tờ khác (quần áo, mắt kính...)",,2023-03-28 00:00:00.000,4562473,"Hàng hóa hàng ngày, giấy tờ khác (quần áo, mắt kính...)",181,Quá hạn,Thuê Vendor tiêu hủy / Quyên góp,Phụ lục 3 (TTLT 18),GE + FPS + Vendor
2023-06-03 00:00:00,180652,1 sổ tay,405385706,HCM-GBC,BAO 28 - BÌ 3,"Hàng hóa hàng ngày, giấy tờ khác (quần áo, mắt kính...)",,2023-03-06 00:00:00.000,180652,"Hàng hóa hàng ngày, giấy tờ khác (quần áo, mắt kính...)",203,Quá hạn,Thuê Vendor tiêu hủy / Quyên góp,Phụ lục 3 (TTLT 18),GE + FPS + Vendor
2023-09-20 16:23:05,5525385,1 mắt kinh,474803803,HCM-GBC,BAO 28 - BÌ 3,"Hàng hóa hàng ngày, giấy tờ khác (quần áo, mắt kính...)",,2023-09-20 16:23:05.000,5525385,"Hàng hóa hàng ngày, giấy tờ khác (quần áo, mắt kính...)",4,Còn hạn,Thuê Vendor tiêu hủy / Quyên góp,Phụ lục 3 (TTLT 18),GE + FPS + Vendor
2023-08-03 00:00:00,1099906,1 thuốc lá điện tử,407054235,HCM-GBC,BAO 28 - BÌ 3,Thuốc lá điện tử ,,2023-03-08 00:00:00.000,1099906,Thuốc lá điện tử,201,Quá hạn,Tự tiêu hủy tại Hub (Chất thải nguy hại),Biên bản tiêu hủy nội bộ,FPS + COA
2023-02-03 00:00:00,545078,1 cái khăn choàng màu đen,405456450,HCM-GBC,BAO 28 - BÌ 3,"Hàng hóa hàng ngày, giấy tờ khác (quần áo, mắt kính...)",,2023-03-02 00:00:00.000,545078,"Hàng hóa hàng ngày, giấy tờ khác (quần áo, mắt kính...)",207,Quá hạn,Thuê Vendor tiêu hủy / Quyên góp,Phụ lục 3 (TTLT 18),GE + FPS + Vendor
2023-02-03 00:00:00,2288439,1 áo khoác màu đen,404539810,HCM-GBC,BAO 28 - BÌ 3,"Hàng hóa hàng ngày, giấy tờ khác (quần áo, mắt kính...)",,2023-03-02 00:00:00.000,2288439,"Hàng hóa hàng ngày, giấy tờ khác (quần áo, mắt kính...)",207,Quá hạn,Thuê Vendor tiêu hủy / Quyên góp,Phụ lục 3 (TTLT 18),GE + FPS + Vendor
2023-07-03 00:00:00,5730919,1 nón full màu đỏ,405269260,HCM-GBC,BAO 28 - BÌ 3,"Hàng hóa hàng ngày, giấy tờ khác (quần áo, mắt kính...)",,2023-03-07 00:00:00.000,5730919,"Hàng hóa hàng ngày, giấy tờ khác (quần áo, mắt kính...)",202,Quá hạn,Thuê Vendor tiêu hủy / Quyên góp,Phụ lục 3 (TTLT 18),GE + FPS + Vendor
31/03/2023,2525084,1 chùm chìa khóa,415974838,HCM-GBC,BAO 28 - BÌ 3,"Hàng hóa hàng ngày, giấy tờ khác (quần áo, mắt kính...)",,2023-03-31 00:00:00.000,2525084,"Hàng hóa hàng ngày, giấy tờ khác (quần áo, mắt kính...)",178,Quá hạn,Thuê Vendor tiêu hủy / Quyên góp,Phụ lục 3 (TTLT 18),GE + FPS + Vendor
2022-12-20 00:00:00,509165,"cái balo => HỦY: đổ nước, chèm nhẹp",374098109,HCM-GBC,BAO 21 - BÌ 1,"Hàng hóa hàng ngày, giấy tờ khác (quần áo, mắt kính...)",,2022-12-20 00:00:00.000,509165,"Hàng hóa hàng ngày, giấy tờ khác (quần áo, mắt kính...)",279,Quá hạn,Thuê Vendor tiêu hủy / Quyên góp,Phụ lục 3 (TTLT 18),GE + FPS + Vendor
,5137722,1 túi đồ trong đó có kem đánh răng => HỦY: chảy nước,378501352,HCM-GBC,BAO 21 - BÌ 1,"Hàng hóa hàng ngày, giấy tờ khác (quần áo, mắt kính...)",,,5137722,"Hàng hóa hàng ngày, giấy tờ khác (quần áo, mắt kính...)",999,Quá hạn,Thuê Vendor tiêu hủy / Quyên góp,Phụ lục 3 (TTLT 18),GE + FPS + Vendor
21/12/2022,4635815,cục sạt Earldom màu trắng đã qua sử dụng,374972698,HCM-GBC,BAO 21 - BÌ 1,"Hàng hóa hàng ngày, giấy tờ khác (quần áo, mắt kính...)",,2022-12-21 00:00:00.000,4635815,"Hàng hóa hàng ngày, giấy tờ khác (quần áo, mắt kính...)",278,Quá hạn,Thuê Vendor tiêu hủy / Quyên góp,Phụ lục 3 (TTLT 18),GE + FPS + Vendor
2022-12-29 00:00:00,3627594,"1 cục sạc dự phòng, 1 cốc sạc, 1 dây sạc",378446165,HCM-GBC,BAO 21 - BÌ 1,"Hàng hóa hàng ngày, giấy tờ khác (quần áo, mắt kính...)",,2022-12-29 00:00:00.000,3627594,"Hàng hóa hàng ngày, giấy tờ khác (quần áo, mắt kính...)",270,Quá hạn,Thuê Vendor tiêu hủy / Quyên góp,Phụ lục 3 (TTLT 18),GE + FPS + Vendor
,6677025,"1 túi đồ bên trong có 1 cái gối, 1 cuốn lịch và bao lì xì.=> HỦY: lịch 2023",370998769,HCM-GBC,BAO 21 - BÌ 1,"Hàng hóa hàng ngày, giấy tờ khác (quần áo, mắt kính...)",,,6677025,"Hàng hóa hàng ngày, giấy tờ khác (quần áo, mắt kính...)",999,Quá hạn,Thuê Vendor tiêu hủy / Quyên góp,Phụ lục 3 (TTLT 18),GE + FPS + Vendor
2022-12-29 00:00:00,1395079,1 túi màu xanh + 1 dù + 1 chai nước => HỦY: chai nước,381595801‬,HCM-GBC,BAO 21 - BÌ 1,"Hàng hóa hàng ngày, giấy tờ khác (quần áo, mắt kính...)",,2022-12-29 00:00:00.000,1395079,"Hàng hóa hàng ngày, giấy tờ khác (quần áo, mắt kính...)",270,Quá hạn,Thuê Vendor tiêu hủy / Quyên góp,Phụ lục 3 (TTLT 18),GE + FPS + Vendor
2022-01-12 00:00:00,5284932,1 tui trong màu hồng + lược + nước rửa tay + kiếng,363930433,HCM-GBC,BAO 21 - BÌ 1,"Hàng hóa hàng ngày, giấy tờ khác (quần áo, mắt kính...)",,2022-12-01 00:00:00.000,5284932,"Hàng hóa hàng ngày, giấy tờ khác (quần áo, mắt kính...)",298,Quá hạn,Thuê Vendor tiêu hủy / Quyên góp,Phụ lục 3 (TTLT 18),GE + FPS + Vendor
2022-12-26 00:00:00,4069559,1 hộp quà màu xanh chứa ly sứ,374177785,HCM-GBC,BAO 21 - BÌ 1,"Hàng hóa hàng ngày, giấy tờ khác (quần áo, mắt kính...)",,2022-12-26 00:00:00.000,4069559,"Hàng hóa hàng ngày, giấy tờ khác (quần áo, mắt kính...)",273,Quá hạn,Thuê Vendor tiêu hủy / Quyên góp,Phụ lục 3 (TTLT 18),GE + FPS + Vendor
,572338,1 chai tinh dầu tóc màu đen,371520725,HCM-GBC,BAO 21 - BÌ 1,"Hàng hóa hàng ngày, giấy tờ khác (quần áo, mắt kính...)",,,572338,"Hàng hóa hàng ngày, giấy tờ khác (quần áo, mắt kính...)",999,Quá hạn,Thuê Vendor tiêu hủy / Quyên góp,Phụ lục 3 (TTLT 18),GE + FPS + Vendor
2022-12-08 00:00:00,5517893,1 quyển số,370484578,HCM-GBC,BAO 21 - BÌ 1,"Hàng hóa hàng ngày, giấy tờ khác (quần áo, mắt kính...)",,2022-08-12 00:00:00.000,5517893,"Hàng hóa hàng ngày, giấy tờ khác (quần áo, mắt kính...)",409,Quá hạn,Thuê Vendor tiêu hủy / Quyên góp,Phụ lục 3 (TTLT 18),GE + FPS + Vendor
2022-08-12 00:00:00,1461253,1 ly LocknLock màu hồng đã qua sử dụng,370622618,HCM-GBC,BAO 21 - BÌ 1,"Hàng hóa hàng ngày, giấy tờ khác (quần áo, mắt kính...)",,2022-12-08 00:00:00.000,1461253,"Hàng hóa hàng ngày, giấy tờ khác (quần áo, mắt kính...)",291,Quá hạn,Thuê Vendor tiêu hủy / Quyên góp,Phụ lục 3 (TTLT 18),GE + FPS + Vendor
15/12/2022,5114751,1 tai nghe màu trắng,370682735,HCM-GBC,BAO 21 - BÌ 1,"Hàng hóa hàng ngày, giấy tờ khác (quần áo, mắt kính...)",,2022-12-15 00:00:00.000,5114751,"Hàng hóa hàng ngày, giấy tờ khác (quần áo, mắt kính...)",284,Quá hạn,Thuê Vendor tiêu hủy / Quyên góp,Phụ lục 3 (TTLT 18),GE + FPS + Vendor
2022-09-12 00:00:00,4759839,1 túi màu đen bên trong là 2 cái áo,370999298,HCM-GBC,BAO 21 - BÌ 1,"Hàng hóa hàng ngày, giấy tờ khác (quần áo, mắt kính...)",,2022-12-09 00:00:00.000,4759839,"Hàng hóa hàng ngày, giấy tờ khác (quần áo, mắt kính...)",290,Quá hạn,Thuê Vendor tiêu hủy / Quyên góp,Phụ lục 3 (TTLT 18),GE + FPS + Vendor
22/12/2022,1852219,1 cặp mắt kính,375463711,HCM-GBC,BAO 21 - BÌ 1,"Hàng hóa hàng ngày, giấy tờ khác (quần áo, mắt kính...)",,2022-12-22 00:00:00.000,1852219,"Hàng hóa hàng ngày, giấy tờ khác (quần áo, mắt kính...)",277,Quá hạn,Thuê Vendor tiêu hủy / Quyên góp,Phụ lục 3 (TTLT 18),GE + FPS + Vendor
2022-07-12 00:00:00,5294779,1 cây dù và 1 bộ áo mưa,369132400,HCM-GBC,BAO 21 - BÌ 1,"Hàng hóa hàng ngày, giấy tờ khác (quần áo, mắt kính...)",,2022-12-07 00:00:00.000,5294779,"Hàng hóa hàng ngày, giấy tờ khác (quần áo, mắt kính...)",292,Quá hạn,Thuê Vendor tiêu hủy / Quyên góp,Phụ lục 3 (TTLT 18),GE + FPS + Vendor
24/12/2022,611024,2 gói cà phê + 1 cây lược,377141243,HCM-GBC,BAO 21 - BÌ 1,"Hàng hóa hàng ngày, giấy tờ khác (quần áo, mắt kính...)",,2022-12-24 00:00:00.000,611024,"Hàng hóa hàng ngày, giấy tờ khác (quần áo, mắt kính...)",275,Quá hạn,Thuê Vendor tiêu hủy / Quyên góp,Phụ lục 3 (TTLT 18),GE + FPS + Vendor
26/12/2022,2811443,1 balo màu đen => HỦY: bánh kẹo (HẾT HSD),376497657,HCM-GBC,BAO 21 - BÌ 2,"Hàng hóa hàng ngày, giấy tờ khác (quần áo, mắt kính...)",,2022-12-26 00:00:00.000,2811443,"Hàng hóa hàng ngày, giấy tờ khác (quần áo, mắt kính...)",273,Quá hạn,Thuê Vendor tiêu hủy / Quyên góp,Phụ lục 3 (TTLT 18),GE + FPS + Vendor
2022-03-12 00:00:00,5349792,1 túi đồ màu xanh có 3 cuốn sách bên trong,366417143,HCM-GBC,BAO 21 - BÌ 2,"Hàng hóa hàng ngày, giấy tờ khác (quần áo, mắt kính...)",,2022-12-03 00:00:00.000,5349792,"Hàng hóa hàng ngày, giấy tờ khác (quần áo, mắt kính...)",296,Quá hạn,Thuê Vendor tiêu hủy / Quyên góp,Phụ lục 3 (TTLT 18),GE + FPS + Vendor
13/12/2022,5346091,"1 túi đồ (bánh, sữa, quần áo) => HỦY (chảy nước)",372634981,HCM-GBC,BAO 21 - BÌ 2,"Hàng hóa hàng ngày, giấy tờ khác (quần áo, mắt kính...)",,2022-12-13 00:00:00.000,5346091,"Hàng hóa hàng ngày, giấy tờ khác (quần áo, mắt kính...)",286,Quá hạn,Thuê Vendor tiêu hủy / Quyên góp,Phụ lục 3 (TTLT 18),GE + FPS + Vendor
2022-10-24 08:12:11,5232565,1 balo màu xám,349672801,HCM-GBC,BAO 26 - LẺ,"Hàng hóa hàng ngày, giấy tờ khác (quần áo, mắt kính...)",,2022-10-24 08:12:11.000,5232565,"Hàng hóa hàng ngày, giấy tờ khác (quần áo, mắt kính...)",335,Quá hạn,Thuê Vendor tiêu hủy / Quyên góp,Phụ lục 3 (TTLT 18),GE + FPS + Vendor
2022-10-17 00:00:00,412101,1 bộ đồ màu trắng,350155245,HCM-GBC,BAO 26 - LẺ,"Hàng hóa hàng ngày, giấy tờ khác (quần áo, mắt kính...)",,2022-10-17 00:00:00.000,412101,"Hàng hóa hàng ngày, giấy tờ khác (quần áo, mắt kính...)",343,Quá hạn,Thuê Vendor tiêu hủy / Quyên góp,Phụ lục 3 (TTLT 18),GE + FPS + Vendor
2022-10-13 00:00:00,424248,"1 micro, 2 quyển sách, 1 dây điện",345183553,HCM-GBC,BAO 26 - LẺ,"Hàng hóa hàng ngày, giấy tờ khác (quần áo, mắt kính...)",,2022-10-13 00:00:00.000,424248,"Hàng hóa hàng ngày, giấy tờ khác (quần áo, mắt kính...)",347,Quá hạn,Thuê Vendor tiêu hủy / Quyên góp,Phụ lục 3 (TTLT 18),GE + FPS + Vendor
2022-10-06 00:00:00,3635949,1 cái kiếng đen,345752715‬,HCM-GBC,BAO 26 - LẺ,"Hàng hóa hàng ngày, giấy tờ khác (quần áo, mắt kính...)",,2022-06-10 00:00:00.000,3635949,"Hàng hóa hàng ngày, giấy tờ khác (quần áo, mắt kính...)",472,Quá hạn,Thuê Vendor tiêu hủy / Quyên góp,Phụ lục 3 (TTLT 18),GE + FPS + Vendor
2022-10-11 00:00:00,997780,1 kính mát,347286515,HCM-GBC,BAO 26 - LẺ,"Hàng hóa hàng ngày, giấy tờ khác (quần áo, mắt kính...)",,2022-11-10 00:00:00.000,997780,"Hàng hóa hàng ngày, giấy tờ khác (quần áo, mắt kính...)",319,Quá hạn,Thuê Vendor tiêu hủy / Quyên góp,Phụ lục 3 (TTLT 18),GE + FPS + Vendor
2022-10-10 00:00:00,5778632,1 túi giấy nhỏ =>HỦY: HẾT HSD,347121396,HCM-GBC,BAO 26 - LẺ,"Hàng hóa hàng ngày, giấy tờ khác (quần áo, mắt kính...)",,2022-10-10 00:00:00.000,5778632,"Hàng hóa hàng ngày, giấy tờ khác (quần áo, mắt kính...)",350,Quá hạn,Thuê Vendor tiêu hủy / Quyên góp,Phụ lục 3 (TTLT 18),GE + FPS + Vendor
2022-10-31 00:00:00,1352038,1 bộ hồ sơ,355870771,HCM-GBC,BAO 26 - LẺ,"Hàng hóa hàng ngày, giấy tờ khác (quần áo, mắt kính...)",,2022-10-31 00:00:00.000,1352038,"Hàng hóa hàng ngày, giấy tờ khác (quần áo, mắt kính...)",329,Quá hạn,Thuê Vendor tiêu hủy / Quyên góp,Phụ lục 3 (TTLT 18),GE + FPS + Vendor
2022-10-11 00:00:00,6370906,ví da màu vàng ,346074818,HCM-GBC,BAO 26 - LẺ,"Hàng hóa hàng ngày, giấy tờ khác (quần áo, mắt kính...)",,2022-11-10 00:00:00.000,6370906,"Hàng hóa hàng ngày, giấy tờ khác (quần áo, mắt kính...)",319,Quá hạn,Thuê Vendor tiêu hủy / Quyên góp,Phụ lục 3 (TTLT 18),GE + FPS + Vendor
2022-10-24 00:00:00,6625478,bình nước điện máy xanh,353066517,HCM-GBC,BAO 26 - LẺ,"Hàng hóa hàng ngày, giấy tờ khác (quần áo, mắt kính...)",,2022-10-24 00:00:00.000,6625478,"Hàng hóa hàng ngày, giấy tờ khác (quần áo, mắt kính...)",336,Quá hạn,Thuê Vendor tiêu hủy / Quyên góp,Phụ lục 3 (TTLT 18),GE + FPS + Vendor
2022-10-13 00:00:00,5686710,áo mưa,348425553‬,HCM-GBC,BAO 26 - LẺ,"Hàng hóa hàng ngày, giấy tờ khác (quần áo, mắt kính...)",,2022-10-13 00:00:00.000,5686710,"Hàng hóa hàng ngày, giấy tờ khác (quần áo, mắt kính...)",347,Quá hạn,Thuê Vendor tiêu hủy / Quyên góp,Phụ lục 3 (TTLT 18),GE + FPS + Vendor
2022-10-05 00:00:00,1575813,1 passport tên kim teahoon số M41030399,343430337,HCM-GBC,BAO 26 - LẺ,Tiền mặt & giấy tờ cấp bởi CQCN,,2022-05-10 00:00:00.000,1575813,Tiền mặt & giấy tờ cấp bởi CQCN,503,Cần gửi CQNN,Bàn giao CQNN / Ngân hàng,Phụ lục 4 (TTLT 18),COA + Legal + FPS
2022-10-31 00:00:00,1959759,1 đôi dép,353874991,HCM-GBC,BAO 26 - LẺ,"Hàng hóa hàng ngày, giấy tờ khác (quần áo, mắt kính...)",,2022-10-31 00:00:00.000,1959759,"Hàng hóa hàng ngày, giấy tờ khác (quần áo, mắt kính...)",329,Quá hạn,Thuê Vendor tiêu hủy / Quyên góp,Phụ lục 3 (TTLT 18),GE + FPS + Vendor
2022-10-20 00:00:00,560702,1 mắt kiếng kèm hộp,350627842,HCM-GBC,BAO 26 - LẺ,"Hàng hóa hàng ngày, giấy tờ khác (quần áo, mắt kính...)",,2022-10-20 00:00:00.000,560702,"Hàng hóa hàng ngày, giấy tờ khác (quần áo, mắt kính...)",340,Quá hạn,Thuê Vendor tiêu hủy / Quyên góp,Phụ lục 3 (TTLT 18),GE + FPS + Vendor
2022-10-24 00:00:00,3408947,áo khoác,353071045,HCM-GBC,BAO 26 - LẺ,"Hàng hóa hàng ngày, giấy tờ khác (quần áo, mắt kính...)",,2022-10-24 00:00:00.000,3408947,"Hàng hóa hàng ngày, giấy tờ khác (quần áo, mắt kính...)",336,Quá hạn,Thuê Vendor tiêu hủy / Quyên góp,Phụ lục 3 (TTLT 18),GE + FPS + Vendor
2022-10-21 00:00:00,6429961,1 túi đựng cơm màu xanh => HỦY: lên dòi,351306615,HCM-GBC,BAO 26 - LẺ,"Hàng hóa hàng ngày, giấy tờ khác (quần áo, mắt kính...)",,2022-10-21 00:00:00.000,6429961,"Hàng hóa hàng ngày, giấy tờ khác (quần áo, mắt kính...)",339,Quá hạn,Thuê Vendor tiêu hủy / Quyên góp,Phụ lục 3 (TTLT 18),GE + FPS + Vendor
2023-07-03 00:00:00,6655243,"hộp màu đen ( 1 mắt kính, 500 Rup tiền Ấn Độ)",406085960,HCM-GBC,BAO 28 - BÌ 4,Tiền mặt & giấy tờ cấp bởi CQCN,,2023-03-07 00:00:00.000,6655243,Tiền mặt & giấy tờ cấp bởi CQCN,202,Cần gửi CQNN,Bàn giao CQNN / Ngân hàng,Phụ lục 4 (TTLT 18),COA + Legal + FPS
27/03/2023,291736,1 vỏ mắt kính màu đen bên trong không có kính,412073481,HCM-GBC,BAO 28 - BÌ 4,"Hàng hóa hàng ngày, giấy tờ khác (quần áo, mắt kính...)",,2023-03-27 00:00:00.000,291736,"Hàng hóa hàng ngày, giấy tờ khác (quần áo, mắt kính...)",182,Quá hạn,Thuê Vendor tiêu hủy / Quyên góp,Phụ lục 3 (TTLT 18),GE + FPS + Vendor
17/03/2023,5510917,1 chùm chìa khóa,408373409,HCM-GBC,BAO 28 - BÌ 4,"Hàng hóa hàng ngày, giấy tờ khác (quần áo, mắt kính...)",,2023-03-17 00:00:00.000,5510917,"Hàng hóa hàng ngày, giấy tờ khác (quần áo, mắt kính...)",192,Quá hạn,Thuê Vendor tiêu hủy / Quyên góp,Phụ lục 3 (TTLT 18),GE + FPS + Vendor
2023-09-03 00:00:00,4247522,1 cây son NARS còn mới,408355232,HCM-GBC,BAO 28 - BÌ 4,"Hàng hóa hàng ngày, giấy tờ khác (quần áo, mắt kính...)",,2023-03-09 00:00:00.000,4247522,"Hàng hóa hàng ngày, giấy tờ khác (quần áo, mắt kính...)",200,Quá hạn,Thuê Vendor tiêu hủy / Quyên góp,Phụ lục 3 (TTLT 18),GE + FPS + Vendor
16/03/2023,4513016,tai nghe không dây màu trắng case màu đen,409008531,HCM-GBC,BAO 28 - BÌ 4,"Hàng hóa hàng ngày, giấy tờ khác (quần áo, mắt kính...)",,2023-03-16 00:00:00.000,4513016,"Hàng hóa hàng ngày, giấy tờ khác (quần áo, mắt kính...)",193,Quá hạn,Thuê Vendor tiêu hủy / Quyên góp,Phụ lục 3 (TTLT 18),GE + FPS + Vendor
18/03/2023,5196745,1 cây thuốc lá điện tử.,411621707,HCM-GBC,BAO 28 - BÌ 4,Thuốc lá điện tử ,,2023-03-18 00:00:00.000,5196745,Thuốc lá điện tử,191,Quá hạn,Tự tiêu hủy tại Hub (Chất thải nguy hại),Biên bản tiêu hủy nội bộ,FPS + COA
13/03/2023,2513782,1 cây vape,409508078,HCM-GBC,BAO 28 - BÌ 4,"Hàng hóa hàng ngày, giấy tờ khác (quần áo, mắt kính...)",,2023-03-13 00:00:00.000,2513782,"Hàng hóa hàng ngày, giấy tờ khác (quần áo, mắt kính...)",196,Quá hạn,Thuê Vendor tiêu hủy / Quyên góp,Phụ lục 3 (TTLT 18),GE + FPS + Vendor
22/03/2023,1273965,1 tai nghe màu đen đã cũ,412630804,HCM-GBC,BAO 28 - BÌ 4,"Hàng hóa hàng ngày, giấy tờ khác (quần áo, mắt kính...)",,2023-03-22 00:00:00.000,1273965,"Hàng hóa hàng ngày, giấy tờ khác (quần áo, mắt kính...)",187,Quá hạn,Thuê Vendor tiêu hủy / Quyên góp,Phụ lục 3 (TTLT 18),GE + FPS + Vendor
28/03/2023,179067,1 tai nghe Airpod,414364506,HCM-GBC,BAO 28 - BÌ 4,"Hàng hóa hàng ngày, giấy tờ khác (quần áo, mắt kính...)",,2023-03-28 00:00:00.000,179067,"Hàng hóa hàng ngày, giấy tờ khác (quần áo, mắt kính...)",181,Quá hạn,Thuê Vendor tiêu hủy / Quyên góp,Phụ lục 3 (TTLT 18),GE + FPS + Vendor
28/03/2023,5099396,remote cửa cuốn,414865945,HCM-GBC,BAO 28 - BÌ 4,"Hàng hóa hàng ngày, giấy tờ khác (quần áo, mắt kính...)",,2023-03-28 00:00:00.000,5099396,"Hàng hóa hàng ngày, giấy tờ khác (quần áo, mắt kính...)",181,Quá hạn,Thuê Vendor tiêu hủy / Quyên góp,Phụ lục 3 (TTLT 18),GE + FPS + Vendor
2023-06-03 00:00:00,1189813,1 thuốc lá điện tử màu đen,406090851,HCM-GBC,BAO 28 - BÌ 4,Thuốc lá điện tử ,,2023-03-06 00:00:00.000,1189813,Thuốc lá điện tử,203,Quá hạn,Tự tiêu hủy tại Hub (Chất thải nguy hại),Biên bản tiêu hủy nội bộ,FPS + COA
2023-08-03 00:00:00,6110223,thiết bị định vị Airtag đã sử dụng,404658071,HCM-GBC,BAO 28 - BÌ 4,"Hàng hóa hàng ngày, giấy tờ khác (quần áo, mắt kính...)",,2023-03-08 00:00:00.000,6110223,"Hàng hóa hàng ngày, giấy tờ khác (quần áo, mắt kính...)",201,Quá hạn,Thuê Vendor tiêu hủy / Quyên góp,Phụ lục 3 (TTLT 18),GE + FPS + Vendor
30/03/2023,5789158,60.000đ,413221833,HCM-GBC,BAO 28 - BÌ 4,Tiền mặt & giấy tờ cấp bởi CQCN,,2023-03-30 00:00:00.000,5789158,Tiền mặt & giấy tờ cấp bởi CQCN,179,Cần gửi CQNN,Bàn giao CQNN / Ngân hàng,Phụ lục 4 (TTLT 18),COA + Legal + FPS
2023-09-03 00:00:00,6280951,"1 cái bìa da nhỏ màu xám, bên trong có GIẤY PHÉP ĐI BỜ CỦA THUYỀN VIÊN số 0328703 tên PAUL  DEBANKUR",406085064,HCM-GBC,BAO 28 - BÌ 4,"Hàng hóa hàng ngày, giấy tờ khác (quần áo, mắt kính...)",,2023-03-09 00:00:00.000,6280951,"Hàng hóa hàng ngày, giấy tờ khác (quần áo, mắt kính...)",200,Quá hạn,Thuê Vendor tiêu hủy / Quyên góp,Phụ lục 3 (TTLT 18),GE + FPS + Vendor
17/03/2023,6819833,1 bì thư,411347186,HCM-GBC,BAO 28 - BÌ 4,"Hàng hóa hàng ngày, giấy tờ khác (quần áo, mắt kính...)",,2023-03-17 00:00:00.000,6819833,"Hàng hóa hàng ngày, giấy tờ khác (quần áo, mắt kính...)",192,Quá hạn,Thuê Vendor tiêu hủy / Quyên góp,Phụ lục 3 (TTLT 18),GE + FPS + Vendor
20/03/2023,629947,1 bịch dồ niêm phong,412268607‬,HCM-GBC,BAO 28 - BÌ 4,"Hàng hóa hàng ngày, giấy tờ khác (quần áo, mắt kính...)",,2023-03-20 00:00:00.000,629947,"Hàng hóa hàng ngày, giấy tờ khác (quần áo, mắt kính...)",189,Quá hạn,Thuê Vendor tiêu hủy / Quyên góp,Phụ lục 3 (TTLT 18),GE + FPS + Vendor
2020-02-03 17:00:29,66309,1 điện thoại samsung có ốp lưng đen,123429652,HCM-GBC,BÌ 1 LẺ,Thiết bị điện tử có giá,,2020-03-02 17:00:29.000,66309,Thiết bị điện tử có giá,1301,Quá hạn,Xóa dữ liệu & Thanh lý / Thuê Vendor hủy,Phụ lục 3 (TTLT 18),GE + FPS + Procurement
2020-02-10 08:13:42,4898578,1 iphone 6 màu hồng (có bao da mau da bò),148494655,HCM-GBC,BÌ 1 LẺ,Thiết bị điện tử có giá,,2020-10-02 08:13:42.000,4898578,Thiết bị điện tử có giá,1087,Quá hạn,Xóa dữ liệu & Thanh lý / Thuê Vendor hủy,Phụ lục 3 (TTLT 18),GE + FPS + Procurement
2020-09-09 09:33:40,3558473,1 đồng hồ Rolex,145070761,HCM-GBC,BÌ 1 LẺ,Thiết bị điện tử có giá,,2020-09-09 09:33:40.000,3558473,Thiết bị điện tử có giá,1110,Quá hạn,Xóa dữ liệu & Thanh lý / Thuê Vendor hủy,Phụ lục 3 (TTLT 18),GE + FPS + Procurement
26/08/2020 17:28:04,5235892,1 CMND,144338341,HCM-GBC,BÌ 1 LẺ,Tiền mặt & giấy tờ cấp bởi CQCN,,2020-08-26 17:28:04.000,5235892,Tiền mặt & giấy tờ cấp bởi CQCN,1124,Cần gửi CQNN,Bàn giao CQNN / Ngân hàng,Phụ lục 4 (TTLT 18),COA + Legal + FPS
24/09/2020 13:31:45,4162126,1 dt nokia,147516646,HCM-GBC,BÌ 1 LẺ,Thiết bị điện tử có giá,,2020-09-24 13:31:45.000,4162126,Thiết bị điện tử có giá,1095,Quá hạn,Xóa dữ liệu & Thanh lý / Thuê Vendor hủy,Phụ lục 3 (TTLT 18),GE + FPS + Procurement
24/09/2020 16:00:57,4173950,di ip 5s,147653965,HCM-GBC,BÌ 1 LẺ,Thiết bị điện tử có giá,,2020-09-24 16:00:57.000,4173950,Thiết bị điện tử có giá,1095,Quá hạn,Xóa dữ liệu & Thanh lý / Thuê Vendor hủy,Phụ lục 3 (TTLT 18),GE + FPS + Procurement
29/07/2020 11:54:43,4000864,1 kiềng chân em bé,140647656,HCM-GBC,BÌ 1 LẺ,"Hàng hóa hàng ngày, giấy tờ khác (quần áo, mắt kính...)",,2020-07-29 11:54:43.000,4000864,"Hàng hóa hàng ngày, giấy tờ khác (quần áo, mắt kính...)",1152,Quá hạn,Thuê Vendor tiêu hủy / Quyên góp,Phụ lục 3 (TTLT 18),GE + FPS + Vendor
27/07/2020 17:39:18,441701,1 bóp xanh đựng 1 bóp nhỏ có 1 CMND -30k tiền mặt,140272659,HCM-GBC,BÌ 1 LẺ,Tiền mặt & giấy tờ cấp bởi CQCN,,2020-07-27 17:39:18.000,441701,Tiền mặt & giấy tờ cấp bởi CQCN,1154,Cần gửi CQNN,Bàn giao CQNN / Ngân hàng,Phụ lục 4 (TTLT 18),COA + Legal + FPS
30/07/2020 17:58:57,337602,1 cái ví nhỏ màu xanh đen,140717719,HCM-GBC,BÌ 1 LẺ,"Hàng hóa hàng ngày, giấy tờ khác (quần áo, mắt kính...)",,2020-07-30 17:58:57.000,337602,"Hàng hóa hàng ngày, giấy tờ khác (quần áo, mắt kính...)",1151,Quá hạn,Thuê Vendor tiêu hủy / Quyên góp,Phụ lục 3 (TTLT 18),GE + FPS + Vendor
24/08/2020 10:24:53,841172,1 điện thoại samsung màu hồng,143523102,HCM-GBC,BÌ 1 LẺ,Thiết bị điện tử có giá,,2020-08-24 10:24:53.000,841172,Thiết bị điện tử có giá,1126,Quá hạn,Xóa dữ liệu & Thanh lý / Thuê Vendor hủy,Phụ lục 3 (TTLT 18),GE + FPS + Procurement
2020-10-09 14:45:53,527513,1 cái bóp trong đó cso 4  cái thẻ và 4 phong bì lì xì,145696620,HCM-GBC,BÌ 1 LẺ,Thẻ Ngân hàng ,,2020-09-10 14:45:53.000,527513,Thẻ Ngân hàng,1109,Cần gửi CQNN,Bàn giao CQNN / Ngân hàng,Phụ lục 4 (TTLT 18),COA + Legal + FPS
24/09/2020 08:59:41,5506805,1 điện thoại di động,147538044,HCM-GBC,BÌ 1 LẺ,Thiết bị điện tử có giá,,2020-09-24 08:59:41.000,5506805,Thiết bị điện tử có giá,1095,Quá hạn,Xóa dữ liệu & Thanh lý / Thuê Vendor hủy,Phụ lục 3 (TTLT 18),GE + FPS + Procurement
2020-06-07 15:29:10,3769003,1 điện thoại iPhone 6,136903909,HCM-GBC,BÌ 1 LẺ,Thiết bị điện tử có giá,,2020-07-06 15:29:10.000,3769003,Thiết bị điện tử có giá,1175,Quá hạn,Xóa dữ liệu & Thanh lý / Thuê Vendor hủy,Phụ lục 3 (TTLT 18),GE + FPS + Procurement
2020-05-09 15:36:47,530617,1 điện thoại Mobell màu đỏ đen,144889420,HCM-GBC,BÌ 1 LẺ,Thiết bị điện tử có giá,,2020-09-05 15:36:47.000,530617,Thiết bị điện tử có giá,1114,Quá hạn,Xóa dữ liệu & Thanh lý / Thuê Vendor hủy,Phụ lục 3 (TTLT 18),GE + FPS + Procurement
29/09/2020 10:28:30,1630515,1 đt masstel,146438568,HCM-GBC,BÌ 1 LẺ,Thiết bị điện tử có giá,,2020-09-29 10:28:30.000,1630515,Thiết bị điện tử có giá,1090,Quá hạn,Xóa dữ liệu & Thanh lý / Thuê Vendor hủy,Phụ lục 3 (TTLT 18),GE + FPS + Procurement
25/08/2020 14:45:43,1689247,dt nokia,144214095,HCM-GBC,BÌ 1 LẺ,Thiết bị điện tử có giá,,2020-08-25 14:45:43.000,1689247,Thiết bị điện tử có giá,1125,Quá hạn,Xóa dữ liệu & Thanh lý / Thuê Vendor hủy,Phụ lục 3 (TTLT 18),GE + FPS + Procurement
30/09/2020 11:08:21,742734,máy tính bảng Samsung,149081478,HCM-GBC,BÌ 1 LẺ,Thiết bị điện tử có giá,,2020-09-30 11:08:21.000,742734,Thiết bị điện tử có giá,1089,Quá hạn,Xóa dữ liệu & Thanh lý / Thuê Vendor hủy,Phụ lục 3 (TTLT 18),GE + FPS + Procurement
2020-03-01 14:31:30,421540,1 điện thoại oppo,115036620,HCM-GBC,BÌ 1 LẺ,"Hàng hóa hàng ngày, giấy tờ khác (quần áo, mắt kính...)",,2020-01-03 14:31:30.000,421540,"Hàng hóa hàng ngày, giấy tờ khác (quần áo, mắt kính...)",1360,Quá hạn,Thuê Vendor tiêu hủy / Quyên góp,Phụ lục 3 (TTLT 18),GE + FPS + Vendor
26/07/2022 16:14:02,5779640,2 ổ khóa,313620751,HCM-GBC,BÌ 1 LẺ,Thiết bị điện tử có giá,,2022-07-26 16:14:02.000,5779640,Thiết bị điện tử có giá,425,Quá hạn,Xóa dữ liệu & Thanh lý / Thuê Vendor hủy,Phụ lục 3 (TTLT 18),GE + FPS + Procurement
2020-05-08 15:56:46,3853865,1 đồng hồ đeo tay cảm ứng chưa rõ thương hiệu dây đeo màu xanh đỏ,140111428,HCM-GBC,BÌ 1 LẺ,Thiết bị điện tử có giá,,2020-08-05 15:56:46.000,3853865,Thiết bị điện tử có giá,1145,Quá hạn,Xóa dữ liệu & Thanh lý / Thuê Vendor hủy,Phụ lục 3 (TTLT 18),GE + FPS + Procurement
26/08/2020 10:28:18,3889127,"1 điện thoại iphone màu trắng, tình trạng bị vỡ màng hình",143133482,HCM-GBC,BÌ 1 LẺ,Thiết bị điện tử có giá,,2020-08-26 10:28:18.000,3889127,Thiết bị điện tử có giá,1124,Quá hạn,Xóa dữ liệu & Thanh lý / Thuê Vendor hủy,Phụ lục 3 (TTLT 18),GE + FPS + Procurement
2021-04-28 11:41:12.598000,4962986,1 cuốn sổ khám bệnh em bé,188255089,HCM-GBC,THÙNG 30 - BÌ 1,"Hàng hóa hàng ngày, giấy tờ khác (quần áo, mắt kính...)",,2021-04-28 11:41:12.598,4962986,"Hàng hóa hàng ngày, giấy tờ khác (quần áo, mắt kính...)",879,Quá hạn,Thuê Vendor tiêu hủy / Quyên góp,Phụ lục 3 (TTLT 18),GE + FPS + Vendor
2020-11-24 16:45:41.370000,5100790,1 thẻ ATM ACB,156382855,HCM-GBC,THÙNG 30 - BÌ 1,Tiền mặt & giấy tờ cấp bởi CQCN,,2020-11-24 16:45:41.370,5100790,Tiền mặt & giấy tờ cấp bởi CQCN,1034,Cần gửi CQNN,Bàn giao CQNN / Ngân hàng,Phụ lục 4 (TTLT 18),COA + Legal + FPS
2021-03-24 10:45:06.321000,368790,1 cái đt nokia đen,182562816,HCM-GBC,THÙNG 30 - BÌ 1,Thiết bị điện tử có giá,,2021-03-24 10:45:06.321,368790,Thiết bị điện tử có giá,914,Quá hạn,Xóa dữ liệu & Thanh lý / Thuê Vendor hủy,Phụ lục 3 (TTLT 18),GE + FPS + Procurement
2021-04-26 13:26:22.636000,1978837,1 cục sạc iphone (dây sạc màu đỏ),188731939,HCM-GBC,THÙNG 30 - BÌ 1,"Hàng hóa hàng ngày, giấy tờ khác (quần áo, mắt kính...)",,2021-04-26 13:26:22.636,1978837,"Hàng hóa hàng ngày, giấy tờ khác (quần áo, mắt kính...)",881,Quá hạn,Thuê Vendor tiêu hủy / Quyên góp,Phụ lục 3 (TTLT 18),GE + FPS + Vendor
2020-12-29 15:31:57.836000,1171466,1 điện thoại LG màu đen đã tắt nguồn,166195080,HCM-GBC,THÙNG 30 - BÌ 1,Thiết bị điện tử có giá,,2020-12-29 15:31:57.836,1171466,Thiết bị điện tử có giá,999,Quá hạn,Xóa dữ liệu & Thanh lý / Thuê Vendor hủy,Phụ lục 3 (TTLT 18),GE + FPS + Procurement
2021-02-09 13:37:52.497000,5192154,1 cái nhẫn kim loại cũ,174196247,HCM-GBC,THÙNG 30 - BÌ 1,"Hàng hóa hàng ngày, giấy tờ khác (quần áo, mắt kính...)",,2021-09-02 13:37:52.497,5192154,"Hàng hóa hàng ngày, giấy tờ khác (quần áo, mắt kính...)",752,Quá hạn,Thuê Vendor tiêu hủy / Quyên góp,Phụ lục 3 (TTLT 18),GE + FPS + Vendor
2020-12-15 14:33:44.985000,1270863,bịch đen chưa 3 họp giấy,163750860,HCM-GBC,THÙNG 30 - BÌ 1,"Hàng hóa hàng ngày, giấy tờ khác (quần áo, mắt kính...)",,2020-12-15 14:33:44.985,1270863,"Hàng hóa hàng ngày, giấy tờ khác (quần áo, mắt kính...)",1013,Quá hạn,Thuê Vendor tiêu hủy / Quyên góp,Phụ lục 3 (TTLT 18),GE + FPS + Vendor
2020-12-01 08:17:17.191000,5142709,1 vòng đeo tay màu đỏ,158578263,HCM-GBC,THÙNG 30 - BÌ 1,"Hàng hóa hàng ngày, giấy tờ khác (quần áo, mắt kính...)",,2020-01-12 08:17:17.191,5142709,"Hàng hóa hàng ngày, giấy tờ khác (quần áo, mắt kính...)",1351,Quá hạn,Thuê Vendor tiêu hủy / Quyên góp,Phụ lục 3 (TTLT 18),GE + FPS + Vendor
2020-12-07 13:56:29.551000,3311968,1 điện thoại nokia màu đen nút bấm,159680302,HCM-GBC,THÙNG 30 - BÌ 1,Thiết bị điện tử có giá,,2020-07-12 13:56:29.551,3311968,Thiết bị điện tử có giá,1169,Quá hạn,Xóa dữ liệu & Thanh lý / Thuê Vendor hủy,Phụ lục 3 (TTLT 18),GE + FPS + Procurement
2020-12-25 09:47:11.316000,851752,1 bao đựng mắt kính màu nâu,166094491,HCM-GBC,THÙNG 30 - BÌ 1,"Hàng hóa hàng ngày, giấy tờ khác (quần áo, mắt kính...)",,2020-12-25 09:47:11.316,851752,"Hàng hóa hàng ngày, giấy tờ khác (quần áo, mắt kính...)",1003,Quá hạn,Thuê Vendor tiêu hủy / Quyên góp,Phụ lục 3 (TTLT 18),GE + FPS + Vendor
2020-12-03 08:46:17.617000,617759,1 cục sạc dự phòng màu đỏ và dây cáp 3 đầu màu đen ,159010147,HCM-GBC,THÙNG 30 - BÌ 1,"Hàng hóa hàng ngày, giấy tờ khác (quần áo, mắt kính...)",,2020-03-12 08:46:17.617,617759,"Hàng hóa hàng ngày, giấy tờ khác (quần áo, mắt kính...)",1291,Quá hạn,Thuê Vendor tiêu hủy / Quyên góp,Phụ lục 3 (TTLT 18),GE + FPS + Vendor
13/04/2021 8:44:58,4770802,1 nón kế màu đen,185814478,HCM-GBC,THÙNG 30 - BÌ 1,"Hàng hóa hàng ngày, giấy tờ khác (quần áo, mắt kính...)",,2021-04-13 08:44:58.000,4770802,"Hàng hóa hàng ngày, giấy tờ khác (quần áo, mắt kính...)",894,Quá hạn,Thuê Vendor tiêu hủy / Quyên góp,Phụ lục 3 (TTLT 18),GE + FPS + Vendor
2020-10-06 13:13:58.879000,3969389,"1 ví nữ màu đen (1 cavet, 1 GPLX, 3 thẻ ngân hàng và 4000đ...)",149995371,HCM-GBC,THÙNG 30 - BÌ 1,Tiền mặt & giấy tờ cấp bởi CQCN,,2020-06-10 13:13:58.879,3969389,Tiền mặt & giấy tờ cấp bởi CQCN,1201,Cần gửi CQNN,Bàn giao CQNN / Ngân hàng,Phụ lục 4 (TTLT 18),COA + Legal + FPS
2020-12-17 14:47:09.410000,4238549,1 mắt kính mát màu đen,164425885,HCM-GBC,THÙNG 30 - BÌ 1,"Hàng hóa hàng ngày, giấy tờ khác (quần áo, mắt kính...)",,2020-12-17 14:47:09.410,4238549,"Hàng hóa hàng ngày, giấy tờ khác (quần áo, mắt kính...)",1011,Quá hạn,Thuê Vendor tiêu hủy / Quyên góp,Phụ lục 3 (TTLT 18),GE + FPS + Vendor
2020-12-24 16:39:08.683000,5087415,1 kẹp tóc màu nâu,166132297,HCM-GBC,THÙNG 30 - BÌ 1,"Hàng hóa hàng ngày, giấy tờ khác (quần áo, mắt kính...)",,2020-12-24 16:39:08.683,5087415,"Hàng hóa hàng ngày, giấy tờ khác (quần áo, mắt kính...)",1004,Quá hạn,Thuê Vendor tiêu hủy / Quyên góp,Phụ lục 3 (TTLT 18),GE + FPS + Vendor
2021-06-04 18:09:23,5211148,1 bóp 1 thẻ shinhan,184600312,HCM-GBC,THÙNG 30 - BÌ 1,Thẻ Ngân hàng ,,2021-04-06 18:09:23.000,5211148,Thẻ Ngân hàng,901,Cần gửi CQNN,Bàn giao CQNN / Ngân hàng,Phụ lục 4 (TTLT 18),COA + Legal + FPS
2020-12-09 15:34:56.975000,883973,1 mắt kính,159978946,HCM-GBC,THÙNG 30 - BÌ 1,"Hàng hóa hàng ngày, giấy tờ khác (quần áo, mắt kính...)",,2020-09-12 15:34:56.975,883973,"Hàng hóa hàng ngày, giấy tờ khác (quần áo, mắt kính...)",1107,Quá hạn,Thuê Vendor tiêu hủy / Quyên góp,Phụ lục 3 (TTLT 18),GE + FPS + Vendor
2020-12-23 10:56:14.325000,604814,thẻ ngân hàng,165812046,HCM-GBC,THÙNG 30 - BÌ 1,Tiền mặt & giấy tờ cấp bởi CQCN,,2020-12-23 10:56:14.325,604814,Tiền mặt & giấy tờ cấp bởi CQCN,1005,Cần gửi CQNN,Bàn giao CQNN / Ngân hàng,Phụ lục 4 (TTLT 18),COA + Legal + FPS
14/12/2020 11:20:51,2969800,1 bóp nam bên trong có CMND tên Dương Minh Trí,162563845,HCM-GBC,THÙNG 30 - BÌ 1,Tiền mặt & giấy tờ cấp bởi CQCN,,2020-12-14 11:20:51.000,2969800,Tiền mặt & giấy tờ cấp bởi CQCN,1014,Cần gửi CQNN,Bàn giao CQNN / Ngân hàng,Phụ lục 4 (TTLT 18),COA + Legal + FPS
25/12/2020 15:30:50,5381797,1 điện thoại Nokia phím cứng (còn lên nguồn),165677120,HCM-GBC,THÙNG 30 - BÌ 1,Thiết bị điện tử có giá,,2020-12-25 15:30:50.000,5381797,Thiết bị điện tử có giá,1003,Quá hạn,Xóa dữ liệu & Thanh lý / Thuê Vendor hủy,Phụ lục 3 (TTLT 18),GE + FPS + Procurement
2020-04-12 17:28:50,1099901,1 cái remost xe máy ( chìa khóa xe thông minh),158019944,HCM-GBC,THÙNG 30 - BÌ 1,"Hàng hóa hàng ngày, giấy tờ khác (quần áo, mắt kính...)",,2020-12-04 17:28:50.000,1099901,"Hàng hóa hàng ngày, giấy tờ khác (quần áo, mắt kính...)",1024,Quá hạn,Thuê Vendor tiêu hủy / Quyên góp,Phụ lục 3 (TTLT 18),GE + FPS + Vendor
2021-03-05 14:22:42,716158,"1 ví tiền màu đen có 208k tiền mặt, thẻ và son",190187295,HCM-GBC,THÙNG 30 - BÌ 1,Tiền mặt & giấy tờ cấp bởi CQCN,,2021-05-03 14:22:42.000,716158,Tiền mặt & giấy tờ cấp bởi CQCN,874,Cần gửi CQNN,Bàn giao CQNN / Ngân hàng,Phụ lục 4 (TTLT 18),COA + Legal + FPS
31/12/2020 10:57:23,5322537,1 cái đt samsung mất nguồn có kẹp CMND Trần Thị Yến Ly,166231014,HCM-GBC,THÙNG 30 - BÌ 1,Tiền mặt & giấy tờ cấp bởi CQCN,,2020-12-31 10:57:23.000,5322537,Tiền mặt & giấy tờ cấp bởi CQCN,997,Cần gửi CQNN,Bàn giao CQNN / Ngân hàng,Phụ lục 4 (TTLT 18),COA + Legal + FPS
2020-12-24 14:43:45.696000,2421100,1 hộp sạc airpod (ko có tai nghe bên trong),166108336,HCM-GBC,THÙNG 30 - BÌ 1,"Hàng hóa hàng ngày, giấy tờ khác (quần áo, mắt kính...)",,2020-12-24 14:43:45.696,2421100,"Hàng hóa hàng ngày, giấy tờ khác (quần áo, mắt kính...)",1004,Quá hạn,Thuê Vendor tiêu hủy / Quyên góp,Phụ lục 3 (TTLT 18),GE + FPS + Vendor
2020-12-09 10:32:27.672000,339203,1 chùm chìa khóa (3 chìa),160568507,HCM-GBC,THÙNG 30 - BÌ 1,"Hàng hóa hàng ngày, giấy tờ khác (quần áo, mắt kính...)",,2020-09-12 10:32:27.672,339203,"Hàng hóa hàng ngày, giấy tờ khác (quần áo, mắt kính...)",1107,Quá hạn,Thuê Vendor tiêu hủy / Quyên góp,Phụ lục 3 (TTLT 18),GE + FPS + Vendor
2020-12-25 10:35:25.953000,4506115,tai nghe airpod (ko có hộp đựng),164317174,HCM-GBC,THÙNG 30 - BÌ 1,"Hàng hóa hàng ngày, giấy tờ khác (quần áo, mắt kính...)",,2020-12-25 10:35:25.953,4506115,"Hàng hóa hàng ngày, giấy tờ khác (quần áo, mắt kính...)",1003,Quá hạn,Thuê Vendor tiêu hủy / Quyên góp,Phụ lục 3 (TTLT 18),GE + FPS + Vendor
2020-12-09 16:19:38.096000,1690697,1 điện thoại Samsung màu tím,158830488,HCM-GBC,THÙNG 30 - BÌ 1,Thiết bị điện tử có giá,,2020-09-12 16:19:38.096,1690697,Thiết bị điện tử có giá,1107,Quá hạn,Xóa dữ liệu & Thanh lý / Thuê Vendor hủy,Phụ lục 3 (TTLT 18),GE + FPS + Procurement
2020-12-07 13:11:13.503000,3821738,"1 điện thoại iphone màu trắng, lưng màu hồng, vỡ màng hình",160375617,HCM-GBC,THÙNG 30 - BÌ 1,Thiết bị điện tử có giá,,2020-07-12 13:11:13.503,3821738,Thiết bị điện tử có giá,1169,Quá hạn,Xóa dữ liệu & Thanh lý / Thuê Vendor hủy,Phụ lục 3 (TTLT 18),GE + FPS + Procurement
2020-12-16 12:09:16.288000,5362360,1 chai nước hoa nhỏ Givenchy (đã dùng hơn nửa chai),163167056,HCM-GBC,THÙNG 30 - BÌ 1,"Hàng hóa hàng ngày, giấy tờ khác (quần áo, mắt kính...)",,2020-12-16 12:09:16.288,5362360,"Hàng hóa hàng ngày, giấy tờ khác (quần áo, mắt kính...)",1012,Quá hạn,Thuê Vendor tiêu hủy / Quyên góp,Phụ lục 3 (TTLT 18),GE + FPS + Vendor
2020-12-09 15:03:56.953000,5112693,"bật lửa, gói thuốc",160778850,HCM-GBC,THÙNG 30 - BÌ 1,"Hàng hóa hàng ngày, giấy tờ khác (quần áo, mắt kính...)",,2020-09-12 15:03:56.953,5112693,"Hàng hóa hàng ngày, giấy tờ khác (quần áo, mắt kính...)",1107,Quá hạn,Thuê Vendor tiêu hủy / Quyên góp,Phụ lục 3 (TTLT 18),GE + FPS + Vendor
2020-12-09 11:11:42.442000,5167235,1 nón em bé màu đen có thiên nga trắng,160250415,HCM-GBC,THÙNG 30 - BÌ 1,"Hàng hóa hàng ngày, giấy tờ khác (quần áo, mắt kính...)",,2020-09-12 11:11:42.442,5167235,"Hàng hóa hàng ngày, giấy tờ khác (quần áo, mắt kính...)",1107,Quá hạn,Thuê Vendor tiêu hủy / Quyên góp,Phụ lục 3 (TTLT 18),GE + FPS + Vendor
2020-12-28 16:55:51.645000,3203678,1 điện thoại màu đen ,166607397,HCM-GBC,THÙNG 30 - BÌ 1,Thiết bị điện tử có giá,,2020-12-28 16:55:51.645,3203678,Thiết bị điện tử có giá,1000,Quá hạn,Xóa dữ liệu & Thanh lý / Thuê Vendor hủy,Phụ lục 3 (TTLT 18),GE + FPS + Procurement
2020-11-18 09:24:50.336000,4028521,"1 bóp có 8 thẻ ( ngân hàng, thành viên, cư dân ) tên Trương Thị Ngọc Trinh",154912367,HCM-GBC,THÙNG 30 - BÌ 1,Thẻ Ngân hàng ,,2020-11-18 09:24:50.336,4028521,Thẻ Ngân hàng,1040,Cần gửi CQNN,Bàn giao CQNN / Ngân hàng,Phụ lục 4 (TTLT 18),COA + Legal + FPS
2021-04-01 18:46:32.007000,5546506, một kính lão,183854452,HCM-GBC,THÙNG 30 - BÌ 1,"Hàng hóa hàng ngày, giấy tờ khác (quần áo, mắt kính...)",,2021-01-04 18:46:32.007,5546506,"Hàng hóa hàng ngày, giấy tờ khác (quần áo, mắt kính...)",993,Quá hạn,Thuê Vendor tiêu hủy / Quyên góp,Phụ lục 3 (TTLT 18),GE + FPS + Vendor
2021-04-13 14:09:28.478000,4183618,1 đồng hồ nữ,186224282,HCM-GBC,THÙNG 30 - BÌ 1,"Hàng hóa hàng ngày, giấy tờ khác (quần áo, mắt kính...)",,2021-04-13 14:09:28.478,4183618,"Hàng hóa hàng ngày, giấy tờ khác (quần áo, mắt kính...)",894,Quá hạn,Thuê Vendor tiêu hủy / Quyên góp,Phụ lục 3 (TTLT 18),GE + FPS + Vendor
2020-12-17 10:00:59.330000,796552,1 điện thoại LG G7 màu xanh,164277388,HCM-GBC,THÙNG 30 - BÌ 1,Thiết bị điện tử có giá,,2020-12-17 10:00:59.330,796552,Thiết bị điện tử có giá,1011,Quá hạn,Xóa dữ liệu & Thanh lý / Thuê Vendor hủy,Phụ lục 3 (TTLT 18),GE + FPS + Procurement
2021-04-06 15:23:38.128000,1242512,"1 đt Nokia , (hoạt động bình thương",184863694,HCM-GBC,THÙNG 30 - BÌ 1,Thiết bị điện tử có giá,,2021-06-04 15:23:38.128,1242512,Thiết bị điện tử có giá,842,Quá hạn,Xóa dữ liệu & Thanh lý / Thuê Vendor hủy,Phụ lục 3 (TTLT 18),GE + FPS + Procurement
2020-12-23 15:28:08.542000,5076463,hộp tai nghe,162762875,HCM-GBC,THÙNG 30 - BÌ 1,"Hàng hóa hàng ngày, giấy tờ khác (quần áo, mắt kính...)",,2020-12-23 15:28:08.542,5076463,"Hàng hóa hàng ngày, giấy tờ khác (quần áo, mắt kính...)",1005,Quá hạn,Thuê Vendor tiêu hủy / Quyên góp,Phụ lục 3 (TTLT 18),GE + FPS + Vendor
2021-04-08 13:30:13.470000,5089568,"1 cái ví màu đen (GPLX tên Lê Thị Giang, 38.000đ, 1 tờ 2 đô Mỹ, 1 tờ 2 đô Venezuela, 1 số thẻ ngân hàng khác tên)",184381348,HCM-GBC,THÙNG 30 - BÌ 1,Tiền mặt & giấy tờ cấp bởi CQCN,,2021-08-04 13:30:13.470,5089568,Tiền mặt & giấy tờ cấp bởi CQCN,781,Cần gửi CQNN,Bàn giao CQNN / Ngân hàng,Phụ lục 4 (TTLT 18),COA + Legal + FPS
2021-04-28 11:44:11.588000,5654348,1 thẻ cư dân TNS,189242533,HCM-GBC,THÙNG 30 - BÌ 1,"Hàng hóa hàng ngày, giấy tờ khác (quần áo, mắt kính...)",,2021-04-28 11:44:11.588,5654348,"Hàng hóa hàng ngày, giấy tờ khác (quần áo, mắt kính...)",879,Quá hạn,Thuê Vendor tiêu hủy / Quyên góp,Phụ lục 3 (TTLT 18),GE + FPS + Vendor
2021-04-27 13:48:05.168000,5162936,1 mắt kính cận,188803729,HCM-GBC,THÙNG 30 - BÌ 1,"Hàng hóa hàng ngày, giấy tờ khác (quần áo, mắt kính...)",,2021-04-27 13:48:05.168,5162936,"Hàng hóa hàng ngày, giấy tờ khác (quần áo, mắt kính...)",880,Quá hạn,Thuê Vendor tiêu hủy / Quyên góp,Phụ lục 3 (TTLT 18),GE + FPS + Vendor
2021-01-23 11:26:39.942000,4587205,"1 cái bóp hồng, ",170289587,HCM-GBC,THÙNG 30 - BÌ 1,"Hàng hóa hàng ngày, giấy tờ khác (quần áo, mắt kính...)",,2021-01-23 11:26:39.942,4587205,"Hàng hóa hàng ngày, giấy tờ khác (quần áo, mắt kính...)",974,Quá hạn,Thuê Vendor tiêu hủy / Quyên góp,Phụ lục 3 (TTLT 18),GE + FPS + Vendor
2020-12-07 14:10:34.900000,5253492,1 đổi giày em bé màu hồng,160051732,HCM-GBC,THÙNG 30 - BÌ 1,"Hàng hóa hàng ngày, giấy tờ khác (quần áo, mắt kính...)",,2020-07-12 14:10:34.900,5253492,"Hàng hóa hàng ngày, giấy tờ khác (quần áo, mắt kính...)",1169,Quá hạn,Thuê Vendor tiêu hủy / Quyên góp,Phụ lục 3 (TTLT 18),GE + FPS + Vendor
2020-09-21 15:54:20.353000,4524817,1 nón kết  màu trắng,147448320,HCM-GBC,THÙNG 30 - BÌ 1,"Hàng hóa hàng ngày, giấy tờ khác (quần áo, mắt kính...)",,2020-09-21 15:54:20.353,4524817,"Hàng hóa hàng ngày, giấy tờ khác (quần áo, mắt kính...)",1098,Quá hạn,Thuê Vendor tiêu hủy / Quyên góp,Phụ lục 3 (TTLT 18),GE + FPS + Vendor
2020-08-27 11:24:14.181000,819898,1 mặt dây chuyền/bông tai màu vàng,144397846,HCM-GBC,THÙNG 30 - BÌ 1,"Hàng hóa hàng ngày, giấy tờ khác (quần áo, mắt kính...)",,2020-08-27 11:24:14.181,819898,"Hàng hóa hàng ngày, giấy tờ khác (quần áo, mắt kính...)",1123,Quá hạn,Thuê Vendor tiêu hủy / Quyên góp,Phụ lục 3 (TTLT 18),GE + FPS + Vendor
2020-12-24 16:30:41.652000,5087415,1 chìa khóa (móc khóa hình hồ lô),164544692,HCM-GBC,THÙNG 30 - BÌ 1,"Hàng hóa hàng ngày, giấy tờ khác (quần áo, mắt kính...)",,2020-12-24 16:30:41.652,5087415,"Hàng hóa hàng ngày, giấy tờ khác (quần áo, mắt kính...)",1004,Quá hạn,Thuê Vendor tiêu hủy / Quyên góp,Phụ lục 3 (TTLT 18),GE + FPS + Vendor
2021-04-05 09:53:26.194000,5359093,1 cái nón,184046549,HCM-GBC,THÙNG 30 - BÌ 1,"Hàng hóa hàng ngày, giấy tờ khác (quần áo, mắt kính...)",,2021-05-04 09:53:26.194,5359093,"Hàng hóa hàng ngày, giấy tờ khác (quần áo, mắt kính...)",873,Quá hạn,Thuê Vendor tiêu hủy / Quyên góp,Phụ lục 3 (TTLT 18),GE + FPS + Vendor
2021-04-26 13:55:46.623000,4430619,1 nón xanh đen + 1 kính mát,188923243,HCM-GBC,THÙNG 30 - BÌ 1,"Hàng hóa hàng ngày, giấy tờ khác (quần áo, mắt kính...)",,2021-04-26 13:55:46.623,4430619,"Hàng hóa hàng ngày, giấy tờ khác (quần áo, mắt kính...)",881,Quá hạn,Thuê Vendor tiêu hủy / Quyên góp,Phụ lục 3 (TTLT 18),GE + FPS + Vendor
26/09/2022,3826026,1 bình đựng nước,341524173,HCM-GBC,THÙNG 30 - BÌ 1,"Hàng hóa hàng ngày, giấy tờ khác (quần áo, mắt kính...)",,2022-09-26 00:00:00.000,3826026,"Hàng hóa hàng ngày, giấy tờ khác (quần áo, mắt kính...)",364,Quá hạn,Thuê Vendor tiêu hủy / Quyên góp,Phụ lục 3 (TTLT 18),GE + FPS + Vendor
2021-04-16 14:36:47.149000,1471321,1 chùm chìa khóa 3 chìa,186975212,HCM-GBC,THÙNG 30 - BÌ 1,"Hàng hóa hàng ngày, giấy tờ khác (quần áo, mắt kính...)",,2021-04-16 14:36:47.149,1471321,"Hàng hóa hàng ngày, giấy tờ khác (quần áo, mắt kính...)",891,Quá hạn,Thuê Vendor tiêu hủy / Quyên góp,Phụ lục 3 (TTLT 18),GE + FPS + Vendor
2021-04-23 17:22:06.985000,4992706,1 dt oppo màu xanh đen đã tắt nguồn,187800267,HCM-GBC,THÙNG 30 - BÌ 1,Thiết bị điện tử có giá,,2021-04-23 17:22:06.985,4992706,Thiết bị điện tử có giá,884,Quá hạn,Xóa dữ liệu & Thanh lý / Thuê Vendor hủy,Phụ lục 3 (TTLT 18),GE + FPS + Procurement
2021-04-27 14:02:03.126000,5681374,1 điện thoại ip màu bạc trầy mặt sau,188744461,HCM-GBC,THÙNG 30 - BÌ 1,Thiết bị điện tử có giá,,2021-04-27 14:02:03.126,5681374,Thiết bị điện tử có giá,880,Quá hạn,Xóa dữ liệu & Thanh lý / Thuê Vendor hủy,Phụ lục 3 (TTLT 18),GE + FPS + Procurement
2021-04-20 14:12:15.647000,5682419,1 điện thoại Oppo,186069986,HCM-GBC,THÙNG 30 - BÌ 1,Thiết bị điện tử có giá,,2021-04-20 14:12:15.647,5682419,Thiết bị điện tử có giá,887,Quá hạn,Xóa dữ liệu & Thanh lý / Thuê Vendor hủy,Phụ lục 3 (TTLT 18),GE + FPS + Procurement
2021-04-08 09:25:40.261000,4954056,1 hợp kem che khuyết điểm,184941155,HCM-GBC,THÙNG 30 - BÌ 1,"Hàng hóa hàng ngày, giấy tờ khác (quần áo, mắt kính...)",,2021-08-04 09:25:40.261,4954056,"Hàng hóa hàng ngày, giấy tờ khác (quần áo, mắt kính...)",781,Quá hạn,Thuê Vendor tiêu hủy / Quyên góp,Phụ lục 3 (TTLT 18),GE + FPS + Vendor
2021-04-26 08:28:39.443000,4853715,1 giỏ xách _mỹ phẩm,186264427,HCM-GBC,THÙNG 30 - BÌ 1,"Hàng hóa hàng ngày, giấy tờ khác (quần áo, mắt kính...)",,2021-04-26 08:28:39.443,4853715,"Hàng hóa hàng ngày, giấy tờ khác (quần áo, mắt kính...)",881,Quá hạn,Thuê Vendor tiêu hủy / Quyên góp,Phụ lục 3 (TTLT 18),GE + FPS + Vendor
2021-04-10 11:05:12.823000,4626869,1 máy nokia,185881302,HCM-GBC,THÙNG 30 - BÌ 1,Thiết bị điện tử có giá,,2021-10-04 11:05:12.823,4626869,Thiết bị điện tử có giá,720,Quá hạn,Xóa dữ liệu & Thanh lý / Thuê Vendor hủy,Phụ lục 3 (TTLT 18),GE + FPS + Procurement
28/04/2021 13:32:26,4001760,1 điện thoại oppo đã sử dụng,188854417,HCM-GBC,THÙNG 30 - BÌ 1,Thiết bị điện tử có giá,,2021-04-28 13:32:26.000,4001760,Thiết bị điện tử có giá,879,Quá hạn,Xóa dữ liệu & Thanh lý / Thuê Vendor hủy,Phụ lục 3 (TTLT 18),GE + FPS + Procurement
2021-04-12 16:17:29.361000,314162,1 mắt kính,186078946,HCM-GBC,THÙNG 30 - BÌ 1,"Hàng hóa hàng ngày, giấy tờ khác (quần áo, mắt kính...)",,2021-12-04 16:17:29.361,314162,"Hàng hóa hàng ngày, giấy tờ khác (quần áo, mắt kính...)",659,Quá hạn,Thuê Vendor tiêu hủy / Quyên góp,Phụ lục 3 (TTLT 18),GE + FPS + Vendor
2020-10-22 09:26:13.436000,602510,1 cái điện thoại oppo màu đỏ,152219168,HCM-GBC,THÙNG 30 - BÌ 1,Thiết bị điện tử có giá,,2020-10-22 09:26:13.436,602510,Thiết bị điện tử có giá,1067,Quá hạn,Xóa dữ liệu & Thanh lý / Thuê Vendor hủy,Phụ lục 3 (TTLT 18),GE + FPS + Procurement
28/04/2021 11:47:45,5654348,1 bình nước em bé,189281929,HCM-GBC,THÙNG 30 - BÌ 1,"Hàng hóa hàng ngày, giấy tờ khác (quần áo, mắt kính...)",,2021-04-28 11:47:45.000,5654348,"Hàng hóa hàng ngày, giấy tờ khác (quần áo, mắt kính...)",879,Quá hạn,Thuê Vendor tiêu hủy / Quyên góp,Phụ lục 3 (TTLT 18),GE + FPS + Vendor
2021-04-03 10:24:14.009000,4337925,1 mắt kính cận màu đen,183654213,HCM-GBC,THÙNG 30 - BÌ 1,"Hàng hóa hàng ngày, giấy tờ khác (quần áo, mắt kính...)",,2021-03-04 10:24:14.009,4337925,"Hàng hóa hàng ngày, giấy tờ khác (quần áo, mắt kính...)",934,Quá hạn,Thuê Vendor tiêu hủy / Quyên góp,Phụ lục 3 (TTLT 18),GE + FPS + Vendor
2021-04-29 13:17:31.419000,5514549,chìa khóa xe,189236089,HCM-GBC,THÙNG 30 - BÌ 1,"Hàng hóa hàng ngày, giấy tờ khác (quần áo, mắt kính...)",,2021-04-29 13:17:31.419,5514549,"Hàng hóa hàng ngày, giấy tờ khác (quần áo, mắt kính...)",878,Quá hạn,Thuê Vendor tiêu hủy / Quyên góp,Phụ lục 3 (TTLT 18),GE + FPS + Vendor
28/04/2021,963840,1 ví màu nâu CMND,189248108,HCM-GBC,THÙNG 30 - BÌ 1,Tiền mặt & giấy tờ cấp bởi CQCN,,2021-04-28 00:00:00.000,963840,Tiền mặt & giấy tờ cấp bởi CQCN,880,Cần gửi CQNN,Bàn giao CQNN / Ngân hàng,Phụ lục 4 (TTLT 18),COA + Legal + FPS
2021-04-26 08:34:50.985000,641648,bóp viết  + máy tính học sinh,188674419,HCM-GBC,THÙNG 30 - BÌ 1,"Hàng hóa hàng ngày, giấy tờ khác (quần áo, mắt kính...)",,2021-04-26 08:34:50.985,641648,"Hàng hóa hàng ngày, giấy tờ khác (quần áo, mắt kính...)",881,Quá hạn,Thuê Vendor tiêu hủy / Quyên góp,Phụ lục 3 (TTLT 18),GE + FPS + Vendor
2021-04-16 13:34:36.467000,5583528,"1 ví -1000VNĐ, 1 cây viết bi",185821132,HCM-GBC,THÙNG 30 - BÌ 1,Tiền mặt & giấy tờ cấp bởi CQCN,,2021-04-16 13:34:36.467,5583528,Tiền mặt & giấy tờ cấp bởi CQCN,891,Cần gửi CQNN,Bàn giao CQNN / Ngân hàng,Phụ lục 4 (TTLT 18),COA + Legal + FPS
2021-09-04 14:11:15,3061305,1 cmnd,185046714,HCM-GBC,THÙNG 30 - BÌ 1,Tiền mặt & giấy tờ cấp bởi CQCN,,2021-04-09 14:11:15.000,3061305,Tiền mặt & giấy tờ cấp bởi CQCN,898,Cần gửi CQNN,Bàn giao CQNN / Ngân hàng,Phụ lục 4 (TTLT 18),COA + Legal + FPS
2021-04-05 14:40:38.414000,1549563,cmnd,185038202,HCM-GBC,THÙNG 30 - BÌ 1,Tiền mặt & giấy tờ cấp bởi CQCN,,2021-05-04 14:40:38.414,1549563,Tiền mặt & giấy tờ cấp bởi CQCN,873,Cần gửi CQNN,Bàn giao CQNN / Ngân hàng,Phụ lục 4 (TTLT 18),COA + Legal + FPS
2021-02-04 08:29:02.111000,4762975,dt nokia,172126143,HCM-GBC,THÙNG 30 - BÌ 1,Thiết bị điện tử có giá,,2021-04-02 08:29:02.111,4762975,Thiết bị điện tử có giá,905,Quá hạn,Xóa dữ liệu & Thanh lý / Thuê Vendor hủy,Phụ lục 3 (TTLT 18),GE + FPS + Procurement
28/4/2021,4359167,thuốc lá điện tử,,HCM-GBC,THÙNG 30 - BÌ 1,Thuốc lá điện tử ,,2021-04-28 00:00:00.000,4359167,Thuốc lá điện tử,880,Quá hạn,Tự tiêu hủy tại Hub (Chất thải nguy hại),Biên bản tiêu hủy nội bộ,FPS + COA
2021-02-04 17:32:21,1352038,1 cây  thuốc lá điện tử,184261167,HCM-GBC,THÙNG 30 - BÌ 1,Thuốc lá điện tử ,,2021-04-02 17:32:21.000,1352038,Thuốc lá điện tử,905,Quá hạn,Tự tiêu hủy tại Hub (Chất thải nguy hại),Biên bản tiêu hủy nội bộ,FPS + COA
26/04/2021 9:50:21,4105610,"1 đt Blackberry, (tắt nguồn)",188565725,HCM-GBC,THÙNG 30 - BÌ 1,Thiết bị điện tử có giá,,2021-04-26 09:50:21.000,4105610,Thiết bị điện tử có giá,881,Quá hạn,Xóa dữ liệu & Thanh lý / Thuê Vendor hủy,Phụ lục 3 (TTLT 18),GE + FPS + Procurement
2021-04-03 16:36:59.495000,576876,ví có 1 thẻ ATM,184241472,HCM-GBC,THÙNG 30 - BÌ 1,Thẻ Ngân hàng ,,2021-03-04 16:36:59.495,576876,Thẻ Ngân hàng,934,Cần gửi CQNN,Bàn giao CQNN / Ngân hàng,Phụ lục 4 (TTLT 18),COA + Legal + FPS
2020-12-30 13:45:00.021000,1002961,cái bóp da nhìu thẻ ngân hàng,167134375,HCM-GBC,THÙNG 30 - BÌ 1,Thẻ Ngân hàng ,,2020-12-30 13:45:00.021,1002961,Thẻ Ngân hàng,998,Cần gửi CQNN,Bàn giao CQNN / Ngân hàng,Phụ lục 4 (TTLT 18),COA + Legal + FPS
14/10/2021 8:20:08,180652,1 nón bảo hiểm Sơn màu xám ,226462979,HCM-GBC,THÙNG 30 - BÌ 2,"Hàng hóa hàng ngày, giấy tờ khác (quần áo, mắt kính...)",,2021-10-14 08:20:08.000,180652,"Hàng hóa hàng ngày, giấy tờ khác (quần áo, mắt kính...)",710,Quá hạn,Thuê Vendor tiêu hủy / Quyên góp,Phụ lục 3 (TTLT 18),GE + FPS + Vendor
2020-12-29 08:13:41.065000,431357,1 ví nữ màu hồng ,162334616,HCM-GBC,THÙNG 30 - BÌ 2,"Hàng hóa hàng ngày, giấy tờ khác (quần áo, mắt kính...)",,2020-12-29 08:13:41.065,431357,"Hàng hóa hàng ngày, giấy tờ khác (quần áo, mắt kính...)",999,Quá hạn,Thuê Vendor tiêu hủy / Quyên góp,Phụ lục 3 (TTLT 18),GE + FPS + Vendor
2022-02-04 08:45:23.464000,1987654,1 thẻ NH Techcombank tên Vu Ngoc Minh Anh,259248314,HCM-GBC,THÙNG 30 - BÌ 2,Thẻ Ngân hàng ,,2022-04-02 08:45:23.464,1987654,Thẻ Ngân hàng,540,Cần gửi CQNN,Bàn giao CQNN / Ngân hàng,Phụ lục 4 (TTLT 18),COA + Legal + FPS
2021-12-29 13:32:03.703000,5250729,"1 đt Nokia phím, (tắt nguồn)",247829404,HCM-GBC,THÙNG 30 - BÌ 2,Thiết bị điện tử có giá,,2021-12-29 13:32:03.703,5250729,Thiết bị điện tử có giá,634,Quá hạn,Xóa dữ liệu & Thanh lý / Thuê Vendor hủy,Phụ lục 3 (TTLT 18),GE + FPS + Procurement
2021-02-17 08:22:57.017000,500657,đt sam sung,175497760,HCM-GBC,THÙNG 30 - BÌ 2,Thiết bị điện tử có giá,,2021-02-17 08:22:57.017,500657,Thiết bị điện tử có giá,949,Quá hạn,Xóa dữ liệu & Thanh lý / Thuê Vendor hủy,Phụ lục 3 (TTLT 18),GE + FPS + Procurement
2021-03-15 17:38:53.158000,4890694, 1 cái cmnd mang tên Hồ Vĩnh Quang,180761395,HCM-GBC,THÙNG 30 - BÌ 2,Tiền mặt & giấy tờ cấp bởi CQCN,,2021-03-15 17:38:53.158,4890694,Tiền mặt & giấy tờ cấp bởi CQCN,923,Cần gửi CQNN,Bàn giao CQNN / Ngân hàng,Phụ lục 4 (TTLT 18),COA + Legal + FPS
2020-11-24 11:00:46.134000,1084518,"1 cái ví màu đen bên trong có 53k, 1 CMND, 1 thẻ siêu thị",157417433,HCM-GBC,THÙNG 30 - BÌ 2,Tiền mặt & giấy tờ cấp bởi CQCN,,2020-11-24 11:00:46.134,1084518,Tiền mặt & giấy tờ cấp bởi CQCN,1034,Cần gửi CQNN,Bàn giao CQNN / Ngân hàng,Phụ lục 4 (TTLT 18),COA + Legal + FPS
2020-11-04 13:41:31.584000,5091835,ip 5s,151553594,HCM-GBC,THÙNG 30 - BÌ 2,Thiết bị điện tử có giá,,2020-04-11 13:41:31.584,5091835,Thiết bị điện tử có giá,1261,Quá hạn,Xóa dữ liệu & Thanh lý / Thuê Vendor hủy,Phụ lục 3 (TTLT 18),GE + FPS + Procurement
2020-10-26 09:31:55.196000,1259770,1 thẻ ATM,152650248,HCM-GBC,THÙNG 30 - BÌ 2,Thẻ Ngân hàng ,,2020-10-26 09:31:55.196,1259770,Thẻ Ngân hàng,1063,Cần gửi CQNN,Bàn giao CQNN / Ngân hàng,Phụ lục 4 (TTLT 18),COA + Legal + FPS
2020-10-05 11:27:43.954000,2843030,1 điện thoại nokia màu đen cũ tắt nguồn,149068473,HCM-GBC,THÙNG 30 - BÌ 2,Thiết bị điện tử có giá,,2020-05-10 11:27:43.954,2843030,Thiết bị điện tử có giá,1232,Quá hạn,Xóa dữ liệu & Thanh lý / Thuê Vendor hủy,Phụ lục 3 (TTLT 18),GE + FPS + Procurement
2021-03-04 17:12:04.501000,161827,"1 đông hồ thông minh, (hết pin),",179281190,HCM-GBC,THÙNG 30 - BÌ 2,Thiết bị điện tử có giá,,2021-04-03 17:12:04.501,161827,Thiết bị điện tử có giá,904,Quá hạn,Xóa dữ liệu & Thanh lý / Thuê Vendor hủy,Phụ lục 3 (TTLT 18),GE + FPS + Procurement
2020-10-29 14:09:45.063000,5590735,1 CMND tên Đoàn Thị Diễm Thùy,150785979,HCM-GBC,THÙNG 30 - BÌ 2,Tiền mặt & giấy tờ cấp bởi CQCN,,2020-10-29 14:09:45.063,5590735,Tiền mặt & giấy tờ cấp bởi CQCN,1060,Cần gửi CQNN,Bàn giao CQNN / Ngân hàng,Phụ lục 4 (TTLT 18),COA + Legal + FPS
2021-03-12 10:17:09.066000,1067758,"1 đt Nokia 105, (hoạt động bình thương)",179279092,HCM-GBC,THÙNG 30 - BÌ 2,Thiết bị điện tử có giá,,2021-12-03 10:17:09.066,1067758,Thiết bị điện tử có giá,660,Quá hạn,Xóa dữ liệu & Thanh lý / Thuê Vendor hủy,Phụ lục 3 (TTLT 18),GE + FPS + Procurement
2021-02-04 15:41:36.321000,5078870,1 đồng hồ nữ.,173761543,HCM-GBC,THÙNG 30 - BÌ 2,"Hàng hóa hàng ngày, giấy tờ khác (quần áo, mắt kính...)",,2021-04-02 15:41:36.321,5078870,"Hàng hóa hàng ngày, giấy tờ khác (quần áo, mắt kính...)",905,Quá hạn,Thuê Vendor tiêu hủy / Quyên góp,Phụ lục 3 (TTLT 18),GE + FPS + Vendor
2021-02-08 15:57:23.426000,1666129,1 điện thoại Nokia màu xanh ,174962636,HCM-GBC,THÙNG 30 - BÌ 2,Thiết bị điện tử có giá,,2021-08-02 15:57:23.426,1666129,Thiết bị điện tử có giá,783,Quá hạn,Xóa dữ liệu & Thanh lý / Thuê Vendor hủy,Phụ lục 3 (TTLT 18),GE + FPS + Procurement
2020-12-30 14:10:59.103000,5038195,1 ví nâu ,166932344,HCM-GBC,THÙNG 30 - BÌ 2,"Hàng hóa hàng ngày, giấy tờ khác (quần áo, mắt kính...)",,2020-12-30 14:10:59.103,5038195,"Hàng hóa hàng ngày, giấy tờ khác (quần áo, mắt kính...)",998,Quá hạn,Thuê Vendor tiêu hủy / Quyên góp,Phụ lục 3 (TTLT 18),GE + FPS + Vendor
2020-12-07 14:02:02.929000,533550,1 cuốn Passport tên Lê Nguyễn Trâm Anh và 1 CMND tên Trần Nguyễn Phi Việt,159375112,HCM-GBC,THÙNG 30 - BÌ 2,Tiền mặt & giấy tờ cấp bởi CQCN,,2020-07-12 14:02:02.929,533550,Tiền mặt & giấy tờ cấp bởi CQCN,1169,Cần gửi CQNN,Bàn giao CQNN / Ngân hàng,Phụ lục 4 (TTLT 18),COA + Legal + FPS
2020-10-07 09:15:10.844000,5119408,1 thẻ visa màu hồng,149371710,HCM-GBC,THÙNG 30 - BÌ 2,"Hàng hóa hàng ngày, giấy tờ khác (quần áo, mắt kính...)",,2020-07-10 09:15:10.844,5119408,"Hàng hóa hàng ngày, giấy tờ khác (quần áo, mắt kính...)",1171,Quá hạn,Thuê Vendor tiêu hủy / Quyên góp,Phụ lục 3 (TTLT 18),GE + FPS + Vendor
2020-11-23 14:24:07.607000,4060302,1 thẻ ngân hàng ACB (tên Marc S Teachen),157649149,HCM-GBC,THÙNG 30 - BÌ 2,Thẻ Ngân hàng ,,2020-11-23 14:24:07.607,4060302,Thẻ Ngân hàng,1035,Cần gửi CQNN,Bàn giao CQNN / Ngân hàng,Phụ lục 4 (TTLT 18),COA + Legal + FPS
2020-11-17 17:05:03.702000,4980648,1 cái CMND mang tên Lê Văn Phúc.,155452031,HCM-GBC,THÙNG 30 - BÌ 2,Tiền mặt & giấy tờ cấp bởi CQCN,,2020-11-17 17:05:03.702,4980648,Tiền mặt & giấy tờ cấp bởi CQCN,1041,Cần gửi CQNN,Bàn giao CQNN / Ngân hàng,Phụ lục 4 (TTLT 18),COA + Legal + FPS
2022-02-11 13:45:55.215000,4772487,điện thoại samsung đen ,260378847,HCM-GBC,THÙNG 30 - BÌ 2,Thiết bị điện tử có giá,,2022-11-02 13:45:55.215,4772487,Thiết bị điện tử có giá,326,Quá hạn,Xóa dữ liệu & Thanh lý / Thuê Vendor hủy,Phụ lục 3 (TTLT 18),GE + FPS + Procurement
2021-11-30 13:48:46.021000,5714593,1 chùm chìa khoá (6 chiếc),238873037,HCM-GBC,THÙNG 30 - BÌ 2,"Hàng hóa hàng ngày, giấy tờ khác (quần áo, mắt kính...)",,2021-11-30 13:48:46.021,5714593,"Hàng hóa hàng ngày, giấy tờ khác (quần áo, mắt kính...)",663,Quá hạn,Thuê Vendor tiêu hủy / Quyên góp,Phụ lục 3 (TTLT 18),GE + FPS + Vendor
2021-12-28 09:21:27.377000,665724,"1 đt SamSung, (hoạt động bình thương, bể màn hình)",247672133,HCM-GBC,THÙNG 30 - BÌ 2,Thiết bị điện tử có giá,,2021-12-28 09:21:27.377,665724,Thiết bị điện tử có giá,635,Quá hạn,Xóa dữ liệu & Thanh lý / Thuê Vendor hủy,Phụ lục 3 (TTLT 18),GE + FPS + Procurement
2020-10-30 16:52:05.322000,1399462,dt xiaomi,152792447,HCM-GBC,THÙNG 30 - BÌ 2,Thiết bị điện tử có giá,,2020-10-30 16:52:05.322,1399462,Thiết bị điện tử có giá,1059,Quá hạn,Xóa dữ liệu & Thanh lý / Thuê Vendor hủy,Phụ lục 3 (TTLT 18),GE + FPS + Procurement
2020-10-20 13:42:07.318000,5154500,"1 đt SamSung, (cũ hư và bể màn hình, ",151398937,HCM-GBC,THÙNG 30 - BÌ 2,Thiết bị điện tử có giá,,2020-10-20 13:42:07.318,5154500,Thiết bị điện tử có giá,1069,Quá hạn,Xóa dữ liệu & Thanh lý / Thuê Vendor hủy,Phụ lục 3 (TTLT 18),GE + FPS + Procurement
2021-01-05 10:42:42.288000,5147814,1 điện thoại Nokia màu đen phím số ,167391441,HCM-GBC,THÙNG 30 - BÌ 2,Thiết bị điện tử có giá,,2021-05-01 10:42:42.288,5147814,Thiết bị điện tử có giá,876,Quá hạn,Xóa dữ liệu & Thanh lý / Thuê Vendor hủy,Phụ lục 3 (TTLT 18),GE + FPS + Procurement
2021-01-09 14:34:50.257000,5527681,dt ip 7+,167893538,HCM-GBC,THÙNG 30 - BÌ 2,Thiết bị điện tử có giá,,2021-09-01 14:34:50.257,5527681,Thiết bị điện tử có giá,753,Quá hạn,Xóa dữ liệu & Thanh lý / Thuê Vendor hủy,Phụ lục 3 (TTLT 18),GE + FPS + Procurement
2021-03-04 15:48:00.665000,315311, 1 đt Nokia 1280 (hoạt động bình thương),179262692,HCM-GBC,THÙNG 30 - BÌ 2,Thiết bị điện tử có giá,,2021-04-03 15:48:00.665,315311,Thiết bị điện tử có giá,904,Quá hạn,Xóa dữ liệu & Thanh lý / Thuê Vendor hủy,Phụ lục 3 (TTLT 18),GE + FPS + Procurement
2021-03-02 11:35:13.492000,4565075,1 đt vivo ( tắt nguồn ),177030653,HCM-GBC,THÙNG 30 - BÌ 2,Thiết bị điện tử có giá,,2021-02-03 11:35:13.492,4565075,Thiết bị điện tử có giá,963,Quá hạn,Xóa dữ liệu & Thanh lý / Thuê Vendor hủy,Phụ lục 3 (TTLT 18),GE + FPS + Procurement
2020-11-20 14:05:44.959000,747016,"1 đt Iphone, (tắt nguồn)",156971815,HCM-GBC,THÙNG 30 - BÌ 2,Thiết bị điện tử có giá,,2020-11-20 14:05:44.959,747016,Thiết bị điện tử có giá,1038,Quá hạn,Xóa dữ liệu & Thanh lý / Thuê Vendor hủy,Phụ lục 3 (TTLT 18),GE + FPS + Procurement
2021-12-08 16:51:07.851000,1122890,1 điện thoại iphone 5S đã tắt nguồn,242278883,HCM-GBC,THÙNG 30 - BÌ 2,Thiết bị điện tử có giá,,2021-08-12 16:51:07.851,1122890,Thiết bị điện tử có giá,773,Quá hạn,Xóa dữ liệu & Thanh lý / Thuê Vendor hủy,Phụ lục 3 (TTLT 18),GE + FPS + Procurement
2021-11-15 15:14:20.734000,4516221,điện thoai,235633081,HCM-GBC,THÙNG 30 - BÌ 2,Thiết bị điện tử có giá,,2021-11-15 15:14:20.734,4516221,Thiết bị điện tử có giá,678,Quá hạn,Xóa dữ liệu & Thanh lý / Thuê Vendor hủy,Phụ lục 3 (TTLT 18),GE + FPS + Procurement
2021-02-22 15:13:46.134000,4220214,1 đt Samsung J2 pro (còn lên nguồn),177329451,HCM-GBC,THÙNG 30 - BÌ 2,Thiết bị điện tử có giá,,2021-02-22 15:13:46.134,4220214,Thiết bị điện tử có giá,944,Quá hạn,Xóa dữ liệu & Thanh lý / Thuê Vendor hủy,Phụ lục 3 (TTLT 18),GE + FPS + Procurement
2021-03-17 09:12:21.898000,5494084,1 điện thoại Samsung và 10k,180847931,HCM-GBC,THÙNG 30 - BÌ 2,Thiết bị điện tử có giá,,2021-03-17 09:12:21.898,5494084,Thiết bị điện tử có giá,921,Quá hạn,Xóa dữ liệu & Thanh lý / Thuê Vendor hủy,Phụ lục 3 (TTLT 18),GE + FPS + Procurement
2022-02-11 15:48:29.483000,3286944,"1 đt Oppo, ( tắt nguồn, bể màn hình)",258750649,HCM-GBC,THÙNG 30 - BÌ 2,Thiết bị điện tử có giá,,2022-11-02 15:48:29.483,3286944,Thiết bị điện tử có giá,326,Quá hạn,Xóa dữ liệu & Thanh lý / Thuê Vendor hủy,Phụ lục 3 (TTLT 18),GE + FPS + Procurement
2020-11-18 10:07:59.192000,3178233,ip 7 +,156000755,HCM-GBC,THÙNG 30 - BÌ 2,Thiết bị điện tử có giá,,2020-11-18 10:07:59.192,3178233,Thiết bị điện tử có giá,1040,Quá hạn,Xóa dữ liệu & Thanh lý / Thuê Vendor hủy,Phụ lục 3 (TTLT 18),GE + FPS + Procurement
2020-10-30 09:41:14.513000,5509877,1 cái đồng hồ,153076737,HCM-GBC,THÙNG 30 - BÌ 2,Thiết bị điện tử có giá,,2020-10-30 09:41:14.513,5509877,Thiết bị điện tử có giá,1059,Quá hạn,Xóa dữ liệu & Thanh lý / Thuê Vendor hủy,Phụ lục 3 (TTLT 18),GE + FPS + Procurement
2020-10-22 10:27:46.803000,836248,1 cái điện thoại iphone ,152324137,HCM-GBC,THÙNG 30 - BÌ 2,Thiết bị điện tử có giá,,2020-10-22 10:27:46.803,836248,Thiết bị điện tử có giá,1067,Quá hạn,Xóa dữ liệu & Thanh lý / Thuê Vendor hủy,Phụ lục 3 (TTLT 18),GE + FPS + Procurement
2021-03-24 10:45:06.321000,368790,1 cái đt nokia đen,182562816,HCM-GBC,THÙNG 30 - BÌ 2,Thiết bị điện tử có giá,,2021-03-24 10:45:06.321,368790,Thiết bị điện tử có giá,914,Quá hạn,Xóa dữ liệu & Thanh lý / Thuê Vendor hủy,Phụ lục 3 (TTLT 18),GE + FPS + Procurement
2020-10-06 12:13:05.944000,5258793," 1 ví nữ màu xám ( 1 thẻ ATM TECHCOMBANK, 1 GPLX, 1 Thẻ siêu thị và 8000đ",149550762,HCM-GBC,THÙNG 30 - BÌ 2,Tiền mặt & giấy tờ cấp bởi CQCN,,2020-06-10 12:13:05.944,5258793,Tiền mặt & giấy tờ cấp bởi CQCN,1201,Cần gửi CQNN,Bàn giao CQNN / Ngân hàng,Phụ lục 4 (TTLT 18),COA + Legal + FPS
2020-10-21 14:03:00.949000,630722,"1 cái bóp màu đen, có 5 cái thẻ và 30000đ tiền mặt.",151530801,HCM-GBC,THÙNG 30 - BÌ 2,Tiền mặt & giấy tờ cấp bởi CQCN,,2020-10-21 14:03:00.949,630722,Tiền mặt & giấy tờ cấp bởi CQCN,1068,Cần gửi CQNN,Bàn giao CQNN / Ngân hàng,Phụ lục 4 (TTLT 18),COA + Legal + FPS
2022-02-15 11:19:18.005000,5284932,dây chuyền ,256180052,HCM-GBC,THÙNG 30 - BÌ 2,"Hàng hóa hàng ngày, giấy tờ khác (quần áo, mắt kính...)",,2022-02-15 11:19:18.005,5284932,"Hàng hóa hàng ngày, giấy tờ khác (quần áo, mắt kính...)",586,Quá hạn,Thuê Vendor tiêu hủy / Quyên góp,Phụ lục 3 (TTLT 18),GE + FPS + Vendor
2021-03-02 08:35:37.720000,682009,đồng hồ,178015066,HCM-GBC,THÙNG 30 - BÌ 2,"Hàng hóa hàng ngày, giấy tờ khác (quần áo, mắt kính...)",,2021-02-03 08:35:37.720,682009,"Hàng hóa hàng ngày, giấy tờ khác (quần áo, mắt kính...)",963,Quá hạn,Thuê Vendor tiêu hủy / Quyên góp,Phụ lục 3 (TTLT 18),GE + FPS + Vendor
2021-01-08 15:54:22.995000,4778090,thẻ ATM ,167423863,HCM-GBC,THÙNG 30 - BÌ 2,Thẻ Ngân hàng ,,2021-08-01 15:54:22.995,4778090,Thẻ Ngân hàng,784,Cần gửi CQNN,Bàn giao CQNN / Ngân hàng,Phụ lục 4 (TTLT 18),COA + Legal + FPS
2022-01-18 09:39:10.670000,1239432,1 cái usb,254343078,HCM-GBC,THÙNG 30 - BÌ 2,"Hàng hóa hàng ngày, giấy tờ khác (quần áo, mắt kính...)",,2022-01-18 09:39:10.670,1239432,"Hàng hóa hàng ngày, giấy tờ khác (quần áo, mắt kính...)",614,Quá hạn,Thuê Vendor tiêu hủy / Quyên góp,Phụ lục 3 (TTLT 18),GE + FPS + Vendor
2022-02-15 08:43:37.679000,3404041,tai nghe,261367344,HCM-GBC,THÙNG 30 - BÌ 2,"Hàng hóa hàng ngày, giấy tờ khác (quần áo, mắt kính...)",,2022-02-15 08:43:37.679,3404041,"Hàng hóa hàng ngày, giấy tờ khác (quần áo, mắt kính...)",586,Quá hạn,Thuê Vendor tiêu hủy / Quyên góp,Phụ lục 3 (TTLT 18),GE + FPS + Vendor
24/11/2022,1239432,dụng cụ quay,365254905,HCM-GBC,BAO 29 - BÌ LẺ 3,"Hàng hóa hàng ngày, giấy tờ khác (quần áo, mắt kính...)",,2022-11-24 00:00:00.000,1239432,"Hàng hóa hàng ngày, giấy tờ khác (quần áo, mắt kính...)",305,Quá hạn,Thuê Vendor tiêu hủy / Quyên góp,Phụ lục 3 (TTLT 18),GE + FPS + Vendor
2022-01-13 00:00:00,5576164,"1 cái ví nữ có 1 thẻ SHINHAN BANK (Nguyen Thai Thuy Vi) 9704 2420 0358 4529 hết hạn 07/2026, 1 tờ 2 đô, 1 tờ vé số, 1 ảnh thẻ",250484205,HCM-GBC,BÌ 3 LẺ,Thẻ Ngân hàng ,,2022-01-13 00:00:00.000,5576164,Thẻ Ngân hàng,620,Cần gửi CQNN,Bàn giao CQNN / Ngân hàng,Phụ lục 4 (TTLT 18),COA + Legal + FPS
2022-09-21 00:00:00,746736,1 hộ chiếu K0135638 (Nguyễn Thị Tường Linh),337119901,HCM-GBC,BÌ 3 LẺ,Tiền mặt & giấy tờ cấp bởi CQCN,,2022-09-21 00:00:00.000,746736,Tiền mặt & giấy tờ cấp bởi CQCN,369,Cần gửi CQNN,Bàn giao CQNN / Ngân hàng,Phụ lục 4 (TTLT 18),COA + Legal + FPS
2022-08-12 00:00:00,6208898,"1 thẻ Ngân hàng MB tên: Phạm Thùy Linh số 4089 0510 6425 1464
hết hạn 04/2026",321957556,HCM-GBC,BÌ 3 LẺ,Thẻ Ngân hàng ,,2022-12-08 00:00:00.000,6208898,Thẻ Ngân hàng,291,Cần gửi CQNN,Bàn giao CQNN / Ngân hàng,Phụ lục 4 (TTLT 18),COA + Legal + FPS
2022-07-07 00:00:00,617743,"1 thẻ VPBank atm NGUYEN THI NGOC NGAN
số 5203 9506 7691 2512 hết hạn 08/2025",309787724,HCM-GBC,BÌ 3 LẺ,Thẻ Ngân hàng ,,2022-07-07 00:00:00.000,617743,Thẻ Ngân hàng,445,Cần gửi CQNN,Bàn giao CQNN / Ngân hàng,Phụ lục 4 (TTLT 18),COA + Legal + FPS
2022-08-15 00:00:00,6499271,"1 cái ví không có tiền gồm có: 1 CCCD Vi Văn Giang số 038092005268, 1 Thẻ NH SacomBank Vi Văn Giang 5174 1600 0376 1104 hạn 09/2025, 2 TỜ VÉ SỐ",322278121,HCM-GBC,BÌ 3 LẺ,Tiền mặt & giấy tờ cấp bởi CQCN,,2022-08-15 00:00:00.000,6499271,Tiền mặt & giấy tờ cấp bởi CQCN,406,Cần gửi CQNN,Bàn giao CQNN / Ngân hàng,Phụ lục 4 (TTLT 18),COA + Legal + FPS
2022-09-27 00:00:00,5161925,"TS là 1 cái ví đen gồm có: 1 cccd Vũ Việt Hưng 001089021736, 1 gplx số 010112042698 tên Vũ Việt Hưng, 1 cavet  29000968 tên chủ xe Nguyễn Duy Quang 2000, 1 thẻ ngân hàng MBBank Vũ Việt Hưng 9704 2220 2897 7221 hết hạn 06/2027, 1 thẻ ngân hàng TechcomBank Vũ Việt Hưng 9704 0799 4771 0756 hết hạn 07/2027, 1 tờ tiền 5k",341691078,HCM-GBC,BÌ 3 LẺ,Tiền mặt & giấy tờ cấp bởi CQCN,,2022-09-27 00:00:00.000,5161925,Tiền mặt & giấy tờ cấp bởi CQCN,363,Cần gửi CQNN,Bàn giao CQNN / Ngân hàng,Phụ lục 4 (TTLT 18),COA + Legal + FPS
2022-06-09 00:00:00,4068587,"TS là 1 Túi xách màu đen: có 1 CCCD Trần Hoàng Phúc Lộc số 074303001956, 1 Tai nghe Iphong dây trắng, 1 cục sạc dự phòng, 1 cây son",297393433,HCM-GBC,BÌ 3 LẺ,Tiền mặt & giấy tờ cấp bởi CQCN,,2022-09-06 00:00:00.000,4068587,Tiền mặt & giấy tờ cấp bởi CQCN,384,Cần gửi CQNN,Bàn giao CQNN / Ngân hàng,Phụ lục 4 (TTLT 18),COA + Legal + FPS
2022-12-26 00:00:00,4535990,"1 ví gồm: 78k và 1 thẻ ngân hàng Revolut tên Minh Hoàng số 5354 5673 9023 7971 hết hạn 12/2025, 1 thẻ Saigon Coop tên Nguyễn Thị Nga số 3245039, 1 thẻ member card Victoria Fitness & Yoga tên Nguyễn Hoàng Nhật Minh",376930336,HCM-GBC,BÌ 3 LẺ,Tiền mặt & giấy tờ cấp bởi CQCN,,2022-12-26 00:00:00.000,4535990,Tiền mặt & giấy tờ cấp bởi CQCN,273,Cần gửi CQNN,Bàn giao CQNN / Ngân hàng,Phụ lục 4 (TTLT 18),COA + Legal + FPS
2021-05-14 00:00:00,4734983,1 CMND tên Nguyễn Thị Lành số 125347046 và chùm chìa khóa,192479693,HCM-GBC,BÌ 3 LẺ,Tiền mặt & giấy tờ cấp bởi CQCN,,2021-05-14 00:00:00.000,4734983,Tiền mặt & giấy tờ cấp bởi CQCN,864,Cần gửi CQNN,Bàn giao CQNN / Ngân hàng,Phụ lục 4 (TTLT 18),COA + Legal + FPS
2023-06-05 00:00:00,6872420,"1 Ví đen chứa thẻ không có tiền
1 thẻ CCCD số 730723145145 tên Goh Boon Siong
1 thẻ Driving licence số 730723145145 tên Goh Boon Siong hết hạn 23/07/2024
1 thẻ Malaysian Learner's Driving Malaysia 
1 cavet xe BM 519286 Motosikal
1 sợi dây màu đỏ
1 thẻ MBSB 4323 1000 0089 5524 hạn 02/2028
1 thẻ MayBank số 3791 8513 5535 856 hạn 05/2025
1 thẻ BSN Bank 4059 9860 3155 8309 hạn 11/2023
1 thẻ Visa Touchngo eWallet
1 thẻ Alliance 5326 7800 1029 0784 hạn 12/25
1 thẻ MayBank số 4283 3220 9298 4507 hạn 01/27
1 thẻ MayBank số 4966 2303 3970 5854 hạn 05/25
1 thẻ Visa MayBank số 4283 3230 0331 0253 hạn 09/27
1 Medical card tên Goh Boon Siong số 7307 23 145145 
1 thẻ AIA Vitality tên Goh Boon Siong só VA 125 06 126 ",436912741,HCM-GBC,BÌ 3 LẺ,Tiền mặt & giấy tờ cấp bởi CQCN,,2023-05-06 00:00:00.000,6872420,Tiền mặt & giấy tờ cấp bởi CQCN,142,Cần gửi CQNN,Bàn giao CQNN / Ngân hàng,Phụ lục 4 (TTLT 18),COA + Legal + FPS
2022-12-14 00:00:00,3969192,"1 ví nữ màu đen gồm: 
1 CCCD tên Nguyễn Thị Ngọc Nhi số 075197013159 , 
1 GPLX tên Nguyễn Thị Ngọc Nhi số 7911 53 19 3205
1 VCB tên Nguyễn Thị Ngọc Nhi số 4283 1039 5033 2595 hạn 05/24
1 VCB tên Nguyễn Thị Ngọc Nhi số 4524 0418 2771 6617 hạn 03/27
1 cavet xe Nguyễn Thị Ngọc Nhi số 1997 số 005431 
1 CMND tên Nguyễn Thị Ngọc Nhi số 272484632
1 tờ tiền cambonia 900, 
1 thẻ AEoN care tên Nguyễn Thị Ngọc Nhi ssoo 0000025A/CN.4.5/020-KD16
1 thẻ eMart 
1 thẻ siêu thị Hoàng Đức
1 thẻ VCB tên Nguyễn Thị Ngọc Nhi số 9704 3666 0972 3533 018
1 thẻ Time zone
Hình thẻ
Bảo hiêm y tế và bảo hiểm xe
",370631417,HCM-GBC,BÌ 3 LẺ,Tiền mặt & giấy tờ cấp bởi CQCN,,2022-12-14 00:00:00.000,3969192,Tiền mặt & giấy tờ cấp bởi CQCN,285,Cần gửi CQNN,Bàn giao CQNN / Ngân hàng,Phụ lục 4 (TTLT 18),COA + Legal + FPS
2022-12-30 00:00:00,6706271,"1 ví đựng thẻ ,
1 GPLX James Raymond HENEGHAN số 23829420 hạn 13/08/2023
1 thẻ ngân hàng tên James HENEGHAN số 4165 9864 4673 7374 hạn 06/27",378915138,HCM-GBC,BÌ 3 LẺ,Tiền mặt & giấy tờ cấp bởi CQCN,,2022-12-30 00:00:00.000,6706271,Tiền mặt & giấy tờ cấp bởi CQCN,269,Cần gửi CQNN,Bàn giao CQNN / Ngân hàng,Phụ lục 4 (TTLT 18),COA + Legal + FPS
2022-07-13 00:00:00,62924,"1 ví đen
1 CMND tên Hồ Thế Trung số 215555811 
1 VAVET Hồ Sĩ Lam 1970 số 081326
1 THẺ GYM tên Hồ Thế Trung",310638542,HCM-GBC,BÌ 3 LẺ,Tiền mặt & giấy tờ cấp bởi CQCN,,2022-07-13 00:00:00.000,62924,Tiền mặt & giấy tờ cấp bởi CQCN,439,Cần gửi CQNN,Bàn giao CQNN / Ngân hàng,Phụ lục 4 (TTLT 18),COA + Legal + FPS
2022-04-14 00:00:00,558924,"1 chiếc ví đen chưa giấy tờ 
1 CCCD tên Lê Quang Huy số 0790 8803 9336
1 thẻ sân bay tên Lê Quang Huy 
1 GPLX tên Lê Quang Huy số AX040374
1 thẻ ngân hàng BIDV tên Lê Quang Huy số 4111 5301 1655 7111 hạn 05/24
1 thẻ ngân hàng BIDV tên Lê Quang Huy số 9704 18000 00000 90985 hạn 12/27
1 thẻ Sacombank số 9704 0358 3258 8723 
1 thẻ gửi xe ",279422957,HCM-GBC,BÌ 3 LẺ,Tiền mặt & giấy tờ cấp bởi CQCN,,2022-04-14 00:00:00.000,558924,Tiền mặt & giấy tờ cấp bởi CQCN,529,Cần gửi CQNN,Bàn giao CQNN / Ngân hàng,Phụ lục 4 (TTLT 18),COA + Legal + FPS
2023-06-08 00:00:00,2165302,"1 cái ví màu trắng (202.000đ)
1 thẻ ngân hàng Woori Bank Viet Nam tên Kwon Dohee số 4074 3220 3193 5225 hạn 11/27
1 thẻ Shinhan Bank tên Kwon Dohee số 4696 7400 1641 4924 hạn 06/27
1 thẻ Sơn Kim retail
1 thẻ Starbucks
1 thẻ tòa nhà 
1 thẻ thang máy",437315085,HCM-GBC,BÌ 3 LẺ,Tiền mặt & giấy tờ cấp bởi CQCN,,2023-08-06 00:00:00.000,2165302,Tiền mặt & giấy tờ cấp bởi CQCN,50,Cần gửi CQNN,Bàn giao CQNN / Ngân hàng,Phụ lục 4 (TTLT 18),COA + Legal + FPS
2022-11-01 00:00:00,708304,"1 ví nhỏ chưa 
1 CCCD tên Vũ Thị Quyên Chi số 066197000331 
1 THẺ NGÂN HÀNG Techcombank tên Vũ Thị Quyên Chi  số 9704 0799 4584 6412 hạn 02/25
1 CAVET tên Vũ Thị Quyên Chi số 47000896
1 GPLX tên Vũ Thị Quyên Chi số 661168004509",356268937,HCM-GBC,BÌ 3 LẺ,Tiền mặt & giấy tờ cấp bởi CQCN,,2022-01-11 00:00:00.000,708304,Tiền mặt & giấy tờ cấp bởi CQCN,622,Cần gửi CQNN,Bàn giao CQNN / Ngân hàng,Phụ lục 4 (TTLT 18),COA + Legal + FPS
2022-09-19 00:00:00,593239,TS là 1 thẻ ngân hàng HSBC tên (Phạm Anh Tuấn) số 4378 4100 0102 6829 hạn 05/24,337245060,HCM-GBC,BÌ 3 LẺ,Tiền mặt & giấy tờ cấp bởi CQCN,,2022-09-19 00:00:00.000,593239,Tiền mặt & giấy tờ cấp bởi CQCN,371,Cần gửi CQNN,Bàn giao CQNN / Ngân hàng,Phụ lục 4 (TTLT 18),COA + Legal + FPS
2021-05-10 00:00:00,1605447,"1 cái ví tiền màu xanh đen có: 
1 CMND tên Đoàn Văn Lợi số 2760 09363 
1 thẻ BIDV tên Đoàn Văn Lợi số 9704 1800 9275 0207 
1 thẻ Shinhan Bank tên Đoàn Văn Lợi số 4030 1300 0142 4903 hạn 06/24
1 thẻ Shinhan Bank tên Đoàn Văn Lợi số 9704 2460 1101 8156
1 giấy đăng ký moto tên Trương Quang Mai số A0036231
2 USD 
312,200 VNĐ",188677390,HCM-GBC,BÌ 3 LẺ,Tiền mặt & giấy tờ cấp bởi CQCN,,2021-10-05 00:00:00.000,1605447,Tiền mặt & giấy tờ cấp bởi CQCN,720,Cần gửi CQNN,Bàn giao CQNN / Ngân hàng,Phụ lục 4 (TTLT 18),COA + Legal + FPS
2022-10-19 00:00:00,802278,TS là 1 thẻ ATM VCB tên LE HOANG QUY CHAU số 9704 3686 0507 9791 018 hạn 07/26,350932727,HCM-GBC,BÌ 3 LẺ,Thẻ Ngân hàng ,,2022-10-19 00:00:00.000,802278,Thẻ Ngân hàng,341,Cần gửi CQNN,Bàn giao CQNN / Ngân hàng,Phụ lục 4 (TTLT 18),COA + Legal + FPS
2023-03-10 00:00:00,5701515,"1 cái ví 
500 VNĐ
1 CCCD tên Lê Phạm Đăng Khôi số 0790 8900 4734 
1 GPLX tên Lê Phạm Đăng Khôi số 7901 3539 6737 
1 thẻ VCB tên Lê Phạm Đăng Khôi số 9704 3668 0941 7028 016 
1 thẻ FV tên Lê Hà Anh Sa số 800 732 324 
02 thẻ GYM Myki",407127406,HCM-GBC,BÌ 3 LẺ,Tiền mặt & giấy tờ cấp bởi CQCN,,2023-10-03 00:00:00.000,5701515,Tiền mặt & giấy tờ cấp bởi CQCN,-8,Cần gửi CQNN,Bàn giao CQNN / Ngân hàng,Phụ lục 4 (TTLT 18),COA + Legal + FPS
2022-08-04 00:00:00,2181245,"1 ví đen nhỏ có 402k
1 cái thẻ Time Zone",320233961,HCM-GBC,BÌ 3 LẺ,Tiền mặt & giấy tờ cấp bởi CQCN,,2022-04-08 00:00:00.000,2181245,Tiền mặt & giấy tờ cấp bởi CQCN,535,Cần gửi CQNN,Bàn giao CQNN / Ngân hàng,Phụ lục 4 (TTLT 18),COA + Legal + FPS
2021-05-07 00:00:00,645907,TS là 1 thẻ VIETCOMBANK tên Bạch Ngọc Như Như sô 9704 3668 0827 8893 039 ,190761260,HCM-GBC,BÌ 3 LẺ,Thẻ Ngân hàng ,,2021-07-05 00:00:00.000,645907,Thẻ Ngân hàng,812,Cần gửi CQNN,Bàn giao CQNN / Ngân hàng,Phụ lục 4 (TTLT 18),COA + Legal + FPS
2023-01-12 15:25:16,5256615,"1 ví màu vàng 16.000đ, 
1 thẻ dân cư ECO GREEN
1 thẻ ngân hàng TPBank tên Nguyễn Ngọc Minh Châu só 9704 2313 9209 0297 hạn 05/25
1 thẻ bảo hành tên Nguyễn Ngọc Minh Châu
hình thẻ",384270564,HCM-GBC,BÌ 3 LẺ,Tiền mặt & giấy tờ cấp bởi CQCN,,2023-12-01 15:25:16.000,5256615,Tiền mặt & giấy tờ cấp bởi CQCN,-68,Cần gửi CQNN,Bàn giao CQNN / Ngân hàng,Phụ lục 4 (TTLT 18),COA + Legal + FPS
2023-06-06 00:00:00,147952,"1 thẻ ngân hàng VCB tên Võ Lưu Bảo Châu số 4524 4018 9535 6742 hạn 01/28
1 GPLX tên Võ Lưu Bảo Châu số 641199202879",437079229,HCM-GBC,BÌ 3 LẺ,Thẻ Ngân hàng ,,2023-06-06 00:00:00.000,147952,Thẻ Ngân hàng,111,Cần gửi CQNN,Bàn giao CQNN / Ngân hàng,Phụ lục 4 (TTLT 18),COA + Legal + FPS
2023-06-28 00:00:00,3171189,1 CCCD tên Trần Nguyên Cát số 0790950227222,444004550,HCM-GBC,BÌ 3 LẺ,Tiền mặt & giấy tờ cấp bởi CQCN,,2023-06-28 00:00:00.000,3171189,Tiền mặt & giấy tờ cấp bởi CQCN,89,Cần gửi CQNN,Bàn giao CQNN / Ngân hàng,Phụ lục 4 (TTLT 18),COA + Legal + FPS
2023-04-20 00:00:00,5807009,1 thẻ ATM FE CREDIT số 5391 4600 3544 1916 hạn 02/24,420618544,HCM-GBC,BÌ 3 LẺ,Thẻ Ngân hàng ,,2023-04-20 00:00:00.000,5807009,Thẻ Ngân hàng,158,Cần gửi CQNN,Bàn giao CQNN / Ngân hàng,Phụ lục 4 (TTLT 18),COA + Legal + FPS
2023-04-17 00:00:00,2397264,1 thẻ visa TechcomBank tên Nguyễn Thị Ngọc Hà số 4221 4986 9815 9515 hạn 02/26,419277731,HCM-GBC,BÌ 3 LẺ,Thẻ Ngân hàng ,,2023-04-17 00:00:00.000,2397264,Thẻ Ngân hàng,161,Cần gửi CQNN,Bàn giao CQNN / Ngân hàng,Phụ lục 4 (TTLT 18),COA + Legal + FPS
17/04/2023,2555040,1 CCCD (nguyễn thị cẩm yến) số 084 301 001 747,421645551,HCM-GBC,BÌ 3 LẺ,Tiền mặt & giấy tờ cấp bởi CQCN,,2023-04-17 00:00:00.000,2555040,Tiền mặt & giấy tờ cấp bởi CQCN,161,Cần gửi CQNN,Bàn giao CQNN / Ngân hàng,Phụ lục 4 (TTLT 18),COA + Legal + FPS
2023-05-05 00:00:00,6652741,1 CCCD tên: trần đình nguyên số 0940 84 0000 24,424343746,HCM-GBC,BÌ 3 LẺ,Tiền mặt & giấy tờ cấp bởi CQCN,,2023-05-05 00:00:00.000,6652741,Tiền mặt & giấy tờ cấp bởi CQCN,143,Cần gửi CQNN,Bàn giao CQNN / Ngân hàng,Phụ lục 4 (TTLT 18),COA + Legal + FPS
2023-05-15 00:00:00,316829,"1 ví đen 
1 thẻ ID tên Niwat số 3100900070289
1 GPLX tên Niwat số 6500 1743
1 thẻ resort 
1 thẻ Utap
1 thẻ KBank tên NIwat Kittichaiwong số 4417 7076 0210 0504 hạn 10/24
200 bạt thái",429734284,HCM-GBC,BÌ 3 LẺ,Tiền mặt & giấy tờ cấp bởi CQCN,,2023-05-15 00:00:00.000,316829,Tiền mặt & giấy tờ cấp bởi CQCN,133,Cần gửi CQNN,Bàn giao CQNN / Ngân hàng,Phụ lục 4 (TTLT 18),COA + Legal + FPS
2023-01-19 09:14:46,1177578,"1 cái ví màu nâu bên trong có 
1 CCCD tên Hồ Đình Bửu số 0462 0301 2842
1 thẻ NH ACB tên Hồ Đình Bửu sô 4221 0930 1899 2164 hạn 12/27
1 thẻ bảo hiểm
1 cái vòng Daniel 
238,000 VNĐ 
1 đồng xu",384822790,HCM-GBC,BÌ 3 LẺ,Tiền mặt & giấy tờ cấp bởi CQCN,,2023-01-19 09:14:46.000,1177578,Tiền mặt & giấy tờ cấp bởi CQCN,248,Cần gửi CQNN,Bàn giao CQNN / Ngân hàng,Phụ lục 4 (TTLT 18),COA + Legal + FPS
2023-01-09 09:04:15,6692338,"1 ví nữ màu đen bên trong có 
1 CCCD tên Nguyễn Thị Thu Hằng sô 0771 900000 68
1 thẻ ACB tên Nguyễn Thị Thu Hằng số 4365 9910 0090 5050 hạn 06/24
1 thẻ AVB tên Nguyễn Thị Thu Hằng số 9704 1624 0645 4767 hạn 05/26
1 thẻ ArgiBank B tên Nguyễn Thị Thu Hằng số 9704 0530 2731 8632 hạn 06/27
1 thẻ VPBank  tên Nguyễn Thị Thu Hằng số 5590 7315 0242 8977 hạn 06/24
1 thẻ SacomBank số 9704 0386 7578 6875 
1 thẻ EximBank tên Nguyễn Thị Thu Hằng số 9704 3100 0930 4190
1 thẻ bảo lãnh viện phí Sun Life  tên Nguyễn Thị Thu Hằng",382203562,HCM-GBC,BÌ 3 LẺ,Tiền mặt & giấy tờ cấp bởi CQCN,,2023-09-01 09:04:15.000,6692338,Tiền mặt & giấy tờ cấp bởi CQCN,23,Cần gửi CQNN,Bàn giao CQNN / Ngân hàng,Phụ lục 4 (TTLT 18),COA + Legal + FPS
2023-02-13 00:00:00,5755580,"1 cái ví nữ nữ màu đen hình ngôi sao chứa:
585,000 VNĐ
1 GPLX tên Rebecca Samantha Knaggs số 7910 2923 5163 
1 thẻ Mekong merchant
1 thẻ thành viên mu Market
1 thẻ thành viên Lotte
1 thẻ thành viên ABSC
1 thẻ thành viên Takashimaya
1 thẻ Starbucks
1 thẻ ngân Standard Chartered tên Rebecca Samantha Knaggs số 4573 2888 0007 2795 hạn 02/26",397112635,HCM-GBC,BÌ 3 LẺ,Tiền mặt & giấy tờ cấp bởi CQCN,,2023-02-13 00:00:00.000,5755580,Tiền mặt & giấy tờ cấp bởi CQCN,224,Cần gửi CQNN,Bàn giao CQNN / Ngân hàng,Phụ lục 4 (TTLT 18),COA + Legal + FPS
2023-01-03 16:43:16,4510104,1 cccd tê Nguyễn Thành Tiến sso 0750 93017 621,379998656,HCM-GBC,BÌ 3 LẺ,Tiền mặt & giấy tờ cấp bởi CQCN,,2023-03-01 16:43:16.000,4510104,Tiền mặt & giấy tờ cấp bởi CQCN,207,Cần gửi CQNN,Bàn giao CQNN / Ngân hàng,Phụ lục 4 (TTLT 18),COA + Legal + FPS
2023-02-24 00:00:00,6452672,1 cccd tên Đinh Ngọc Giàu số 0871 9601 8067,399123007,HCM-GBC,BÌ 3 LẺ,Tiền mặt & giấy tờ cấp bởi CQCN,,2023-02-24 00:00:00.000,6452672,Tiền mặt & giấy tờ cấp bởi CQCN,213,Cần gửi CQNN,Bàn giao CQNN / Ngân hàng,Phụ lục 4 (TTLT 18),COA + Legal + FPS
2023-02-16 00:00:00,874745,1 thẻ ATM mBank tên Tomasz Klimek số 4056 2129 7745 7635 hạn 08/24,396309208,HCM-GBC,BÌ 3 LẺ,Thẻ Ngân hàng ,,2023-02-16 00:00:00.000,874745,Thẻ Ngân hàng,221,Cần gửi CQNN,Bàn giao CQNN / Ngân hàng,Phụ lục 4 (TTLT 18),COA + Legal + FPS
2023-01-12 10:58:01,3163717,1 thẻ ngân hàng VIB tên NGUYỄN TẤN MẠNH ssoo 5360 3200 0063 5263 hạn 10/26,383642681,HCM-GBC,BÌ 3 LẺ,Thẻ Ngân hàng ,,2023-12-01 10:58:01.000,3163717,Thẻ Ngân hàng,-68,Cần gửi CQNN,Bàn giao CQNN / Ngân hàng,Phụ lục 4 (TTLT 18),COA + Legal + FPS
2023-01-12 14:52:05,4499473,1 CMND Lê Thị Đỡ.số 3214 31867,382318141,HCM-GBC,BÌ 3 LẺ,Tiền mặt & giấy tờ cấp bởi CQCN,,2023-12-01 14:52:05.000,4499473,Tiền mặt & giấy tờ cấp bởi CQCN,-68,Cần gửi CQNN,Bàn giao CQNN / Ngân hàng,Phụ lục 4 (TTLT 18),COA + Legal + FPS
2021-01-05 09:31:31.621000,5680200,"1 cái túi xách đen
1 thẻ VCB tên Đỗ Mộng Nhi số 4524 0418 4233 4446 hạn 04/25
3 cây son
2 nước rửa tay",167486127,HCM-GBC,THÙNG 30 - BÌ 2,Thẻ Ngân hàng ,,2021-05-01 09:31:31.621,5680200,Thẻ Ngân hàng,876,Cần gửi CQNN,Bàn giao CQNN / Ngân hàng,Phụ lục 4 (TTLT 18),COA + Legal + FPS
,,"1 cái bóp LV màu 
1 thẻ Starbucks",,HCM-GBC,THÙNG 30 - BÌ 2,"Hàng hóa hàng ngày, giấy tờ khác (quần áo, mắt kính...)",,,MANUAL-ITEM-1396,"Hàng hóa hàng ngày, giấy tờ khác (quần áo, mắt kính...)",999,Quá hạn,Thuê Vendor tiêu hủy / Quyên góp,Phụ lục 3 (TTLT 18),GE + FPS + Vendor
,,"1 bóp màu xanh ngọc
1 CMND tên Châu Phước Sang số 366354602
1 thẻ học sinh tên Võ Khánh Lam Chinh
4,000 VNĐ
1 thẻ KOI
1 thẻ Lotte Cinema",,HCM-GBC,THÙNG 30 - BÌ 2,Tiền mặt & giấy tờ cấp bởi CQCN,,,MANUAL-ITEM-1397,Tiền mặt & giấy tờ cấp bởi CQCN,999,Cần gửi CQNN,Bàn giao CQNN / Ngân hàng,Phụ lục 4 (TTLT 18),COA + Legal + FPS
,,"1 bóp màu xanh 
1 CMND tên Nguyễn Viết Dũng số 272 477 432
1 thẻ VCB Nguyễn Viết Dũng số 9704 3668 1480 2717 017 
1 thẻ bảo hành răng sứ",,HCM-GBC,THÙNG 30 - BÌ 2,Tiền mặt & giấy tờ cấp bởi CQCN,,,MANUAL-ITEM-1398,Tiền mặt & giấy tờ cấp bởi CQCN,999,Cần gửi CQNN,Bàn giao CQNN / Ngân hàng,Phụ lục 4 (TTLT 18),COA + Legal + FPS
,,"1 điện thoại iphone màu vàng gold
imei 01388 300 5808724",,HCM-GBC,THÙNG 30 - BÌ 2,Thiết bị điện tử có giá,,,MANUAL-ITEM-1399,Thiết bị điện tử có giá,999,Quá hạn,Xóa dữ liệu & Thanh lý / Thuê Vendor hủy,Phụ lục 3 (TTLT 18),GE + FPS + Procurement
,,1 điện thoại iphone đen ,,HCM-GBC,THÙNG 30 - BÌ 2,Thiết bị điện tử có giá,,,MANUAL-ITEM-1400,Thiết bị điện tử có giá,999,Quá hạn,Xóa dữ liệu & Thanh lý / Thuê Vendor hủy,Phụ lục 3 (TTLT 18),GE + FPS + Procurement
,,"1 bóp nâu
1 CCCD Nguyễn Khôi Nguyên số 0792 01004 130 
1 thẻ BHYT
1 thẻ sĩ quan binh sĩ tại ngũ
1 thẻ ngân hàng tên Nguyễn Khôi Nguyên số 5192 9858 1237 2596 hạn 10/26",,HCM-GBC,THÙNG 30 - BÌ 2,Tiền mặt & giấy tờ cấp bởi CQCN,,,MANUAL-ITEM-1401,Tiền mặt & giấy tờ cấp bởi CQCN,999,Cần gửi CQNN,Bàn giao CQNN / Ngân hàng,Phụ lục 4 (TTLT 18),COA + Legal + FPS
2022-04-07 09:29:20.398000,5323563,1 cái ao khoác xanh,278070592,HCM-GBC,THÙNG 30 - BÌ 2,"Hàng hóa hàng ngày, giấy tờ khác (quần áo, mắt kính...)",,2022-07-04 09:29:20.398,5323563,"Hàng hóa hàng ngày, giấy tờ khác (quần áo, mắt kính...)",447,Quá hạn,Thuê Vendor tiêu hủy / Quyên góp,Phụ lục 3 (TTLT 18),GE + FPS + Vendor
2020-12-28 14:50:13.486000,5058919,1 túi đồ màu xanh lá (băng vệ sinh),166851487,HCM-GBC,THÙNG 30 - BÌ 2,"Hàng hóa hàng ngày, giấy tờ khác (quần áo, mắt kính...)",,2020-12-28 14:50:13.486,5058919,"Hàng hóa hàng ngày, giấy tờ khác (quần áo, mắt kính...)",1000,Quá hạn,Thuê Vendor tiêu hủy / Quyên góp,Phụ lục 3 (TTLT 18),GE + FPS + Vendor
2020-10-23 16:51:06.473000,673623,"1 ví màu xanh có 
1 GPLX tên Lê  Văn Sớ số 2401 8800 4874
1 cavet tên Trần Văn Mỵ số 026583
1 CMND tên Lê Văn Sơn số 12235 1524
1 thẻ ngân hàng Techcombank tên Lê Văn Sơn số 4221 4986 6336 6566 hạn 05/24",151353452,HCM-GBC,THÙNG 30 - BÌ 2,Tiền mặt & giấy tờ cấp bởi CQCN,,2020-10-23 16:51:06.473,673623,Tiền mặt & giấy tờ cấp bởi CQCN,1066,Cần gửi CQNN,Bàn giao CQNN / Ngân hàng,Phụ lục 4 (TTLT 18),COA + Legal + FPS
2020-10-22 15:17:34.833000,1926205,"1 đt samsung màu trắng số 
imei 358548/06/217570/4",149609830,HCM-GBC,THÙNG 30 - BÌ 2,Thiết bị điện tử có giá,,2020-10-22 15:17:34.833,1926205,Thiết bị điện tử có giá,1067,Quá hạn,Xóa dữ liệu & Thanh lý / Thuê Vendor hủy,Phụ lục 3 (TTLT 18),GE + FPS + Procurement
2021-03-01 10:26:22.843000,574450," 1 điện thoại Oppo A39 màu vàng gold bị bể màn hình, còn 67% pin",178630529,HCM-GBC,THÙNG 30 - BÌ 2,Thiết bị điện tử có giá,,2021-01-03 10:26:22.843,574450,Thiết bị điện tử có giá,994,Quá hạn,Xóa dữ liệu & Thanh lý / Thuê Vendor hủy,Phụ lục 3 (TTLT 18),GE + FPS + Procurement
2020-10-08 12:14:55.086000,3127780,"1 đt Iphone 6 màu vàng gold, (tắt nguồn)",150105788,HCM-GBC,THÙNG 30 - BÌ 2,Thiết bị điện tử có giá,,2020-08-10 12:14:55.086,3127780,Thiết bị điện tử có giá,1140,Quá hạn,Xóa dữ liệu & Thanh lý / Thuê Vendor hủy,Phụ lục 3 (TTLT 18),GE + FPS + Procurement
2020-10-06 12:24:15.436000,4960757,"1 điện thoai iphone 5 màu đen , có 1 dây sạc kèm theo",149062977,HCM-GBC,THÙNG 30 - BÌ 2,Thiết bị điện tử có giá,,2020-06-10 12:24:15.436,4960757,Thiết bị điện tử có giá,1201,Quá hạn,Xóa dữ liệu & Thanh lý / Thuê Vendor hủy,Phụ lục 3 (TTLT 18),GE + FPS + Procurement
2021-03-15 10:16:38.082000,3464594,1 điện thoại masstel đỏ đen và 1 tip thuốc ,180949470,HCM-GBC,THÙNG 30 - BÌ 2,Thiết bị điện tử có giá,,2021-03-15 10:16:38.082,3464594,Thiết bị điện tử có giá,923,Quá hạn,Xóa dữ liệu & Thanh lý / Thuê Vendor hủy,Phụ lục 3 (TTLT 18),GE + FPS + Procurement
2021-03-01 08:43:48,521444,1 điện thoại Mobell màu đen,178471914,HCM-GBC,THÙNG 30 - BÌ 2,Thiết bị điện tử có giá,,2021-01-03 08:43:48.000,521444,Thiết bị điện tử có giá,994,Quá hạn,Xóa dữ liệu & Thanh lý / Thuê Vendor hủy,Phụ lục 3 (TTLT 18),GE + FPS + Procurement
2022-02-28 15:52:56.833000,1812667,điện thoại Samsung màu vàng gold,266840531,HCM-GBC,THÙNG 30 - BÌ 2,Thiết bị điện tử có giá,,2022-02-28 15:52:56.833,1812667,Thiết bị điện tử có giá,573,Quá hạn,Xóa dữ liệu & Thanh lý / Thuê Vendor hủy,Phụ lục 3 (TTLT 18),GE + FPS + Procurement
2021-01-11 15:18:44.708000,589895,"1 GPLX tên Lưu Tấn Tài số 9602 0701 3542
1 thẻ Techcombank tên Lưu Tấn Tài số 4221 4986 6725 3893 hạn 11/24",169349362,HCM-GBC,THÙNG 30 - BÌ 2,Tiền mặt & giấy tờ cấp bởi CQCN,,2021-11-01 15:18:44.708,589895,Tiền mặt & giấy tờ cấp bởi CQCN,692,Cần gửi CQNN,Bàn giao CQNN / Ngân hàng,Phụ lục 4 (TTLT 18),COA + Legal + FPS
2022-02-08 13:44:29.901000,3989038,"1 thẻ cư dân
1 thẻ gold member",257719963,HCM-GBC,THÙNG 30 - BÌ 2,"Hàng hóa hàng ngày, giấy tờ khác (quần áo, mắt kính...)",,2022-08-02 13:44:29.901,3989038,"Hàng hóa hàng ngày, giấy tờ khác (quần áo, mắt kính...)",418,Quá hạn,Thuê Vendor tiêu hủy / Quyên góp,Phụ lục 3 (TTLT 18),GE + FPS + Vendor
2021-03-04 11:26:13.891000,695094,"1 điện thoại ip 6 Plus  màu xám đã tắt nguồn, có ốp lưng màu nâu",178737610,HCM-GBC,THÙNG 30 - BÌ 2,Thiết bị điện tử có giá,,2021-04-03 11:26:13.891,695094,Thiết bị điện tử có giá,904,Quá hạn,Xóa dữ liệu & Thanh lý / Thuê Vendor hủy,Phụ lục 3 (TTLT 18),GE + FPS + Procurement
2020-11-16 15:13:59.327000,153176,1 điện thoai Oppo màu đỏ,156378096,HCM-GBC,THÙNG 30 - BÌ 2,Thiết bị điện tử có giá,,2020-11-16 15:13:59.327,153176,Thiết bị điện tử có giá,1042,Quá hạn,Xóa dữ liệu & Thanh lý / Thuê Vendor hủy,Phụ lục 3 (TTLT 18),GE + FPS + Procurement
2021-11-05 09:25:36.253000,4456158,1 thẻ GreenCard (thẻ công ty 05) chi nhánh công ty Luật TNHH Pháp Lý THVN,232395637,HCM-GBC,THÙNG 30 - BÌ 2,"Hàng hóa hàng ngày, giấy tờ khác (quần áo, mắt kính...)",,2021-05-11 09:25:36.253,4456158,"Hàng hóa hàng ngày, giấy tờ khác (quần áo, mắt kính...)",866,Quá hạn,Thuê Vendor tiêu hủy / Quyên góp,Phụ lục 3 (TTLT 18),GE + FPS + Vendor
2021-11-24 13:16:12.526000,649150,1 thẻ Techcombank DO TUNG LAM số 9704 0788 5276 8700 hạn 03/29,231984852,HCM-GBC,THÙNG 30 - BÌ 2,Thẻ Ngân hàng ,,2021-11-24 13:16:12.526,649150,Thẻ Ngân hàng,669,Cần gửi CQNN,Bàn giao CQNN / Ngân hàng,Phụ lục 4 (TTLT 18),COA + Legal + FPS
2022-02-18 10:28:39.275000,5584838,1 ví da xanh rêu và thẻ giấy,263859898,HCM-GBC,THÙNG 30 - BÌ 2,"Hàng hóa hàng ngày, giấy tờ khác (quần áo, mắt kính...)",,2022-02-18 10:28:39.275,5584838,"Hàng hóa hàng ngày, giấy tờ khác (quần áo, mắt kính...)",583,Quá hạn,Thuê Vendor tiêu hủy / Quyên góp,Phụ lục 3 (TTLT 18),GE + FPS + Vendor
2020-11-18 15:08:01.621000,5382068,1 thẻ visa Sacombank tên Hoàng Tuấn Kiệt số 4221 5102 2054 6280 hạn 08/24,155768071,HCM-GBC,THÙNG 30 - BÌ 2,Thẻ Ngân hàng ,,2020-11-18 15:08:01.621,5382068,Thẻ Ngân hàng,1040,Cần gửi CQNN,Bàn giao CQNN / Ngân hàng,Phụ lục 4 (TTLT 18),COA + Legal + FPS
2022-02-15 15:19:19.891000,4149142,1 điện thoại Nokia phím số màu đen đã tắt nguồn,258362038,HCM-GBC,THÙNG 30 - BÌ 2,Thiết bị điện tử có giá,,2022-02-15 15:19:19.891,4149142,Thiết bị điện tử có giá,586,Quá hạn,Xóa dữ liệu & Thanh lý / Thuê Vendor hủy,Phụ lục 3 (TTLT 18),GE + FPS + Procurement
2022-01-26 14:00:55,1970095,đồng hồ dây da đen,256505822,HCM-GBC,THÙNG 30 - BÌ 2,"Hàng hóa hàng ngày, giấy tờ khác (quần áo, mắt kính...)",,2022-01-26 14:00:55.000,1970095,"Hàng hóa hàng ngày, giấy tờ khác (quần áo, mắt kính...)",606,Quá hạn,Thuê Vendor tiêu hủy / Quyên góp,Phụ lục 3 (TTLT 18),GE + FPS + Vendor
2021-01-19 09:25:58.860000,3862667,1  Samsung Note9 bị bể màn hình tắt nguồn có ốp lưng trong,170580352,HCM-GBC,THÙNG 30 - BÌ 2,Thiết bị điện tử có giá,,2021-01-19 09:25:58.860,3862667,Thiết bị điện tử có giá,978,Quá hạn,Xóa dữ liệu & Thanh lý / Thuê Vendor hủy,Phụ lục 3 (TTLT 18),GE + FPS + Procurement
2021-01-16 16:33:59.761000,1973665,1 điện thoại iphone 6s màu xám bể màn hình ,170392735,HCM-GBC,THÙNG 30 - BÌ 2,Thiết bị điện tử có giá,,2021-01-16 16:33:59.761,1973665,Thiết bị điện tử có giá,981,Quá hạn,Xóa dữ liệu & Thanh lý / Thuê Vendor hủy,Phụ lục 3 (TTLT 18),GE + FPS + Procurement
2021-02-09 08:23:48.258000,581545,1 cái đt samsung j2 màu đen + cục sạc,175066212,HCM-GBC,THÙNG 30 - BÌ 2,Thiết bị điện tử có giá,,2021-09-02 08:23:48.258,581545,Thiết bị điện tử có giá,752,Quá hạn,Xóa dữ liệu & Thanh lý / Thuê Vendor hủy,Phụ lục 3 (TTLT 18),GE + FPS + Procurement
2021-03-03 10:32:03.628000,2553961,"1 cái bóp nam 
1 CMND tên Ngô Trường Giang số 301851392
1 VietinBank Huỳnh Tấn Tài 9704 1501 0154 3323 hạn 11/26
1 Sacombank Ngô Trường Giang  9704 0324 8618 8769 hạn 10/26
1 VPBank Lê Ngọc Phương số 9704 3208 5200 3583 
1 thẻ VinGroup
22,000 VNĐ
5,000 bạt Thái",178749879,HCM-GBC,THÙNG 30 - BÌ 2,Tiền mặt & giấy tờ cấp bởi CQCN,,2021-03-03 10:32:03.628,2553961,Tiền mặt & giấy tờ cấp bởi CQCN,935,Cần gửi CQNN,Bàn giao CQNN / Ngân hàng,Phụ lục 4 (TTLT 18),COA + Legal + FPS
2021-03-29 14:02:33.534000,422034,1 điện thoại POCO màu xanh biển,183740204,HCM-GBC,THÙNG 30 - BÌ 2,Thiết bị điện tử có giá,,2021-03-29 14:02:33.534,422034,Thiết bị điện tử có giá,909,Quá hạn,Xóa dữ liệu & Thanh lý / Thuê Vendor hủy,Phụ lục 3 (TTLT 18),GE + FPS + Procurement
2021-01-25 11:51:31.826000,5136057,"1 giấy đăng kiểm xe BSX 89A-138.01
1 bảo hiểm xe",171091918,HCM-GBC,THÙNG 30 - BÌ 2,"Hàng hóa hàng ngày, giấy tờ khác (quần áo, mắt kính...)",,2021-01-25 11:51:31.826,5136057,"Hàng hóa hàng ngày, giấy tờ khác (quần áo, mắt kính...)",972,Quá hạn,Thuê Vendor tiêu hủy / Quyên góp,Phụ lục 3 (TTLT 18),GE + FPS + Vendor
2020-11-24 15:25:29.751000,5078530,1 samsung S8 màu đen bị phù pin,157089486,HCM-GBC,THÙNG 30 - BÌ 2,Thiết bị điện tử có giá,,2020-11-24 15:25:29.751,5078530,Thiết bị điện tử có giá,1034,Quá hạn,Xóa dữ liệu & Thanh lý / Thuê Vendor hủy,Phụ lục 3 (TTLT 18),GE + FPS + Procurement
2020-11-23 14:33:28.225000,4757537,1 điện thoại Nokia màu xanh dương (phím cứng),157666683,HCM-GBC,THÙNG 30 - BÌ 2,Thiết bị điện tử có giá,,2020-11-23 14:33:28.225,4757537,Thiết bị điện tử có giá,1035,Quá hạn,Xóa dữ liệu & Thanh lý / Thuê Vendor hủy,Phụ lục 3 (TTLT 18),GE + FPS + Procurement
2021-01-21 08:22:00.796000,5395746,1 điện thoại BlackBerry màu đen,171338025,HCM-GBC,THÙNG 30 - BÌ 2,Thiết bị điện tử có giá,,2021-01-21 08:22:00.796,5395746,Thiết bị điện tử có giá,976,Quá hạn,Xóa dữ liệu & Thanh lý / Thuê Vendor hủy,Phụ lục 3 (TTLT 18),GE + FPS + Procurement
2021-11-23 12:02:31.022000,237106,1 điện thoại oppo màu đen còn hoạt động ,238256857,HCM-GBC,THÙNG 30 - BÌ 2,Thiết bị điện tử có giá,,2021-11-23 12:02:31.022,237106,Thiết bị điện tử có giá,670,Quá hạn,Xóa dữ liệu & Thanh lý / Thuê Vendor hủy,Phụ lục 3 (TTLT 18),GE + FPS + Procurement
2021-03-23 09:05:02.416000,3563484,1 CMND (Nguyễn Đức Nhật Anh) số 1973 53882,182381964,HCM-GBC,THÙNG 30 - BÌ 2,Tiền mặt & giấy tờ cấp bởi CQCN,,2021-03-23 09:05:02.416,3563484,Tiền mặt & giấy tờ cấp bởi CQCN,915,Cần gửi CQNN,Bàn giao CQNN / Ngân hàng,Phụ lục 4 (TTLT 18),COA + Legal + FPS
2021-01-04 14:40:20.692000,3228308,1 điện thoại ip 6  màu xám bể màn hình ,168050716,HCM-GBC,THÙNG 30 - BÌ 2,Thiết bị điện tử có giá,,2021-04-01 14:40:20.692,3228308,Thiết bị điện tử có giá,906,Quá hạn,Xóa dữ liệu & Thanh lý / Thuê Vendor hủy,Phụ lục 3 (TTLT 18),GE + FPS + Procurement
21/11/2020 11:16:40,114591,1 thẻ ngân hàng VCB Nguyễn Thị Ngọc Hân số 9704 3668 0026 1483 035,156981505,HCM-GBC,THÙNG 30 - BÌ 2,Thẻ Ngân hàng ,,2020-11-21 11:16:40.000,114591,Thẻ Ngân hàng,1037,Cần gửi CQNN,Bàn giao CQNN / Ngân hàng,Phụ lục 4 (TTLT 18),COA + Legal + FPS
2022-02-10 16:29:05.855000,5365098,1 CCCD Thái Thanh số 0793 0303 3741,261009569,HCM-GBC,THÙNG 30 - BÌ 2,Tiền mặt & giấy tờ cấp bởi CQCN,,2022-10-02 16:29:05.855,5365098,Tiền mặt & giấy tờ cấp bởi CQCN,357,Cần gửi CQNN,Bàn giao CQNN / Ngân hàng,Phụ lục 4 (TTLT 18),COA + Legal + FPS
2021-02-04 16:17:37.882000,4415078,1 điện thoại oppo màu đỏ bể màn hình ,174280952,HCM-GBC,THÙNG 30 - BÌ 2,Thiết bị điện tử có giá,,2021-04-02 16:17:37.882,4415078,Thiết bị điện tử có giá,905,Quá hạn,Xóa dữ liệu & Thanh lý / Thuê Vendor hủy,Phụ lục 3 (TTLT 18),GE + FPS + Procurement
2021-01-12 15:35:35.533000,5397324,1 điện thoại nokia màu đen,169299609,HCM-GBC,THÙNG 30 - BÌ 2,Thiết bị điện tử có giá,,2021-12-01 15:35:35.533,5397324,Thiết bị điện tử có giá,662,Quá hạn,Xóa dữ liệu & Thanh lý / Thuê Vendor hủy,Phụ lục 3 (TTLT 18),GE + FPS + Procurement
2021-02-17 13:43:00.821000,517646,1 điện thoại KINGREAT bàn phím số màu đen,174560458,HCM-GBC,THÙNG 30 - BÌ 2,Thiết bị điện tử có giá,,2021-02-17 13:43:00.821,517646,Thiết bị điện tử có giá,949,Quá hạn,Xóa dữ liệu & Thanh lý / Thuê Vendor hủy,Phụ lục 3 (TTLT 18),GE + FPS + Procurement
2021-02-03 09:59:43.741000,1314371,1 điện thoại Nokia phím bấm màu xanh ngọc,173977865,HCM-GBC,THÙNG 30 - BÌ 2,Thiết bị điện tử có giá,,2021-03-02 09:59:43.741,1314371,Thiết bị điện tử có giá,936,Quá hạn,Xóa dữ liệu & Thanh lý / Thuê Vendor hủy,Phụ lục 3 (TTLT 18),GE + FPS + Procurement
2021-01-19 10:11:00.253000,1292896,1 điện thoại Nokia phím bấm đã tắt nguồn,170200582,HCM-GBC,THÙNG 30 - BÌ 2,Thiết bị điện tử có giá,,2021-01-19 10:11:00.253,1292896,Thiết bị điện tử có giá,978,Quá hạn,Xóa dữ liệu & Thanh lý / Thuê Vendor hủy,Phụ lục 3 (TTLT 18),GE + FPS + Procurement
2021-11-22 17:31:52.119000,5052735,1 điện thoại huawei màu đen bể màn hình,237567926,HCM-GBC,THÙNG 30 - BÌ 2,Thiết bị điện tử có giá,,2021-11-22 17:31:52.119,5052735,Thiết bị điện tử có giá,671,Quá hạn,Xóa dữ liệu & Thanh lý / Thuê Vendor hủy,Phụ lục 3 (TTLT 18),GE + FPS + Procurement
2022-02-07 10:40:46.108000,955384,1 đt KingReat màu đỏ (Tắt nguồn),260314659,HCM-GBC,THÙNG 30 - BÌ 2,Thiết bị điện tử có giá,,2022-07-02 10:40:46.108,955384,Thiết bị điện tử có giá,449,Quá hạn,Xóa dữ liệu & Thanh lý / Thuê Vendor hủy,Phụ lục 3 (TTLT 18),GE + FPS + Procurement
2022-02-15 13:34:54.095000,701347,điện thoại Google đen,259905965,HCM-GBC,THÙNG 30 - BÌ 2,Thiết bị điện tử có giá,,2022-02-15 13:34:54.095,701347,Thiết bị điện tử có giá,586,Quá hạn,Xóa dữ liệu & Thanh lý / Thuê Vendor hủy,Phụ lục 3 (TTLT 18),GE + FPS + Procurement
2020-10-21 13:46:55,2846621,1 hộp đen đựng 1 bên tai nghe,151611964,HCM-GBC,THÙNG 30 - BÌ 2,"Hàng hóa hàng ngày, giấy tờ khác (quần áo, mắt kính...)",,2020-10-21 13:46:55.000,2846621,"Hàng hóa hàng ngày, giấy tờ khác (quần áo, mắt kính...)",1068,Quá hạn,Thuê Vendor tiêu hủy / Quyên góp,Phụ lục 3 (TTLT 18),GE + FPS + Vendor
2020-11-26 10:27:05.754000,375783,1 điện thoại Iphone 6 màu bạc (còn lên nguồn),158276046,HCM-GBC,THÙNG 30 - BÌ 2,Thiết bị điện tử có giá,,2020-11-26 10:27:05.754,375783,Thiết bị điện tử có giá,1032,Quá hạn,Xóa dữ liệu & Thanh lý / Thuê Vendor hủy,Phụ lục 3 (TTLT 18),GE + FPS + Procurement
2020-11-30 08:42:37.061000,3891266,1 điện thoại Itel đen phím cứng (còn lên nguồn),158302571,HCM-GBC,THÙNG 30 - BÌ 2,Thiết bị điện tử có giá,,2020-11-30 08:42:37.061,3891266,Thiết bị điện tử có giá,1028,Quá hạn,Xóa dữ liệu & Thanh lý / Thuê Vendor hủy,Phụ lục 3 (TTLT 18),GE + FPS + Procurement
2021-03-17 17:35:41,5203952,1 tai nghe không dây AUKEY màu đen đủ 2 tai,180410048,HCM-GBC,THÙNG 30 - BÌ 2,"Hàng hóa hàng ngày, giấy tờ khác (quần áo, mắt kính...)",,2021-03-17 17:35:41.000,5203952,"Hàng hóa hàng ngày, giấy tờ khác (quần áo, mắt kính...)",921,Quá hạn,Thuê Vendor tiêu hủy / Quyên góp,Phụ lục 3 (TTLT 18),GE + FPS + Vendor
2021-02-18 17:05:16.575000,5027647,"1 ví da màu nâu bên
5 đồng Trung Quốc
600 bạt Thái
5 tờ vé số",171748858,HCM-GBC,THÙNG 30 - BÌ 2,Tiền mặt & giấy tờ cấp bởi CQCN,,2021-02-18 17:05:16.575,5027647,Tiền mặt & giấy tờ cấp bởi CQCN,948,Cần gửi CQNN,Bàn giao CQNN / Ngân hàng,Phụ lục 4 (TTLT 18),COA + Legal + FPS
2022-02-16 13:21:26.647000,151454,"1 ví nam
1 CMND tên Võ Thanh Quân số 215382717
1 GPLX Võ Thanh Ngân số 790156096991
9,000 VNĐ",262752384,HCM-GBC,THÙNG 30 - BÌ 2,Tiền mặt & giấy tờ cấp bởi CQCN,,2022-02-16 13:21:26.647,151454,Tiền mặt & giấy tờ cấp bởi CQCN,585,Cần gửi CQNN,Bàn giao CQNN / Ngân hàng,Phụ lục 4 (TTLT 18),COA + Legal + FPS
2021-03-11 09:36:06.949000,5482170,"1 ví thổ cẩm 
1 vòng tay gỗ
1 USB hư
50,000 VNĐ",179245421,HCM-GBC,THÙNG 30 - BÌ 2,Tiền mặt & giấy tờ cấp bởi CQCN,,2021-11-03 09:36:06.949,5482170,Tiền mặt & giấy tờ cấp bởi CQCN,690,Cần gửi CQNN,Bàn giao CQNN / Ngân hàng,Phụ lục 4 (TTLT 18),COA + Legal + FPS
28/09/2022 15:44:12,5257516,thùng đá,342753313,HCM-GBC,TRONG KHO LÝ THƯỜNG KIỆT ,"Hàng hóa hàng ngày, giấy tờ khác (quần áo, mắt kính...)",,2022-09-28 15:44:12.000,5257516,"Hàng hóa hàng ngày, giấy tờ khác (quần áo, mắt kính...)",361,Quá hạn,Thuê Vendor tiêu hủy / Quyên góp,Phụ lục 3 (TTLT 18),GE + FPS + Vendor
2023-01-05 00:00:00,1067800,Xe tập đi em bé,,HCM-GBC,TRONG KHO LÝ THƯỜNG KIỆT ,"Hàng hóa hàng ngày, giấy tờ khác (quần áo, mắt kính...)",,2023-05-01 00:00:00.000,1067800,"Hàng hóa hàng ngày, giấy tờ khác (quần áo, mắt kính...)",147,Quá hạn,Thuê Vendor tiêu hủy / Quyên góp,Phụ lục 3 (TTLT 18),GE + FPS + Vendor
19/12/2022,841435,1 cái ghế ngồi xe trẻ em,372846749,HCM-GBC,TRONG KHO LÝ THƯỜNG KIỆT ,"Hàng hóa hàng ngày, giấy tờ khác (quần áo, mắt kính...)",,2022-12-19 00:00:00.000,841435,"Hàng hóa hàng ngày, giấy tờ khác (quần áo, mắt kính...)",280,Quá hạn,Thuê Vendor tiêu hủy / Quyên góp,Phụ lục 3 (TTLT 18),GE + FPS + Vendor
2022-07-11 00:00:00,5583689,Xe đẩy em bé màu vàng,357952442,HCM-GBC,TRONG KHO LÝ THƯỜNG KIỆT ,"Hàng hóa hàng ngày, giấy tờ khác (quần áo, mắt kính...)",,2022-11-07 00:00:00.000,5583689,"Hàng hóa hàng ngày, giấy tờ khác (quần áo, mắt kính...)",322,Quá hạn,Thuê Vendor tiêu hủy / Quyên góp,Phụ lục 3 (TTLT 18),GE + FPS + Vendor
2020-08-09 14:02:19,1109934,xe đạp em bé ,145250745,HCM-GBC,TRONG KHO LÝ THƯỜNG KIỆT ,"Hàng hóa hàng ngày, giấy tờ khác (quần áo, mắt kính...)",,2020-09-08 14:02:19.000,1109934,"Hàng hóa hàng ngày, giấy tờ khác (quần áo, mắt kính...)",1111,Quá hạn,Thuê Vendor tiêu hủy / Quyên góp,Phụ lục 3 (TTLT 18),GE + FPS + Vendor
19/01/2023 11:14:48,6609028,"Ba lô 1 đôi giày cũ, áo quần, 3 bịch hạt điều ",387341151,HCM-GBC,TRONG KHO LÝ THƯỜNG KIỆT ,"Hàng hóa hàng ngày, giấy tờ khác (quần áo, mắt kính...)",,2023-01-19 11:14:48.000,6609028,"Hàng hóa hàng ngày, giấy tờ khác (quần áo, mắt kính...)",248,Quá hạn,Thuê Vendor tiêu hủy / Quyên góp,Phụ lục 3 (TTLT 18),GE + FPS + Vendor
2023-09-05 08:52:56,5585293,1 chiếc xe đạp em bé,428234585,HCM-GBC,TRONG KHO LÝ THƯỜNG KIỆT ,"Hàng hóa hàng ngày, giấy tờ khác (quần áo, mắt kính...)",,2023-05-09 08:52:56.000,5585293,"Hàng hóa hàng ngày, giấy tờ khác (quần áo, mắt kính...)",138,Quá hạn,Thuê Vendor tiêu hủy / Quyên góp,Phụ lục 3 (TTLT 18),GE + FPS + Vendor
19/07/2023 8:27:00,5852197,"1 vali màu nâu trống, không có gì",450241446,HCM-GBC,TRONG KHO LÝ THƯỜNG KIỆT ,"Hàng hóa hàng ngày, giấy tờ khác (quần áo, mắt kính...)",,2023-07-19 08:27:00.000,5852197,"Hàng hóa hàng ngày, giấy tờ khác (quần áo, mắt kính...)",67,Quá hạn,Thuê Vendor tiêu hủy / Quyên góp,Phụ lục 3 (TTLT 18),GE + FPS + Vendor
14/12/2022 10:33:54,1193233,1 thùng hàng đã dán kín,373078590,HCM-GBC,TRONG KHO LÝ THƯỜNG KIỆT ,"Hàng hóa hàng ngày, giấy tờ khác (quần áo, mắt kính...)",,2022-12-14 10:33:54.000,1193233,"Hàng hóa hàng ngày, giấy tờ khác (quần áo, mắt kính...)",284,Quá hạn,Thuê Vendor tiêu hủy / Quyên góp,Phụ lục 3 (TTLT 18),GE + FPS + Vendor
2022-06-06 13:32:46,1039751,nạng,296028964,HCM-GBC,TRONG KHO LÝ THƯỜNG KIỆT ,"Hàng hóa hàng ngày, giấy tờ khác (quần áo, mắt kính...)",,2022-06-06 13:32:46.000,1039751,"Hàng hóa hàng ngày, giấy tờ khác (quần áo, mắt kính...)",475,Quá hạn,Thuê Vendor tiêu hủy / Quyên góp,Phụ lục 3 (TTLT 18),GE + FPS + Vendor
20/05/2023 13:27:39,5315073,1 vali đỏ đã khóa mật mã (ko rõ hàng hóa bên trong),432234679,HCM-GBC,TRONG KHO LÝ THƯỜNG KIỆT ,"Hàng hóa hàng ngày, giấy tờ khác (quần áo, mắt kính...)",,2023-05-20 13:27:39.000,5315073,"Hàng hóa hàng ngày, giấy tờ khác (quần áo, mắt kính...)",127,Quá hạn,Thuê Vendor tiêu hủy / Quyên góp,Phụ lục 3 (TTLT 18),GE + FPS + Vendor
2021-08-02 13:25:00,1753193,1 vali xanh dương,175037090,HCM-GBC,TRONG KHO LÝ THƯỜNG KIỆT ,"Hàng hóa hàng ngày, giấy tờ khác (quần áo, mắt kính...)",,2021-02-08 13:25:00.000,1753193,"Hàng hóa hàng ngày, giấy tờ khác (quần áo, mắt kính...)",958,Quá hạn,Thuê Vendor tiêu hủy / Quyên góp,Phụ lục 3 (TTLT 18),GE + FPS + Vendor
18/08/2023 15:08:42,6559042,1 vali màu bạc,463226596,HCM-GBC,TRONG KHO LÝ THƯỜNG KIỆT ,"Hàng hóa hàng ngày, giấy tờ khác (quần áo, mắt kính...)",,2023-08-18 15:08:42.000,6559042,"Hàng hóa hàng ngày, giấy tờ khác (quần áo, mắt kính...)",37,Quá hạn,Thuê Vendor tiêu hủy / Quyên góp,Phụ lục 3 (TTLT 18),GE + FPS + Vendor
28/07/2022 10:25:16,6427182,1 vali màu xanh,317711174,HCM-GBC,TRONG KHO LÝ THƯỜNG KIỆT ,"Hàng hóa hàng ngày, giấy tờ khác (quần áo, mắt kính...)",,2022-07-28 10:25:16.000,6427182,"Hàng hóa hàng ngày, giấy tờ khác (quần áo, mắt kính...)",423,Quá hạn,Thuê Vendor tiêu hủy / Quyên góp,Phụ lục 3 (TTLT 18),GE + FPS + Vendor
25/01/2023 10:19:15,942500,1 xe đẩy em bé,388973031,HCM-GBC,TRONG KHO LÝ THƯỜNG KIỆT ,"Hàng hóa hàng ngày, giấy tờ khác (quần áo, mắt kính...)",,2023-01-25 10:19:15.000,942500,"Hàng hóa hàng ngày, giấy tờ khác (quần áo, mắt kính...)",242,Quá hạn,Thuê Vendor tiêu hủy / Quyên góp,Phụ lục 3 (TTLT 18),GE + FPS + Vendor
15/12/2021 17:45:28,2041952,1 cây dù,244707242,HCM-GBC,TRONG KHO LÝ THƯỜNG KIỆT ,"Hàng hóa hàng ngày, giấy tờ khác (quần áo, mắt kính...)",,2021-12-15 17:45:28.000,2041952,"Hàng hóa hàng ngày, giấy tờ khác (quần áo, mắt kính...)",648,Quá hạn,Thuê Vendor tiêu hủy / Quyên góp,Phụ lục 3 (TTLT 18),GE + FPS + Vendor
31/08/2022 17:08:25,5494015,TS là 1 cây dù màu xanh sdt nd 0373094775,330996073,HCM-GBC,TRONG KHO LÝ THƯỜNG KIỆT ,"Hàng hóa hàng ngày, giấy tờ khác (quần áo, mắt kính...)",,2022-08-31 17:08:25.000,5494015,"Hàng hóa hàng ngày, giấy tờ khác (quần áo, mắt kính...)",389,Quá hạn,Thuê Vendor tiêu hủy / Quyên góp,Phụ lục 3 (TTLT 18),GE + FPS + Vendor
21/07/2022 11:25:24,5721577,1 cái balo quần áo màu đen,314385319,HCM-GBC,TRONG KHO LÝ THƯỜNG KIỆT ,"Hàng hóa hàng ngày, giấy tờ khác (quần áo, mắt kính...)",,2022-07-21 11:25:24.000,5721577,"Hàng hóa hàng ngày, giấy tờ khác (quần áo, mắt kính...)",430,Quá hạn,Thuê Vendor tiêu hủy / Quyên góp,Phụ lục 3 (TTLT 18),GE + FPS + Vendor
2023-05-01 10:50:12,1442344,1 thẻ sinh viên,381566661‬,HCM-GBC,TRONG KHO LÝ THƯỜNG KIỆT ,"Hàng hóa hàng ngày, giấy tờ khác (quần áo, mắt kính...)",,2023-01-05 10:50:12.000,1442344,"Hàng hóa hàng ngày, giấy tờ khác (quần áo, mắt kính...)",262,Quá hạn,Thuê Vendor tiêu hủy / Quyên góp,Phụ lục 3 (TTLT 18),GE + FPS + Vendor
2023-01-09 13:35:01.064000,6690464,hồ sơ có tên Livinenko Aleksei,381394063,HCM-GBC,TRONG KHO LÝ THƯỜNG KIỆT ,"Hàng hóa hàng ngày, giấy tờ khác (quần áo, mắt kính...)",,2023-09-01 13:35:01.064,6690464,"Hàng hóa hàng ngày, giấy tờ khác (quần áo, mắt kính...)",23,Còn hạn,Thuê Vendor tiêu hủy / Quyên góp,Phụ lục 3 (TTLT 18),GE + FPS + Vendor
30/01/2023 10:07:52,5769773,1 cái mùng trùm em bé,390499549,HCM-GBC,TRONG KHO LÝ THƯỜNG KIỆT ,"Hàng hóa hàng ngày, giấy tờ khác (quần áo, mắt kính...)",,2023-01-30 10:07:52.000,5769773,"Hàng hóa hàng ngày, giấy tờ khác (quần áo, mắt kính...)",237,Quá hạn,Thuê Vendor tiêu hủy / Quyên góp,Phụ lục 3 (TTLT 18),GE + FPS + Vendor
2021-03-03 11:24:11.437000,2428899,1 cây dù màu đỏ trắng,,HCM-GBC,TRONG KHO LÝ THƯỜNG KIỆT ,"Hàng hóa hàng ngày, giấy tờ khác (quần áo, mắt kính...)",,2021-03-03 11:24:11.437,2428899,"Hàng hóa hàng ngày, giấy tờ khác (quần áo, mắt kính...)",935,Quá hạn,Thuê Vendor tiêu hủy / Quyên góp,Phụ lục 3 (TTLT 18),GE + FPS + Vendor
19/8/2020,No ID,1 cây dù trắng có sao,,HCM-GBC,TRONG KHO LÝ THƯỜNG KIỆT ,"Hàng hóa hàng ngày, giấy tờ khác (quần áo, mắt kính...)",,2020-08-19 00:00:00.000,No ID,"Hàng hóa hàng ngày, giấy tờ khác (quần áo, mắt kính...)",1132,Quá hạn,Thuê Vendor tiêu hủy / Quyên góp,Phụ lục 3 (TTLT 18),GE + FPS + Vendor
2021-02-12 16:58:05,576854,túi màu kem đậm ( trong túi có 2 hộp thực phảm bổ sung và 1 muỗng đo lường điện tử,,HCM-GBC,TRONG KHO LÝ THƯỜNG KIỆT ,"Hàng hóa hàng ngày, giấy tờ khác (quần áo, mắt kính...)",,2021-12-02 16:58:05.000,576854,"Hàng hóa hàng ngày, giấy tờ khác (quần áo, mắt kính...)",661,Quá hạn,Thuê Vendor tiêu hủy / Quyên góp,Phụ lục 3 (TTLT 18),GE + FPS + Vendor
20/12/2021 13:56:08,1851574,áo khoác đen,,HCM-GBC,TRONG KHO LÝ THƯỜNG KIỆT ,"Hàng hóa hàng ngày, giấy tờ khác (quần áo, mắt kính...)",,2021-12-20 13:56:08.000,1851574,"Hàng hóa hàng ngày, giấy tờ khác (quần áo, mắt kính...)",643,Quá hạn,Thuê Vendor tiêu hủy / Quyên góp,Phụ lục 3 (TTLT 18),GE + FPS + Vendor
13/12/2021 9:50:15,5258567,1 túi đồ màu đen,,HCM-GBC,TRONG KHO LÝ THƯỜNG KIỆT ,"Hàng hóa hàng ngày, giấy tờ khác (quần áo, mắt kính...)",,2021-12-13 09:50:15.000,5258567,"Hàng hóa hàng ngày, giấy tờ khác (quần áo, mắt kính...)",650,Quá hạn,Thuê Vendor tiêu hủy / Quyên góp,Phụ lục 3 (TTLT 18),GE + FPS + Vendor
24/12/2021 10:04:25,3232443,2 chai rượu,,HCM-GBC,TRONG KHO LÝ THƯỜNG KIỆT ,"Hàng hóa hàng ngày, giấy tờ khác (quần áo, mắt kính...)",,2021-12-24 10:04:25.000,3232443,"Hàng hóa hàng ngày, giấy tờ khác (quần áo, mắt kính...)",639,Quá hạn,Thuê Vendor tiêu hủy / Quyên góp,Phụ lục 3 (TTLT 18),GE + FPS + Vendor
2021-06-12 10:45:30,1459380,1 đôi giày trẻ em,,HCM-GBC,TRONG KHO LÝ THƯỜNG KIỆT ,"Hàng hóa hàng ngày, giấy tờ khác (quần áo, mắt kính...)",,2021-12-06 10:45:30.000,1459380,"Hàng hóa hàng ngày, giấy tờ khác (quần áo, mắt kính...)",657,Quá hạn,Thuê Vendor tiêu hủy / Quyên góp,Phụ lục 3 (TTLT 18),GE + FPS + Vendor
31/12/2021 17:04:33,389247,chén,,HCM-GBC,TRONG KHO LÝ THƯỜNG KIỆT ,"Hàng hóa hàng ngày, giấy tờ khác (quần áo, mắt kính...)",,2021-12-31 17:04:33.000,389247,"Hàng hóa hàng ngày, giấy tờ khác (quần áo, mắt kính...)",632,Quá hạn,Thuê Vendor tiêu hủy / Quyên góp,Phụ lục 3 (TTLT 18),GE + FPS + Vendor
17/12/2021 10:19:14,5536671,1 hộp kính màu đen có 1 kính cận,,HCM-GBC,TRONG KHO LÝ THƯỜNG KIỆT ,"Hàng hóa hàng ngày, giấy tờ khác (quần áo, mắt kính...)",,2021-12-17 10:19:14.000,5536671,"Hàng hóa hàng ngày, giấy tờ khác (quần áo, mắt kính...)",646,Quá hạn,Thuê Vendor tiêu hủy / Quyên góp,Phụ lục 3 (TTLT 18),GE + FPS + Vendor
28/12/2021 15:34:53,2662188,1 ví đen,,HCM-GBC,TRONG KHO LÝ THƯỜNG KIỆT ,"Hàng hóa hàng ngày, giấy tờ khác (quần áo, mắt kính...)",,2021-12-28 15:34:53.000,2662188,"Hàng hóa hàng ngày, giấy tờ khác (quần áo, mắt kính...)",635,Quá hạn,Thuê Vendor tiêu hủy / Quyên góp,Phụ lục 3 (TTLT 18),GE + FPS + Vendor
15/12/2021 15:31:08,5748130,1 sạc dự phòng kèm dây IP,,HCM-GBC,TRONG KHO LÝ THƯỜNG KIỆT ,"Hàng hóa hàng ngày, giấy tờ khác (quần áo, mắt kính...)",,2021-12-15 15:31:08.000,5748130,"Hàng hóa hàng ngày, giấy tờ khác (quần áo, mắt kính...)",648,Quá hạn,Thuê Vendor tiêu hủy / Quyên góp,Phụ lục 3 (TTLT 18),GE + FPS + Vendor
24/12/2021 9:38:40,659599,túi xanh có 2 cục sạc,,HCM-GBC,TRONG KHO LÝ THƯỜNG KIỆT ,"Hàng hóa hàng ngày, giấy tờ khác (quần áo, mắt kính...)",,2021-12-24 09:38:40.000,659599,"Hàng hóa hàng ngày, giấy tờ khác (quần áo, mắt kính...)",639,Quá hạn,Thuê Vendor tiêu hủy / Quyên góp,Phụ lục 3 (TTLT 18),GE + FPS + Vendor
2021-01-12 09:09:38,5780767,bình nước golden rule,,HCM-GBC,TRONG KHO LÝ THƯỜNG KIỆT ,"Hàng hóa hàng ngày, giấy tờ khác (quần áo, mắt kính...)",,2021-12-01 09:09:38.000,5780767,"Hàng hóa hàng ngày, giấy tờ khác (quần áo, mắt kính...)",662,Quá hạn,Thuê Vendor tiêu hủy / Quyên góp,Phụ lục 3 (TTLT 18),GE + FPS + Vendor
31/12/2021 16:41:48,3277565,mắt kinh,,HCM-GBC,TRONG KHO LÝ THƯỜNG KIỆT ,"Hàng hóa hàng ngày, giấy tờ khác (quần áo, mắt kính...)",,2021-12-31 16:41:48.000,3277565,"Hàng hóa hàng ngày, giấy tờ khác (quần áo, mắt kính...)",632,Quá hạn,Thuê Vendor tiêu hủy / Quyên góp,Phụ lục 3 (TTLT 18),GE + FPS + Vendor
23/12/2021 9:20:47,4784501,1 cái bóp,,HCM-GBC,TRONG KHO LÝ THƯỜNG KIỆT ,"Hàng hóa hàng ngày, giấy tờ khác (quần áo, mắt kính...)",,2021-12-23 09:20:47.000,4784501,"Hàng hóa hàng ngày, giấy tờ khác (quần áo, mắt kính...)",640,Quá hạn,Thuê Vendor tiêu hủy / Quyên góp,Phụ lục 3 (TTLT 18),GE + FPS + Vendor
2021-11-12 09:45:15,4085196,thuốc lá điện tử,,HCM-GBC,TRONG KHO LÝ THƯỜNG KIỆT ,Thuốc lá điện tử ,,2021-12-11 09:45:15.000,4085196,Thuốc lá điện tử,652,Quá hạn,Tự tiêu hủy tại Hub (Chất thải nguy hại),Biên bản tiêu hủy nội bộ,FPS + COA
28/12/2021 15:32:17,3946866,"ví nâu có 20k tiền mặt , căn cước công dân, thẻ bảo hiểm y tế, thẻ ATM",,HCM-GBC,TRONG KHO LÝ THƯỜNG KIỆT ,Tiền mặt & giấy tờ cấp bởi CQCN,,2021-12-28 15:32:17.000,3946866,Tiền mặt & giấy tờ cấp bởi CQCN,635,Cần gửi CQNN,Bàn giao CQNN / Ngân hàng,Phụ lục 4 (TTLT 18),COA + Legal + FPS
28/12/2021 16:45:05,3927422,chìa khóa,,HCM-GBC,TRONG KHO LÝ THƯỜNG KIỆT ,"Hàng hóa hàng ngày, giấy tờ khác (quần áo, mắt kính...)",,2021-12-28 16:45:05.000,3927422,"Hàng hóa hàng ngày, giấy tờ khác (quần áo, mắt kính...)",635,Quá hạn,Thuê Vendor tiêu hủy / Quyên góp,Phụ lục 3 (TTLT 18),GE + FPS + Vendor
28/12/2021 10:04:23,5380259,chìa khóa,,HCM-GBC,TRONG KHO LÝ THƯỜNG KIỆT ,"Hàng hóa hàng ngày, giấy tờ khác (quần áo, mắt kính...)",,2021-12-28 10:04:23.000,5380259,"Hàng hóa hàng ngày, giấy tờ khác (quần áo, mắt kính...)",635,Quá hạn,Thuê Vendor tiêu hủy / Quyên góp,Phụ lục 3 (TTLT 18),GE + FPS + Vendor
31/12/2021 14:14:53,1149856,thẻ ATM,,HCM-GBC,TRONG KHO LÝ THƯỜNG KIỆT ,Thẻ Ngân hàng ,,2021-12-31 14:14:53.000,1149856,Thẻ Ngân hàng,632,Cần gửi CQNN,Bàn giao CQNN / Ngân hàng,Phụ lục 4 (TTLT 18),COA + Legal + FPS
2021-10-12 14:05:34,4937611,mắt kính,,HCM-GBC,TRONG KHO LÝ THƯỜNG KIỆT ,"Hàng hóa hàng ngày, giấy tờ khác (quần áo, mắt kính...)",,2021-12-10 14:05:34.000,4937611,"Hàng hóa hàng ngày, giấy tờ khác (quần áo, mắt kính...)",653,Quá hạn,Thuê Vendor tiêu hủy / Quyên góp,Phụ lục 3 (TTLT 18),GE + FPS + Vendor
2021-01-12 17:10:01,4710152,1 mắt kính nữ gọn đen,,HCM-GBC,TRONG KHO LÝ THƯỜNG KIỆT ,"Hàng hóa hàng ngày, giấy tờ khác (quần áo, mắt kính...)",,2021-12-01 17:10:01.000,4710152,"Hàng hóa hàng ngày, giấy tờ khác (quần áo, mắt kính...)",662,Quá hạn,Thuê Vendor tiêu hủy / Quyên góp,Phụ lục 3 (TTLT 18),GE + FPS + Vendor
2021-08-12 15:15:11,5572142,đồng hồ vàng,,HCM-GBC,TRONG KHO LÝ THƯỜNG KIỆT ,"Hàng hóa hàng ngày, giấy tờ khác (quần áo, mắt kính...)",,2021-12-08 15:15:11.000,5572142,"Hàng hóa hàng ngày, giấy tờ khác (quần áo, mắt kính...)",655,Quá hạn,Thuê Vendor tiêu hủy / Quyên góp,Phụ lục 3 (TTLT 18),GE + FPS + Vendor
2023-08-11 12:04:26,662656,1 tai HỘP TAI NGHE,459985820,HCM-GBC,TRONG KHO LÝ THƯỜNG KIỆT ,"Hàng hóa hàng ngày, giấy tờ khác (quần áo, mắt kính...)",,2023-11-08 12:04:26.000,662656,"Hàng hóa hàng ngày, giấy tờ khác (quần áo, mắt kính...)",-45,Còn hạn,Thuê Vendor tiêu hủy / Quyên góp,Phụ lục 3 (TTLT 18),GE + FPS + Vendor
23/12/2021 9:45:05,5377072,mắt kính,,HCM-GBC,TRONG KHO LÝ THƯỜNG KIỆT ,"Hàng hóa hàng ngày, giấy tờ khác (quần áo, mắt kính...)",,2021-12-23 09:45:05.000,5377072,"Hàng hóa hàng ngày, giấy tờ khác (quần áo, mắt kính...)",640,Quá hạn,Thuê Vendor tiêu hủy / Quyên góp,Phụ lục 3 (TTLT 18),GE + FPS + Vendor
2021-04-13 14:09:28.478000,4183618,1 đồng hồ nữ,186224282,HCM-GBC,TRONG KHO LÝ THƯỜNG KIỆT ,"Hàng hóa hàng ngày, giấy tờ khác (quần áo, mắt kính...)",,2021-04-13 14:09:28.478,4183618,"Hàng hóa hàng ngày, giấy tờ khác (quần áo, mắt kính...)",894,Quá hạn,Thuê Vendor tiêu hủy / Quyên góp,Phụ lục 3 (TTLT 18),GE + FPS + Vendor
29/12/2021 8:50:44,3143750,1 cái ví màu đen,,HCM-GBC,TRONG KHO LÝ THƯỜNG KIỆT ,"Hàng hóa hàng ngày, giấy tờ khác (quần áo, mắt kính...)",,2021-12-29 08:50:44.000,3143750,"Hàng hóa hàng ngày, giấy tờ khác (quần áo, mắt kính...)",634,Quá hạn,Thuê Vendor tiêu hủy / Quyên góp,Phụ lục 3 (TTLT 18),GE + FPS + Vendor
17/12/2021 16:48:14,1572978,mắt kính,,HCM-GBC,TRONG KHO LÝ THƯỜNG KIỆT ,"Hàng hóa hàng ngày, giấy tờ khác (quần áo, mắt kính...)",,2021-12-17 16:48:14.000,1572978,"Hàng hóa hàng ngày, giấy tờ khác (quần áo, mắt kính...)",646,Quá hạn,Thuê Vendor tiêu hủy / Quyên góp,Phụ lục 3 (TTLT 18),GE + FPS + Vendor
2021-10-12 09:40:33,973289,1 chùm chìa khóa,,HCM-GBC,TRONG KHO LÝ THƯỜNG KIỆT ,"Hàng hóa hàng ngày, giấy tờ khác (quần áo, mắt kính...)",,2021-12-10 09:40:33.000,973289,"Hàng hóa hàng ngày, giấy tờ khác (quần áo, mắt kính...)",653,Quá hạn,Thuê Vendor tiêu hủy / Quyên góp,Phụ lục 3 (TTLT 18),GE + FPS + Vendor
14/12/2021 8:24:52,4659621,1 điện thoại redmi màu xanh,,HCM-GBC,TRONG KHO LÝ THƯỜNG KIỆT ,Thiết bị điện tử có giá,,2021-12-14 08:24:52.000,4659621,Thiết bị điện tử có giá,649,Quá hạn,Xóa dữ liệu & Thanh lý / Thuê Vendor hủy,Phụ lục 3 (TTLT 18),GE + FPS + Procurement
28/02/2023 16:12:58,6511568,ghế nằm.,403740884,HCM-GBC,TRONG KHO LÝ THƯỜNG KIỆT ,"Hàng hóa hàng ngày, giấy tờ khác (quần áo, mắt kính...)",,2023-02-28 16:12:58.000,6511568,"Hàng hóa hàng ngày, giấy tờ khác (quần áo, mắt kính...)",208,Quá hạn,Thuê Vendor tiêu hủy / Quyên góp,Phụ lục 3 (TTLT 18),GE + FPS + Vendor
26/10/2021 16:10:21,4896857,1 đôi giày booth của nữ màu đen,,HCM-GBC,TRONG KHO LÝ THƯỜNG KIỆT ,"Hàng hóa hàng ngày, giấy tờ khác (quần áo, mắt kính...)",,2021-10-26 16:10:21.000,4896857,"Hàng hóa hàng ngày, giấy tờ khác (quần áo, mắt kính...)",698,Quá hạn,Thuê Vendor tiêu hủy / Quyên góp,Phụ lục 3 (TTLT 18),GE + FPS + Vendor
27/10/2021 16:25:27,4586674,1 họp kính mắt cũ,,HCM-GBC,TRONG KHO LÝ THƯỜNG KIỆT ,"Hàng hóa hàng ngày, giấy tờ khác (quần áo, mắt kính...)",,2021-10-27 16:25:27.000,4586674,"Hàng hóa hàng ngày, giấy tờ khác (quần áo, mắt kính...)",697,Quá hạn,Thuê Vendor tiêu hủy / Quyên góp,Phụ lục 3 (TTLT 18),GE + FPS + Vendor
2021-11-10 14:48:06,2525366,1 chìa khóa xe hơi kèm móc khóa hồng,,HCM-GBC,TRONG KHO LÝ THƯỜNG KIỆT ,"Hàng hóa hàng ngày, giấy tờ khác (quần áo, mắt kính...)",,2021-10-11 14:48:06.000,2525366,"Hàng hóa hàng ngày, giấy tờ khác (quần áo, mắt kính...)",713,Quá hạn,Thuê Vendor tiêu hủy / Quyên góp,Phụ lục 3 (TTLT 18),GE + FPS + Vendor
2020-09-10 17:00:53,342661,1 túi quần jean + 1 túi đồ hộp thực phẩm,,HCM-GBC,TRONG KHO LÝ THƯỜNG KIỆT ,"Hàng hóa hàng ngày, giấy tờ khác (quần áo, mắt kính...)",,2020-10-09 17:00:53.000,342661,"Hàng hóa hàng ngày, giấy tờ khác (quần áo, mắt kính...)",1080,Quá hạn,Thuê Vendor tiêu hủy / Quyên góp,Phụ lục 3 (TTLT 18),GE + FPS + Vendor
23/10/2021 8:22:24,2597084,"TS LÀ 1 áo vest, 1 đồng hồ và 1 thỏi son",,HCM-GBC,TRONG KHO LÝ THƯỜNG KIỆT ,"Hàng hóa hàng ngày, giấy tờ khác (quần áo, mắt kính...)",,2021-10-23 08:22:24.000,2597084,"Hàng hóa hàng ngày, giấy tờ khác (quần áo, mắt kính...)",701,Quá hạn,Thuê Vendor tiêu hủy / Quyên góp,Phụ lục 3 (TTLT 18),GE + FPS + Vendor
24/11/2022,1239432,dụng cụ quay,365254905,HCM-GBC,TRONG KHO LÝ THƯỜNG KIỆT ,"Hàng hóa hàng ngày, giấy tờ khác (quần áo, mắt kính...)",,2022-11-24 00:00:00.000,1239432,"Hàng hóa hàng ngày, giấy tờ khác (quần áo, mắt kính...)",305,Quá hạn,Thuê Vendor tiêu hủy / Quyên góp,Phụ lục 3 (TTLT 18),GE + FPS + Vendor
2023-06-07 00:00:00,5253492,1 chìa khóa,435261798,HCM-GBC,TRONG KHO LÝ THƯỜNG KIỆT ,"Hàng hóa hàng ngày, giấy tờ khác (quần áo, mắt kính...)",,2023-07-06 00:00:00.000,5253492,"Hàng hóa hàng ngày, giấy tờ khác (quần áo, mắt kính...)",81,Quá hạn,Thuê Vendor tiêu hủy / Quyên góp,Phụ lục 3 (TTLT 18),GE + FPS + Vendor
2021-07-10 15:20:50,4071190,1 thùng nhựa trắng,,HCM-GBC,TRONG KHO LÝ THƯỜNG KIỆT ,"Hàng hóa hàng ngày, giấy tờ khác (quần áo, mắt kính...)",,2021-10-07 15:20:50.000,4071190,"Hàng hóa hàng ngày, giấy tờ khác (quần áo, mắt kính...)",717,Quá hạn,Thuê Vendor tiêu hủy / Quyên góp,Phụ lục 3 (TTLT 18),GE + FPS + Vendor
,5740150,Nón bảo hiểm màu trắng đã qua sử dụng,,HCM-GBC,BÌ 29 -LẺ,"Hàng hóa hàng ngày, giấy tờ khác (quần áo, mắt kính...)",,,5740150,"Hàng hóa hàng ngày, giấy tờ khác (quần áo, mắt kính...)",999,Quá hạn,Thuê Vendor tiêu hủy / Quyên góp,Phụ lục 3 (TTLT 18),GE + FPS + Vendor
,2158063,Mũ bảo hiểm xanh đậm đã qua sử dụng,,HCM-GBC,BÌ 29 -LẺ,"Hàng hóa hàng ngày, giấy tờ khác (quần áo, mắt kính...)",,,2158063,"Hàng hóa hàng ngày, giấy tờ khác (quần áo, mắt kính...)",999,Quá hạn,Thuê Vendor tiêu hủy / Quyên góp,Phụ lục 3 (TTLT 18),GE + FPS + Vendor
,6112515,Mũ bảo hiểm đen đã qua sử dụng,,HCM-GBC,BÌ 29 -LẺ,"Hàng hóa hàng ngày, giấy tờ khác (quần áo, mắt kính...)",,,6112515,"Hàng hóa hàng ngày, giấy tờ khác (quần áo, mắt kính...)",999,Quá hạn,Thuê Vendor tiêu hủy / Quyên góp,Phụ lục 3 (TTLT 18),GE + FPS + Vendor
,6951078,1 bộ quần áo vàng nâu & 1 nón bảo hiểm adidas đen & 1 nón bảo hiểm mobifone đen,,HCM-GBC,BÌ 29 -LẺ,"Hàng hóa hàng ngày, giấy tờ khác (quần áo, mắt kính...)",,,6951078,"Hàng hóa hàng ngày, giấy tờ khác (quần áo, mắt kính...)",999,Quá hạn,Thuê Vendor tiêu hủy / Quyên góp,Phụ lục 3 (TTLT 18),GE + FPS + Vendor
,363561,2 quần jean đã qua sử dụng,,HCM-GBC,BÌ 30 -LẺ,"Hàng hóa hàng ngày, giấy tờ khác (quần áo, mắt kính...)",,,363561,"Hàng hóa hàng ngày, giấy tờ khác (quần áo, mắt kính...)",999,Quá hạn,Thuê Vendor tiêu hủy / Quyên góp,Phụ lục 3 (TTLT 18),GE + FPS + Vendor
,2555040,1 hộp trà trung quốc  mới 30 gói HSD 18.11.2025,,HCM-GBC,BÌ 31 -LẺ,"Hàng hóa hàng ngày, giấy tờ khác (quần áo, mắt kính...)",,,2555040,"Hàng hóa hàng ngày, giấy tờ khác (quần áo, mắt kính...)",999,Quá hạn,Thuê Vendor tiêu hủy / Quyên góp,Phụ lục 3 (TTLT 18),GE + FPS + Vendor
,5113188,1 hộp Gucci trống màu xanh,,HCM-GBC,BÌ 32 -LẺ,"Hàng hóa hàng ngày, giấy tờ khác (quần áo, mắt kính...)",,,5113188,"Hàng hóa hàng ngày, giấy tờ khác (quần áo, mắt kính...)",999,Quá hạn,Thuê Vendor tiêu hủy / Quyên góp,Phụ lục 3 (TTLT 18),GE + FPS + Vendor
,5717511,1 áo khoát đen & 1 giày nike đen & 1 đôi vớ trắng & 1 lắc tay (đã qua sử dụng),,HCM-GBC,BÌ 33 -LẺ,"Hàng hóa hàng ngày, giấy tờ khác (quần áo, mắt kính...)",,,5717511,"Hàng hóa hàng ngày, giấy tờ khác (quần áo, mắt kính...)",999,Quá hạn,Thuê Vendor tiêu hủy / Quyên góp,Phụ lục 3 (TTLT 18),GE + FPS + Vendor
,389253,"(đã qua sử dụng) : 1 chai sữa tắm HSD 20.03.2026 & 1 dầu gội HSD 21.11.2025 & 1 xịt thơm & 1 chai nước hoa & 1 lotion HSD 25.12.2025 & 1 xịt tóc HSD 07.02.2025 & bộ bàn chải & 1 gói thuốc lá &2 khăn giấy ướt 
 (chưa sử dụng): quần lót nam size XL
1 ví đen: 1 dola & 10 won & 1 thẻ mastercard 5365100489237384 HSD 06.06.2023 & 1 thẻ visa Shinhan 4364200784860924 HSD T4.2028 & 1 thẻ Heonghaewon 5365101958440376 HSD T4.2027 & 1 thẻ Hyundai 4033020149148307 HSD T6.2028 & 1 thẻ Bonez moto & 1 thẻ Hyundai oilbank 7516015209350651 & 1 thẻ SHinhan card big plus 377988061020187 T8.2024 & 1 thẻ Shinhan  9411612622707483 T7.2024 & 1 thẻ Standard Charter 5211764928101380 T6.2023 &1 thẻ 5365101064836368 T12.2024
1 dây sạc gồm củ sạc & dây sạc
1 vé bay
1 chìa khóa xe oto",,HCM-GBC,BÌ 34 -LẺ,Tiền mặt & giấy tờ cấp bởi CQCN,,,389253,Tiền mặt & giấy tờ cấp bởi CQCN,999,Cần gửi CQNN,Bàn giao CQNN / Ngân hàng,Phụ lục 4 (TTLT 18),COA + Legal + FPS
2023-06-07 00:00:00,5276483,1 balo em bé màu hồng: 2 chai suối & 1 nón vành & bánh trái trẻ em (hủy) & 1 bộ đồ màu đỏ,,HCM-GBC,BÌ 35 -LẺ,"Hàng hóa hàng ngày, giấy tờ khác (quần áo, mắt kính...)",,2023-07-06 00:00:00.000,5276483,"Hàng hóa hàng ngày, giấy tờ khác (quần áo, mắt kính...)",81,Quá hạn,Thuê Vendor tiêu hủy / Quyên góp,Phụ lục 3 (TTLT 18),GE + FPS + Vendor
2023-08-07 00:00:00,3151440,1 cây dù đen đã qua sử dụng,,HCM-GBC,BÌ 36 -LẺ,"Hàng hóa hàng ngày, giấy tờ khác (quần áo, mắt kính...)",,2023-07-08 00:00:00.000,3151440,"Hàng hóa hàng ngày, giấy tờ khác (quần áo, mắt kính...)",79,Quá hạn,Thuê Vendor tiêu hủy / Quyên góp,Phụ lục 3 (TTLT 18),GE + FPS + Vendor
05/08.2023,5786197,1 mũ lưỡi trai màu vàng nâu & 1 chai nước tẩy trang T5.2025 & 1 hủ kem trộn không rỏ nguồn gốc & 1 gel rửa mặt T8.2025 & 1 hộp phấn phủ Gucci & 1 chai lăn nách (đã qua sử dụng),,HCM-GBC,BÌ 37 -LẺ,"Hàng hóa hàng ngày, giấy tờ khác (quần áo, mắt kính...)",,2023-08-05 00:00:00.000,5786197,"Hàng hóa hàng ngày, giấy tờ khác (quần áo, mắt kính...)",51,Quá hạn,Thuê Vendor tiêu hủy / Quyên góp,Phụ lục 3 (TTLT 18),GE + FPS + Vendor
2023-04-08 00:00:00,687128,1 bộ quay cần câu (đã qua sử dụng),,HCM-GBC,BÌ 38 -LẺ,"Hàng hóa hàng ngày, giấy tờ khác (quần áo, mắt kính...)",,2023-08-04 00:00:00.000,687128,"Hàng hóa hàng ngày, giấy tờ khác (quần áo, mắt kính...)",52,Quá hạn,Thuê Vendor tiêu hủy / Quyên góp,Phụ lục 3 (TTLT 18),GE + FPS + Vendor
18/07/2023,5894594,1 nón bảo hiểm đen 3/4 đã qua sử dụng,,HCM-GBC,BÌ 39 -LẺ,"Hàng hóa hàng ngày, giấy tờ khác (quần áo, mắt kính...)",,2023-07-18 00:00:00.000,5894594,"Hàng hóa hàng ngày, giấy tờ khác (quần áo, mắt kính...)",69,Quá hạn,Thuê Vendor tiêu hủy / Quyên góp,Phụ lục 3 (TTLT 18),GE + FPS + Vendor
17/07/2023,554613,1 cặp học sinh : 5 tập sách tiếng anh,,HCM-GBC,BÌ 40 -LẺ,"Hàng hóa hàng ngày, giấy tờ khác (quần áo, mắt kính...)",,2023-07-17 00:00:00.000,554613,"Hàng hóa hàng ngày, giấy tờ khác (quần áo, mắt kính...)",70,Quá hạn,Thuê Vendor tiêu hủy / Quyên góp,Phụ lục 3 (TTLT 18),GE + FPS + Vendor
14/07/2023,2018930,1 túi xách nữ xanh đậm: 3 kính & 1 chai nước suối & các loại thuốc ko biết nhãn hàng (đã qua sử dụng),,HCM-GBC,BÌ 41 -LẺ,"Hàng hóa hàng ngày, giấy tờ khác (quần áo, mắt kính...)",,2023-07-14 00:00:00.000,2018930,"Hàng hóa hàng ngày, giấy tờ khác (quần áo, mắt kính...)",73,Quá hạn,Thuê Vendor tiêu hủy / Quyên góp,Phụ lục 3 (TTLT 18),GE + FPS + Vendor
13/07/2023,4770627,"1 chai nước suối (hết hạn hủy) 
1 bộ bàn chải đánh răng  (mới) 
Đã qua sử dụng: 1 đôi bata cũ &1 bộ quần áo & 1 khăn tắm ",,HCM-GBC,BÌ 42 -LẺ,"Hàng hóa hàng ngày, giấy tờ khác (quần áo, mắt kính...)",,2023-07-13 00:00:00.000,4770627,"Hàng hóa hàng ngày, giấy tờ khác (quần áo, mắt kính...)",74,Quá hạn,Thuê Vendor tiêu hủy / Quyên góp,Phụ lục 3 (TTLT 18),GE + FPS + Vendor
2023-10-08 00:00:00,6765472,"Trong 1 balo đen gồm:
>> 2 hộp thuốc lá (còn seal) 
>> (đã qua sử dụng):  1 hộp miếng dán & 2 quần lót   & 1 dây sạc & 1 sạc dự phòng & 1 máy cạo râu & 1 bộ quần áo
>> Hủy: 1 hộp thuốc ko nhãn
>> 1 ví gồm:
5 tờ 1.000 won & 1 tờ 5.000 won & 2 tờ 10.000 won & 1 tờ 50.000 won
1 bằng lái xe: số 230902108571
1 thẻ ngân hàng 5365100895236384 T6.2024
1 thẻ Woori card 6253208250968377 T9.2027
1 thẻ visa Naver 404577014757808 T12.2026
1 thẻ Yeonxu 9460447050801403 T9.2026
1 thẽ KB 5236122475293004 T2.2028
1 thẻ samsung card 5310708016333280  T5.2023
1 thẻ thành viên gold star ",,HCM-GBC,BÌ 43 -LẺ,Tiền mặt & giấy tờ cấp bởi CQCN,,2023-08-10 00:00:00.000,6765472,Tiền mặt & giấy tờ cấp bởi CQCN,46,Cần gửi CQNN,Bàn giao CQNN / Ngân hàng,Phụ lục 4 (TTLT 18),COA + Legal + FPS
2022-11-08 00:00:00,7031151,Đã qua sử dụng: 1 gối ôm bằng bông,,HCM-GBC,BÌ 44 -LẺ,"Hàng hóa hàng ngày, giấy tờ khác (quần áo, mắt kính...)",,2022-08-11 00:00:00.000,7031151,"Hàng hóa hàng ngày, giấy tờ khác (quần áo, mắt kính...)",410,Quá hạn,Thuê Vendor tiêu hủy / Quyên góp,Phụ lục 3 (TTLT 18),GE + FPS + Vendor
2023-08-08 00:00:00,5772129,2 sim VNmobine mới & 1 hộp thuốc cho người thiểu năng HSD 10.11.2025 & 1 bộ quần áo,,HCM-GBC,BÌ 45 -LẺ,"Hàng hóa hàng ngày, giấy tờ khác (quần áo, mắt kính...)",,2023-08-08 00:00:00.000,5772129,"Hàng hóa hàng ngày, giấy tờ khác (quần áo, mắt kính...)",48,Quá hạn,Thuê Vendor tiêu hủy / Quyên góp,Phụ lục 3 (TTLT 18),GE + FPS + Vendor
29/07/2023,424248,1 túi quần áo cũ,,HCM-GBC,BÌ 46 -LẺ,"Hàng hóa hàng ngày, giấy tờ khác (quần áo, mắt kính...)",,2023-07-29 00:00:00.000,424248,"Hàng hóa hàng ngày, giấy tờ khác (quần áo, mắt kính...)",58,Quá hạn,Thuê Vendor tiêu hủy / Quyên góp,Phụ lục 3 (TTLT 18),GE + FPS + Vendor
28/08/2023,6825359,1 đôi giày cũ màu đỏ đen,,HCM-GBC,BÌ 47 -LẺ,"Hàng hóa hàng ngày, giấy tờ khác (quần áo, mắt kính...)",,2023-08-28 00:00:00.000,6825359,"Hàng hóa hàng ngày, giấy tờ khác (quần áo, mắt kính...)",28,Còn hạn,Thuê Vendor tiêu hủy / Quyên góp,Phụ lục 3 (TTLT 18),GE + FPS + Vendor
15/07/2023,6390116,1 bộ đồ trẻ em đã sử dụng,,HCM-GBC,BÌ 48 -LẺ,"Hàng hóa hàng ngày, giấy tờ khác (quần áo, mắt kính...)",,2023-07-15 00:00:00.000,6390116,"Hàng hóa hàng ngày, giấy tờ khác (quần áo, mắt kính...)",72,Quá hạn,Thuê Vendor tiêu hủy / Quyên góp,Phụ lục 3 (TTLT 18),GE + FPS + Vendor
2023-03-08 00:00:00,6756036,đã qua sử dụng: 1 bộ quần áo  & 1 túi rút ,,HCM-GBC,BÌ 49 -LẺ,"Hàng hóa hàng ngày, giấy tờ khác (quần áo, mắt kính...)",,2023-08-03 00:00:00.000,6756036,"Hàng hóa hàng ngày, giấy tờ khác (quần áo, mắt kính...)",53,Quá hạn,Thuê Vendor tiêu hủy / Quyên góp,Phụ lục 3 (TTLT 18),GE + FPS + Vendor
2023-11-07 00:00:00,5764229,1 đôi adidas đã dùng,,HCM-GBC,BÌ 50 -LẺ,"Hàng hóa hàng ngày, giấy tờ khác (quần áo, mắt kính...)",,2023-07-11 00:00:00.000,5764229,"Hàng hóa hàng ngày, giấy tờ khác (quần áo, mắt kính...)",76,Quá hạn,Thuê Vendor tiêu hủy / Quyên góp,Phụ lục 3 (TTLT 18),GE + FPS + Vendor
18/07/2023,3816261,2 áo khoát hoodie đã dùng,,HCM-GBC,BÌ 51 -LẺ,"Hàng hóa hàng ngày, giấy tờ khác (quần áo, mắt kính...)",,2023-07-18 00:00:00.000,3816261,"Hàng hóa hàng ngày, giấy tờ khác (quần áo, mắt kính...)",69,Quá hạn,Thuê Vendor tiêu hủy / Quyên góp,Phụ lục 3 (TTLT 18),GE + FPS + Vendor
22/07/2023,4355783,1 đôi dép & khẩu trang đã dùng,,HCM-GBC,BÌ 52 -LẺ,"Hàng hóa hàng ngày, giấy tờ khác (quần áo, mắt kính...)",,2023-07-22 00:00:00.000,4355783,"Hàng hóa hàng ngày, giấy tờ khác (quần áo, mắt kính...)",65,Quá hạn,Thuê Vendor tiêu hủy / Quyên góp,Phụ lục 3 (TTLT 18),GE + FPS + Vendor
28/07/2023,1388457,1 balo rằn ri gồm: 1 bộ chăn gối đã dùng,,HCM-GBC,BÌ 53 -LẺ,"Hàng hóa hàng ngày, giấy tờ khác (quần áo, mắt kính...)",,2023-07-28 00:00:00.000,1388457,"Hàng hóa hàng ngày, giấy tờ khác (quần áo, mắt kính...)",59,Quá hạn,Thuê Vendor tiêu hủy / Quyên góp,Phụ lục 3 (TTLT 18),GE + FPS + Vendor
,không có,Bịch nilong đen : 6 chai suối chưa khui & 1 băng keo trong đã dùng & 1 headphone trắng đã dùng,,HCM-GBC,BÌ 54 -LẺ,"Hàng hóa hàng ngày, giấy tờ khác (quần áo, mắt kính...)",,,MANUAL-ITEM-1539,"Hàng hóa hàng ngày, giấy tờ khác (quần áo, mắt kính...)",999,Quá hạn,Thuê Vendor tiêu hủy / Quyên góp,Phụ lục 3 (TTLT 18),GE + FPS + Vendor
16/11/2020,3745374,1 bộ quần áo đã dùng,,HCM-GBC,,"Hàng hóa hàng ngày, giấy tờ khác (quần áo, mắt kính...)",,2020-11-16 00:00:00.000,3745374,"Hàng hóa hàng ngày, giấy tờ khác (quần áo, mắt kính...)",1043,Quá hạn,Thuê Vendor tiêu hủy / Quyên góp,Phụ lục 3 (TTLT 18),GE + FPS + Vendor
17/03/2021,4044609,1 túi vải đựng đồ cỡ lớn còn seal mới,,HCM-GBC,,"Hàng hóa hàng ngày, giấy tờ khác (quần áo, mắt kính...)",,2021-03-17 00:00:00.000,4044609,"Hàng hóa hàng ngày, giấy tờ khác (quần áo, mắt kính...)",922,Quá hạn,Thuê Vendor tiêu hủy / Quyên góp,Phụ lục 3 (TTLT 18),GE + FPS + Vendor
19/04/2021,5244239,1 tờ thông báo tìm việc làm - trợ cấp thất nghiệp,,HCM-GBC,,"Hàng hóa hàng ngày, giấy tờ khác (quần áo, mắt kính...)",,2021-04-19 00:00:00.000,5244239,"Hàng hóa hàng ngày, giấy tờ khác (quần áo, mắt kính...)",889,Quá hạn,Thuê Vendor tiêu hủy / Quyên góp,Phụ lục 3 (TTLT 18),GE + FPS + Vendor
17/03/2021,4040485,2 kem ủ trắng HSD 04.11.2023 đã dùng,,HCM-GBC,,"Hàng hóa hàng ngày, giấy tờ khác (quần áo, mắt kính...)",,2021-03-17 00:00:00.000,4040485,"Hàng hóa hàng ngày, giấy tờ khác (quần áo, mắt kính...)",922,Quá hạn,Thuê Vendor tiêu hủy / Quyên góp,Phụ lục 3 (TTLT 18),GE + FPS + Vendor
2021-03-03 00:00:00,2209772,1 bộ mỹ phẩm chiết không biết hạn dùng & 1 đôi dép đen đã dùng,,HCM-GBC,,"Hàng hóa hàng ngày, giấy tờ khác (quần áo, mắt kính...)",,2021-03-03 00:00:00.000,2209772,"Hàng hóa hàng ngày, giấy tờ khác (quần áo, mắt kính...)",936,Quá hạn,Thuê Vendor tiêu hủy / Quyên góp,Phụ lục 3 (TTLT 18),GE + FPS + Vendor
19/02/2021,3190768,1 bộ võng nằm đã dùng,,HCM-GBC,,"Hàng hóa hàng ngày, giấy tờ khác (quần áo, mắt kính...)",,2021-02-19 00:00:00.000,3190768,"Hàng hóa hàng ngày, giấy tờ khác (quần áo, mắt kính...)",948,Quá hạn,Thuê Vendor tiêu hủy / Quyên góp,Phụ lục 3 (TTLT 18),GE + FPS + Vendor
,không có,1 balo đen chứa 1 bộ quần áo đã dùng,,HCM-GBC,,"Hàng hóa hàng ngày, giấy tờ khác (quần áo, mắt kính...)",,,MANUAL-ITEM-1546,"Hàng hóa hàng ngày, giấy tờ khác (quần áo, mắt kính...)",999,Quá hạn,Thuê Vendor tiêu hủy / Quyên góp,Phụ lục 3 (TTLT 18),GE + FPS + Vendor
,không có,1 túi vải đen gồm 1 quần đùi nam mới & 1 quần jean đã dùng & 1 chai rượu voka đang dùng,,HCM-GBC,,"Hàng hóa hàng ngày, giấy tờ khác (quần áo, mắt kính...)",,,MANUAL-ITEM-1547,"Hàng hóa hàng ngày, giấy tờ khác (quần áo, mắt kính...)",999,Quá hạn,Thuê Vendor tiêu hủy / Quyên góp,Phụ lục 3 (TTLT 18),GE + FPS + Vendor
22/10/2020,1392244,1 vali trống đã dùng,,HCM-GBC,,"Hàng hóa hàng ngày, giấy tờ khác (quần áo, mắt kính...)",,2020-10-22 00:00:00.000,1392244,"Hàng hóa hàng ngày, giấy tờ khác (quần áo, mắt kính...)",1068,Quá hạn,Thuê Vendor tiêu hủy / Quyên góp,Phụ lục 3 (TTLT 18),GE + FPS + Vendor
24/03/2021,1052479,1 túi đồ dùng trẻ em: 1 áo & 1 bình sữa không (đã dùng),,HCM-GBC,,"Hàng hóa hàng ngày, giấy tờ khác (quần áo, mắt kính...)",,2021-03-24 00:00:00.000,1052479,"Hàng hóa hàng ngày, giấy tờ khác (quần áo, mắt kính...)",915,Quá hạn,Thuê Vendor tiêu hủy / Quyên góp,Phụ lục 3 (TTLT 18),GE + FPS + Vendor
20/04/2021,4429119,1 nón bảo hiểm Grab đã dùng,,HCM-GBC,,"Hàng hóa hàng ngày, giấy tờ khác (quần áo, mắt kính...)",,2021-04-20 00:00:00.000,4429119,"Hàng hóa hàng ngày, giấy tờ khác (quần áo, mắt kính...)",888,Quá hạn,Thuê Vendor tiêu hủy / Quyên góp,Phụ lục 3 (TTLT 18),GE + FPS + Vendor
19/04/20211,5737877,chứng từ đề nghị bảo lãnh (không có tên),,HCM-GBC,,"Hàng hóa hàng ngày, giấy tờ khác (quần áo, mắt kính...)",,,5737877,"Hàng hóa hàng ngày, giấy tờ khác (quần áo, mắt kính...)",999,Quá hạn,Thuê Vendor tiêu hủy / Quyên góp,Phụ lục 3 (TTLT 18),GE + FPS + Vendor
2021-01-03 00:00:00,3715300,1 thùng vệ sinh màu trắng hơi dơ (đã dùng),,HCM-GBC,,"Hàng hóa hàng ngày, giấy tờ khác (quần áo, mắt kính...)",,2021-03-01 00:00:00.000,3715300,"Hàng hóa hàng ngày, giấy tờ khác (quần áo, mắt kính...)",938,Quá hạn,Thuê Vendor tiêu hủy / Quyên góp,Phụ lục 3 (TTLT 18),GE + FPS + Vendor
22/07/2020,4424430,1 túi giấy trống,,HCM-GBC,,"Hàng hóa hàng ngày, giấy tờ khác (quần áo, mắt kính...)",,2020-07-22 00:00:00.000,4424430,"Hàng hóa hàng ngày, giấy tờ khác (quần áo, mắt kính...)",1160,Quá hạn,Thuê Vendor tiêu hủy / Quyên góp,Phụ lục 3 (TTLT 18),GE + FPS + Vendor
không ngày,3065902,1 ví đen rỗng- có 1 CCCD,,HCM-GBC,,Tiền mặt & giấy tờ cấp bởi CQCN,,,3065902,Tiền mặt & giấy tờ cấp bởi CQCN,999,Cần gửi CQNN,Bàn giao CQNN / Ngân hàng,Phụ lục 4 (TTLT 18),COA + Legal + FPS
2023-05-30 00:00:00,4989277,1 vali màu hồng không có tài sản,435322310,HCM-GBC,TRONG KHO LÝ THƯỜNG KIỆT ,"Hàng hóa hàng ngày, giấy tờ khác (quần áo, mắt kính...)",,2023-05-30 00:00:00.000,4989277,"Hàng hóa hàng ngày, giấy tờ khác (quần áo, mắt kính...)",118,Quá hạn,Thuê Vendor tiêu hủy / Quyên góp,Phụ lục 3 (TTLT 18),GE + FPS + Vendor
2023-06-19 10:13:47,6650301,1 vali (ben trong có balo + 1 túi vải ko chứa đồ đạc),441877422,HCM-GBC,TRONG KHO LÝ THƯỜNG KIỆT ,"Hàng hóa hàng ngày, giấy tờ khác (quần áo, mắt kính...)",,2023-06-19 10:13:47.000,6650301,"Hàng hóa hàng ngày, giấy tờ khác (quần áo, mắt kính...)",97,Quá hạn,Thuê Vendor tiêu hủy / Quyên góp,Phụ lục 3 (TTLT 18),GE + FPS + Vendor
2022-11-02 00:00:00,6593013,1 điện thoại màu xanh nokia,356507631,HCM-GBC,BÌ 2 lẻ,Thiết bị điện tử có giá,,2022-02-11 00:00:00.000,6593013,Thiết bị điện tử có giá,591,Quá hạn,Xóa dữ liệu & Thanh lý / Thuê Vendor hủy,Phụ lục 3 (TTLT 18),GE + FPS + Procurement
2023-01-05 17:53:34,2831884,1 điện thoại samsung màu trắng,381265624,HCM-GBC,BÌ 2 lẻ,Thiết bị điện tử có giá,,2023-05-01 17:53:34.000,2831884,Thiết bị điện tử có giá,146,Quá hạn,Xóa dữ liệu & Thanh lý / Thuê Vendor hủy,Phụ lục 3 (TTLT 18),GE + FPS + Procurement
2023-04-07 00:00:00,3864778,1 ip ốp lưng màu hồng,A-4OH9LNIWWIHN,HCM-GBC,BÌ 2 lẻ,Thiết bị điện tử có giá,,2023-07-04 00:00:00.000,3864778,Thiết bị điện tử có giá,83,Quá hạn,Xóa dữ liệu & Thanh lý / Thuê Vendor hủy,Phụ lục 3 (TTLT 18),GE + FPS + Procurement
2023-05-29 00:00:00,6653951,1 điện thoại iphone cảm ứng,434375217,HCM-GBC,BÌ 2 lẻ,Thiết bị điện tử có giá,,2023-05-29 00:00:00.000,6653951,Thiết bị điện tử có giá,119,Quá hạn,Xóa dữ liệu & Thanh lý / Thuê Vendor hủy,Phụ lục 3 (TTLT 18),GE + FPS + Procurement
27/01/2022,5292121,1 chìa khóa,256839756,HCM-GBC,BÌ 2 lẻ,"Hàng hóa hàng ngày, giấy tờ khác (quần áo, mắt kính...)",,2022-01-27 00:00:00.000,5292121,"Hàng hóa hàng ngày, giấy tờ khác (quần áo, mắt kính...)",606,Quá hạn,Thuê Vendor tiêu hủy / Quyên góp,Phụ lục 3 (TTLT 18),GE + FPS + Vendor
22/02/2022,5292121,1 điện thoại nokia trắng đen nhựa màu đen,k nhớ,HCM-GBC,BÌ 2 lẻ,Thiết bị điện tử có giá,,2022-02-22 00:00:00.000,5292121,Thiết bị điện tử có giá,580,Quá hạn,Xóa dữ liệu & Thanh lý / Thuê Vendor hủy,Phụ lục 3 (TTLT 18),GE + FPS + Procurement
2022-09-15 00:00:00,6492480,1 điện thoại samsung màu xanh,337406324,HCM-GBC,BÌ 2 lẻ,Thiết bị điện tử có giá,,2022-09-15 00:00:00.000,6492480,Thiết bị điện tử có giá,375,Quá hạn,Xóa dữ liệu & Thanh lý / Thuê Vendor hủy,Phụ lục 3 (TTLT 18),GE + FPS + Procurement
2022-12-19 00:00:00,1171723,1 điện thoại iphone cũ màu hồng,374675974,HCM-GBC,BÌ 2 lẻ,Thiết bị điện tử có giá,,2022-12-19 00:00:00.000,1171723,Thiết bị điện tử có giá,280,Quá hạn,Xóa dữ liệu & Thanh lý / Thuê Vendor hủy,Phụ lục 3 (TTLT 18),GE + FPS + Procurement
2021-05-26 00:00:00,3305346,"1 máy tính bảng màu đen, bao da màu xanh",194589338,HCM-GBC,BÌ 2 lẻ,Thiết bị điện tử có giá,,2021-05-26 00:00:00.000,3305346,Thiết bị điện tử có giá,852,Quá hạn,Xóa dữ liệu & Thanh lý / Thuê Vendor hủy,Phụ lục 3 (TTLT 18),GE + FPS + Procurement
2023-01-30 13:35:28,442826,1 điện thoại Nokia E72 màu trắng đen,391968012,HCM-GBC,BÌ 2 lẻ,Thiết bị điện tử có giá,,2023-01-30 13:35:28.000,442826,Thiết bị điện tử có giá,237,Quá hạn,Xóa dữ liệu & Thanh lý / Thuê Vendor hủy,Phụ lục 3 (TTLT 18),GE + FPS + Procurement
2023-05-19 00:00:00,6315844,1 điện thoại nokia màu xanh,430171811,HCM-GBC,BÌ 2 lẻ,Thiết bị điện tử có giá,,2023-05-19 00:00:00.000,6315844,Thiết bị điện tử có giá,129,Quá hạn,Xóa dữ liệu & Thanh lý / Thuê Vendor hủy,Phụ lục 3 (TTLT 18),GE + FPS + Procurement
2023-05-04 00:00:00,1245348,1 điện thoại nokia màu đen,426603557,HCM-GBC,BÌ 2 lẻ,Thiết bị điện tử có giá,,2023-04-05 00:00:00.000,1245348,Thiết bị điện tử có giá,173,Quá hạn,Xóa dữ liệu & Thanh lý / Thuê Vendor hủy,Phụ lục 3 (TTLT 18),GE + FPS + Procurement
2022-12-20 00:00:00,210174,1 điện thoại oppo màu trắng,375424856,HCM-GBC,BÌ 2 lẻ,Thiết bị điện tử có giá,,2022-12-20 00:00:00.000,210174,Thiết bị điện tử có giá,279,Quá hạn,Xóa dữ liệu & Thanh lý / Thuê Vendor hủy,Phụ lục 3 (TTLT 18),GE + FPS + Procurement
2022-12-05 00:00:00,333925,1 điện thoại mobell,369612471,HCM-GBC,BÌ 2 lẻ,Thiết bị điện tử có giá,,2022-05-12 00:00:00.000,333925,Thiết bị điện tử có giá,501,Quá hạn,Xóa dữ liệu & Thanh lý / Thuê Vendor hủy,Phụ lục 3 (TTLT 18),GE + FPS + Procurement
2023-03-07 00:00:00,3878035,1 điện thoại samsung,405625201,HCM-GBC,BÌ 2 lẻ,Thiết bị điện tử có giá,,2023-07-03 00:00:00.000,3878035,Thiết bị điện tử có giá,84,Quá hạn,Xóa dữ liệu & Thanh lý / Thuê Vendor hủy,Phụ lục 3 (TTLT 18),GE + FPS + Procurement
2023-01-17 10:38:56,6213346,"1 điện thoại Samsung màu cam, có ốp lưng màu tím",385858228,HCM-GBC,BÌ 2 lẻ,Thiết bị điện tử có giá,,2023-01-17 10:38:56.000,6213346,Thiết bị điện tử có giá,250,Quá hạn,Xóa dữ liệu & Thanh lý / Thuê Vendor hủy,Phụ lục 3 (TTLT 18),GE + FPS + Procurement
2023-04-10 00:00:00,5494015,1 điện thoại samsung,418941401,HCM-GBC,BÌ 2 lẻ,Thiết bị điện tử có giá,,2023-10-04 00:00:00.000,5494015,Thiết bị điện tử có giá,-9,Còn hạn,Xóa dữ liệu & Thanh lý / Thuê Vendor hủy,Phụ lục 3 (TTLT 18),GE + FPS + Procurement
2023-02-23 00:00:00,809928,1 đt ip màu hồng,402205617,HCM-GBC,BÌ 2 lẻ,Thiết bị điện tử có giá,,2023-02-23 00:00:00.000,809928,Thiết bị điện tử có giá,214,Quá hạn,Xóa dữ liệu & Thanh lý / Thuê Vendor hủy,Phụ lục 3 (TTLT 18),GE + FPS + Procurement
2023-01-20 10:05:53,533328,"1 cái điện thoại sam sung màu đen, đã cũ và tắt nguồn",387281280,HCM-GBC,BÌ 2 lẻ,Thiết bị điện tử có giá,,2023-01-20 10:05:53.000,533328,Thiết bị điện tử có giá,247,Quá hạn,Xóa dữ liệu & Thanh lý / Thuê Vendor hủy,Phụ lục 3 (TTLT 18),GE + FPS + Procurement
2023-01-03 11:59:31,315327,1 điện thoại samsung ( 79% pin),380725897,HCM-GBC,BÌ 2 lẻ,Thiết bị điện tử có giá,,2023-03-01 11:59:31.000,315327,Thiết bị điện tử có giá,207,Quá hạn,Xóa dữ liệu & Thanh lý / Thuê Vendor hủy,Phụ lục 3 (TTLT 18),GE + FPS + Procurement
2022-12-26 00:00:00,1529691,1 Cái ví không có tiền và 1 điện thoại iphone,A-4BUWGKWWWHDL,HCM-GBC,BÌ 2 lẻ,Thiết bị điện tử có giá,,2022-12-26 00:00:00.000,1529691,Thiết bị điện tử có giá,273,Quá hạn,Xóa dữ liệu & Thanh lý / Thuê Vendor hủy,Phụ lục 3 (TTLT 18),GE + FPS + Procurement
2023-04-24 00:00:00,3541008,1 điện thoại samsung màu trắng,423141572,HCM-GBC,BÌ 2 lẻ,Thiết bị điện tử có giá,,2023-04-24 00:00:00.000,3541008,Thiết bị điện tử có giá,154,Quá hạn,Xóa dữ liệu & Thanh lý / Thuê Vendor hủy,Phụ lục 3 (TTLT 18),GE + FPS + Procurement
2023-01-09 15:24:49,857605,ip 7plus màu đỏ,382684313,HCM-GBC,BÌ 2 lẻ,Thiết bị điện tử có giá,,2023-09-01 15:24:49.000,857605,Thiết bị điện tử có giá,23,Còn hạn,Xóa dữ liệu & Thanh lý / Thuê Vendor hủy,Phụ lục 3 (TTLT 18),GE + FPS + Procurement
2023-02-16 00:00:00,518242,1 điện thoại iphone 7,396396905,HCM-GBC,BÌ 2 lẻ,Thiết bị điện tử có giá,,2023-02-16 00:00:00.000,518242,Thiết bị điện tử có giá,221,Quá hạn,Xóa dữ liệu & Thanh lý / Thuê Vendor hủy,Phụ lục 3 (TTLT 18),GE + FPS + Procurement
2023-01-10 15:47:58,423996,1 điện thoại Oppo còn lên nguồn,383396050,HCM-GBC,BÌ 2 lẻ,Thiết bị điện tử có giá,,2023-10-01 15:47:58.000,423996,Thiết bị điện tử có giá,-7,Còn hạn,Xóa dữ liệu & Thanh lý / Thuê Vendor hủy,Phụ lục 3 (TTLT 18),GE + FPS + Procurement
2022-03-10 00:00:00,5104866,1 điện thoại mobistar đã tắt nguồn,270035594,HCM-GBC,BÌ 2 lẻ,Thiết bị điện tử có giá,,2022-10-03 00:00:00.000,5104866,Thiết bị điện tử có giá,357,Quá hạn,Xóa dữ liệu & Thanh lý / Thuê Vendor hủy,Phụ lục 3 (TTLT 18),GE + FPS + Procurement
2022-11-14 00:00:00,535604,1 điện thoại huawei có nứt màn hình,360661206,HCM-GBC,BÌ 2 lẻ,Thiết bị điện tử có giá,,2022-11-14 00:00:00.000,535604,Thiết bị điện tử có giá,315,Quá hạn,Xóa dữ liệu & Thanh lý / Thuê Vendor hủy,Phụ lục 3 (TTLT 18),GE + FPS + Procurement
2022-01-21 00:00:00,4184949,1 điện thoại iphone 6 màu trắng đã cũ,k rõ,HCM-GBC,BÌ 2 lẻ,Thiết bị điện tử có giá,,2022-01-21 00:00:00.000,4184949,Thiết bị điện tử có giá,612,Quá hạn,Xóa dữ liệu & Thanh lý / Thuê Vendor hủy,Phụ lục 3 (TTLT 18),GE + FPS + Procurement
2023-03-06 00:00:00,6723710,1 điện thoại nokia màu hồng,407011635,HCM-GBC,BÌ 2 lẻ,Thiết bị điện tử có giá,,2023-06-03 00:00:00.000,6723710,Thiết bị điện tử có giá,114,Quá hạn,Xóa dữ liệu & Thanh lý / Thuê Vendor hủy,Phụ lục 3 (TTLT 18),GE + FPS + Procurement
2022-08-24 00:00:00,4282588,1 điện thoại samsung màu xanh đen và tai nghe,327275775,HCM-GBC,BÌ 2 lẻ,Thiết bị điện tử có giá,,2022-08-24 00:00:00.000,4282588,Thiết bị điện tử có giá,397,Quá hạn,Xóa dữ liệu & Thanh lý / Thuê Vendor hủy,Phụ lục 3 (TTLT 18),GE + FPS + Procurement
2022-07-12 00:00:00,596134,1 điện thoại iphone,310887644,HCM-GBC,BÌ 2 lẻ,Thiết bị điện tử có giá,,2022-12-07 00:00:00.000,596134,Thiết bị điện tử có giá,292,Quá hạn,Xóa dữ liệu & Thanh lý / Thuê Vendor hủy,Phụ lục 3 (TTLT 18),GE + FPS + Procurement
2022-06-29 00:00:00,5626665,1 điện thoại cục gạch intel và dây sạc,307119252,HCM-GBC,BÌ 2 lẻ,Thiết bị điện tử có giá,,2022-06-29 00:00:00.000,5626665,Thiết bị điện tử có giá,453,Quá hạn,Xóa dữ liệu & Thanh lý / Thuê Vendor hủy,Phụ lục 3 (TTLT 18),GE + FPS + Procurement
2022-05-19 00:00:00,4875378,"TS là 1 ĐIỆN THOẠI NOKIA cục gạch màu đen
Cuốc xe :",290935601,HCM-GBC,BÌ 2 lẻ,Thiết bị điện tử có giá,,2022-05-19 00:00:00.000,4875378,Thiết bị điện tử có giá,494,Quá hạn,Xóa dữ liệu & Thanh lý / Thuê Vendor hủy,Phụ lục 3 (TTLT 18),GE + FPS + Procurement
2022-10-18 00:00:00,4398917,TS là 1 điện thoại samsung,349061964,HCM-GBC,BÌ 2 lẻ,Thiết bị điện tử có giá,,2022-10-18 00:00:00.000,4398917,Thiết bị điện tử có giá,342,Quá hạn,Xóa dữ liệu & Thanh lý / Thuê Vendor hủy,Phụ lục 3 (TTLT 18),GE + FPS + Procurement
2022-10-06 00:00:00,2644981,1 túi đeo màu trắng chứa 1 điện thoại oppo,344130104,HCM-GBC,BÌ 2 lẻ,Thiết bị điện tử có giá,,2022-06-10 00:00:00.000,2644981,Thiết bị điện tử có giá,472,Quá hạn,Xóa dữ liệu & Thanh lý / Thuê Vendor hủy,Phụ lục 3 (TTLT 18),GE + FPS + Procurement
21/05/2021,181847,Thảm chân (mới),,HCM-GBC,TRONG KHO LÝ THƯỜNG KIỆT ,"Hàng hóa hàng ngày, giấy tờ khác (quần áo, mắt kính...)",,2021-05-21 00:00:00.000,181847,"Hàng hóa hàng ngày, giấy tờ khác (quần áo, mắt kính...)",857,Quá hạn,Thuê Vendor tiêu hủy / Quyên góp,Phụ lục 3 (TTLT 18),GE + FPS + Vendor
19/05/2021,-,Dĩa sứ,,HCM-GBC,TRONG KHO LÝ THƯỜNG KIỆT ,"Hàng hóa hàng ngày, giấy tờ khác (quần áo, mắt kính...)",,2021-05-19 00:00:00.000,-,"Hàng hóa hàng ngày, giấy tờ khác (quần áo, mắt kính...)",859,Quá hạn,Thuê Vendor tiêu hủy / Quyên góp,Phụ lục 3 (TTLT 18),GE + FPS + Vendor
27/5/2021,314162,Cây dù cũ,,HCM-GBC,TRONG KHO LÝ THƯỜNG KIỆT ,"Hàng hóa hàng ngày, giấy tờ khác (quần áo, mắt kính...)",,2021-05-27 00:00:00.000,314162,"Hàng hóa hàng ngày, giấy tờ khác (quần áo, mắt kính...)",851,Quá hạn,Thuê Vendor tiêu hủy / Quyên góp,Phụ lục 3 (TTLT 18),GE + FPS + Vendor
25/10/2022,5833185,01 Balo Adidas (3 đôi giày cũ và phụ kiện kẹp tóc),,HCM-GBC,TRONG KHO LÝ THƯỜNG KIỆT ,"Hàng hóa hàng ngày, giấy tờ khác (quần áo, mắt kính...)",,2022-10-25 00:00:00.000,5833185,"Hàng hóa hàng ngày, giấy tờ khác (quần áo, mắt kính...)",335,Quá hạn,Thuê Vendor tiêu hủy / Quyên góp,Phụ lục 3 (TTLT 18),GE + FPS + Vendor
2022-05-08 00:00:00,5078870,1 xe đẩy em bé,,HCM-GBC,TRONG KHO LÝ THƯỜNG KIỆT ,"Hàng hóa hàng ngày, giấy tờ khác (quần áo, mắt kính...)",,2022-08-05 00:00:00.000,5078870,"Hàng hóa hàng ngày, giấy tờ khác (quần áo, mắt kính...)",416,Quá hạn,Thuê Vendor tiêu hủy / Quyên góp,Phụ lục 3 (TTLT 18),GE + FPS + Vendor
2021-01-06 00:00:00,-,1 giấy tờ Hổ khẩu photo,,HCM-GBC,TRONG KHO LÝ THƯỜNG KIỆT ,"Hàng hóa hàng ngày, giấy tờ khác (quần áo, mắt kính...)",,2021-06-01 00:00:00.000,-,"Hàng hóa hàng ngày, giấy tờ khác (quần áo, mắt kính...)",846,Quá hạn,Thuê Vendor tiêu hủy / Quyên góp,Phụ lục 3 (TTLT 18),GE + FPS + Vendor
2022-03-11 00:00:00,1448252,1 hộp dụng cụ máy khoan,,HCM-GBC,TRONG KHO LÝ THƯỜNG KIỆT ,"Hàng hóa hàng ngày, giấy tờ khác (quần áo, mắt kính...)",,2022-11-03 00:00:00.000,1448252,"Hàng hóa hàng ngày, giấy tờ khác (quần áo, mắt kính...)",326,Quá hạn,Thuê Vendor tiêu hủy / Quyên góp,Phụ lục 3 (TTLT 18),GE + FPS + Vendor
30/5/2022,5327854,"1 chai rượu vang VIESTA
1 hộp nến",,HCM-GBC,TRONG KHO LÝ THƯỜNG KIỆT ,"Hàng hóa hàng ngày, giấy tờ khác (quần áo, mắt kính...)",,2022-05-30 00:00:00.000,5327854,"Hàng hóa hàng ngày, giấy tờ khác (quần áo, mắt kính...)",483,Quá hạn,Thuê Vendor tiêu hủy / Quyên góp,Phụ lục 3 (TTLT 18),GE + FPS + Vendor
30/11/2020,691937,1 quả châu trang trí (mới),,HCM-GBC,TRONG KHO LÝ THƯỜNG KIỆT ,"Hàng hóa hàng ngày, giấy tờ khác (quần áo, mắt kính...)",,2020-11-30 00:00:00.000,691937,"Hàng hóa hàng ngày, giấy tờ khác (quần áo, mắt kính...)",1029,Quá hạn,Thuê Vendor tiêu hủy / Quyên góp,Phụ lục 3 (TTLT 18),GE + FPS + Vendor
14/12/2020,2270502,1 điện thoại V-smart xanh dương bị hỏng,,HCM-GBC,TRONG KHO LÝ THƯỜNG KIỆT ,Thiết bị điện tử có giá,,2020-12-14 00:00:00.000,2270502,Thiết bị điện tử có giá,1015,Quá hạn,Xóa dữ liệu & Thanh lý / Thuê Vendor hủy,Phụ lục 3 (TTLT 18),GE + FPS + Procurement
14/12/2020,5246701,1 điện thoại 6S plus đã qua sử dụng (noted: có thể thanh lý),,HCM-GBC,TRONG KHO LÝ THƯỜNG KIỆT ,Thiết bị điện tử có giá,,2020-12-14 00:00:00.000,5246701,Thiết bị điện tử có giá,1015,Quá hạn,Xóa dữ liệu & Thanh lý / Thuê Vendor hủy,Phụ lục 3 (TTLT 18),GE + FPS + Procurement
16/9/2022,1186996,Thùng đá nhựa màu đỏ + nón bảo hộ qua sử dụng,,HCM-GBC,TRONG KHO LÝ THƯỜNG KIỆT ,"Hàng hóa hàng ngày, giấy tờ khác (quần áo, mắt kính...)",,2022-09-16 00:00:00.000,1186996,"Hàng hóa hàng ngày, giấy tờ khác (quần áo, mắt kính...)",374,Quá hạn,Thuê Vendor tiêu hủy / Quyên góp,Phụ lục 3 (TTLT 18),GE + FPS + Vendor
19/10/2020,5256673,1 sạc dự phòng mới,,HCM-GBC,TRONG KHO LÝ THƯỜNG KIỆT ,"Hàng hóa hàng ngày, giấy tờ khác (quần áo, mắt kính...)",,2020-10-19 00:00:00.000,5256673,"Hàng hóa hàng ngày, giấy tờ khác (quần áo, mắt kính...)",1071,Quá hạn,Thuê Vendor tiêu hủy / Quyên góp,Phụ lục 3 (TTLT 18),GE + FPS + Vendor
15/10,1707819,1 chai thuốc HSD 21/07/2019,,HCM-GBC,TRONG KHO LÝ THƯỜNG KIỆT ,"Hàng hóa hàng ngày, giấy tờ khác (quần áo, mắt kính...)",,1-10-15 00:00:00.000,1707819,"Hàng hóa hàng ngày, giấy tờ khác (quần áo, mắt kính...)",738500,Quá hạn,Thuê Vendor tiêu hủy / Quyên góp,Phụ lục 3 (TTLT 18),GE + FPS + Vendor
,không có,1 nồi chiên cỡ lớn,,HCM-GBC,TRONG KHO LÝ THƯỜNG KIỆT ,"Hàng hóa hàng ngày, giấy tờ khác (quần áo, mắt kính...)",,,MANUAL-ITEM-1606,"Hàng hóa hàng ngày, giấy tờ khác (quần áo, mắt kính...)",999,Quá hạn,Thuê Vendor tiêu hủy / Quyên góp,Phụ lục 3 (TTLT 18),GE + FPS + Vendor
,không có,1 bịch đựng thuốc nhiều loại,,HCM-GBC,TRONG KHO LÝ THƯỜNG KIỆT ,"Hàng hóa hàng ngày, giấy tờ khác (quần áo, mắt kính...)",,,MANUAL-ITEM-1607,"Hàng hóa hàng ngày, giấy tờ khác (quần áo, mắt kính...)",999,Quá hạn,Thuê Vendor tiêu hủy / Quyên góp,Phụ lục 3 (TTLT 18),GE + FPS + Vendor
,không có,1 bao đen chăn mềm đã dùng,,HCM-GBC,TRONG KHO LÝ THƯỜNG KIỆT ,"Hàng hóa hàng ngày, giấy tờ khác (quần áo, mắt kính...)",,,MANUAL-ITEM-1608,"Hàng hóa hàng ngày, giấy tờ khác (quần áo, mắt kính...)",999,Quá hạn,Thuê Vendor tiêu hủy / Quyên góp,Phụ lục 3 (TTLT 18),GE + FPS + Vendor
2023-05-08 00:00:00,6876757,1 túi quần áo đã cũ,,HCM-GBC,TRONG KHO LÝ THƯỜNG KIỆT ,"Hàng hóa hàng ngày, giấy tờ khác (quần áo, mắt kính...)",,2023-08-05 00:00:00.000,6876757,"Hàng hóa hàng ngày, giấy tờ khác (quần áo, mắt kính...)",51,Quá hạn,Thuê Vendor tiêu hủy / Quyên góp,Phụ lục 3 (TTLT 18),GE + FPS + Vendor
18/07/2023,5694594,1 nón bảo hiểm cũ,,HCM-GBC,TRONG KHO LÝ THƯỜNG KIỆT ,"Hàng hóa hàng ngày, giấy tờ khác (quần áo, mắt kính...)",,2023-07-18 00:00:00.000,5694594,"Hàng hóa hàng ngày, giấy tờ khác (quần áo, mắt kính...)",69,Quá hạn,Thuê Vendor tiêu hủy / Quyên góp,Phụ lục 3 (TTLT 18),GE + FPS + Vendor
2022-01-05 15:00:45,2074667,"1 Thẻ căn hộ, 1 Cà vẹt xe, 1 tờ tiền kẹp giữa dán kính không biết mệnh giá",250094961,HCM-GBC,TRONG KHO LÝ THƯỜNG KIỆT ,"Giấy tờ tùy thân (CCCD, GPLX,...) + giấy tờ có giá tiền (hóa đơn VAT)",Hàng Hubs Gò Vấp chuyển về,2022-05-01 15:00:45.000,2074667,Tiền mặt & giấy tờ cấp bởi CQCN,511,Cần gửi CQNN,Bàn giao CQNN / Ngân hàng,Phụ lục 4 (TTLT 18),COA + Legal + FPS
2022-01-06 14:09:23,5646271,"1 tẹp hồ sợ VietBank,",250680065,HCM-GBC,TRONG KHO LÝ THƯỜNG KIỆT ,"Giấy tờ tùy thân (CCCD, GPLX,...) + giấy tờ có giá tiền (hóa đơn VAT)",Hàng Hubs Gò Vấp chuyển về,2022-06-01 14:09:23.000,5646271,Tiền mặt & giấy tờ cấp bởi CQCN,480,Cần gửi CQNN,Bàn giao CQNN / Ngân hàng,Phụ lục 4 (TTLT 18),COA + Legal + FPS
2022-01-07 11:30:44,5751908,"1 đt Nokia 1280, (tắt nguồn)",250411443,HCM-GBC,TRONG KHO LÝ THƯỜNG KIỆT ,"Thiết bị điện tử có giá (máy tính, điện thoại, máy ảnh..)",Hàng Hubs Gò Vấp chuyển về,2022-07-01 11:30:44.000,5751908,Thiết bị điện tử có giá,450,Quá hạn,Xóa dữ liệu & Thanh lý / Thuê Vendor hủy,Phụ lục 3 (TTLT 18),GE + FPS + Procurement
2022-01-07 14:46:20,3826026,"1 túi thảo mộc xong tắm,",251158898,HCM-GBC,TRONG KHO LÝ THƯỜNG KIỆT ,"Hàng hóa hàng ngày, giấy tờ khác (quần áo, mắt kính...)",Hàng Hubs Gò Vấp chuyển về,2022-07-01 14:46:20.000,3826026,"Hàng hóa hàng ngày, giấy tờ khác (quần áo, mắt kính...)",450,Quá hạn,Thuê Vendor tiêu hủy / Quyên góp,Phụ lục 3 (TTLT 18),GE + FPS + Vendor
2022-01-10 09:34:37,4344905,1 máy may để bàn mini,251361271,HCM-GBC,TRONG KHO LÝ THƯỜNG KIỆT ,,Hàng Hubs Gò Vấp chuyển về,2022-10-01 09:34:37.000,4344905,Thiết bị điện tử có giá,358,Quá hạn,Xóa dữ liệu & Thanh lý / Thuê Vendor hủy,Phụ lục 3 (TTLT 18),GE + FPS + Procurement
2022-01-10 15:22:00,1763354,1 chùm chìa khoá ( 6 chiếc ),251731442,HCM-GBC,TRONG KHO LÝ THƯỜNG KIỆT ,"Hàng hóa hàng ngày, giấy tờ khác (quần áo, mắt kính...)",Hàng Hubs Gò Vấp chuyển về,2022-10-01 15:22:00.000,1763354,"Hàng hóa hàng ngày, giấy tờ khác (quần áo, mắt kính...)",358,Quá hạn,Thuê Vendor tiêu hủy / Quyên góp,Phụ lục 3 (TTLT 18),GE + FPS + Vendor
2022-01-11 08:55:46,5179337,"1 túi thực phẩm, (3 lon nước tăng lực, 2 bịt sót mè, 1 gói mì đũa)",251245691,HCM-GBC,TRONG KHO LÝ THƯỜNG KIỆT ,,Hàng Hubs Gò Vấp chuyển về,2022-11-01 08:55:46.000,5179337,"Hàng hóa hàng ngày, giấy tờ khác (quần áo, mắt kính...)",327,Quá hạn,Thuê Vendor tiêu hủy / Quyên góp,Phụ lục 3 (TTLT 18),GE + FPS + Vendor
2022-01-11 16:49:31,5679674,1 Thẻ ATM  tên Trần Thuý Vy,247135633,HCM-GBC,TRONG KHO LÝ THƯỜNG KIỆT ,"Giấy tờ tùy thân (CCCD, GPLX,...) + giấy tờ có giá tiền (hóa đơn VAT)",Hàng Hubs Gò Vấp chuyển về,2022-11-01 16:49:31.000,5679674,Tiền mặt & giấy tờ cấp bởi CQCN,327,Cần gửi CQNN,Bàn giao CQNN / Ngân hàng,Phụ lục 4 (TTLT 18),COA + Legal + FPS
2022-01-17 16:57:29,303444,"1 đt Nokia, (bể màn hình vẫn hoạt động bình thương,)",253985231,HCM-GBC,TRONG KHO LÝ THƯỜNG KIỆT ,"Thiết bị điện tử có giá (máy tính, điện thoại, máy ảnh..)",Hàng Hubs Gò Vấp chuyển về,2022-01-17 16:57:29.000,303444,Thiết bị điện tử có giá,615,Quá hạn,Xóa dữ liệu & Thanh lý / Thuê Vendor hủy,Phụ lục 3 (TTLT 18),GE + FPS + Procurement
2022-01-19 16:20:26,3758319,"1 tệp hồ sơ khám bệnh,",252933633,HCM-GBC,TRONG KHO LÝ THƯỜNG KIỆT ,"Giấy tờ tùy thân (CCCD, GPLX,...) + giấy tờ có giá tiền (hóa đơn VAT)",Hàng Hubs Gò Vấp chuyển về,2022-01-19 16:20:26.000,3758319,Tiền mặt & giấy tờ cấp bởi CQCN,613,Cần gửi CQNN,Bàn giao CQNN / Ngân hàng,Phụ lục 4 (TTLT 18),COA + Legal + FPS
2022-01-25 08:04:34,1927193, 4 tượng Thạch cao ,256026613,HCM-GBC,TRONG KHO LÝ THƯỜNG KIỆT ,"Hàng hóa hàng ngày, giấy tờ khác (quần áo, mắt kính...)",Hàng Hubs Gò Vấp chuyển về,2022-01-25 08:04:34.000,1927193,"Hàng hóa hàng ngày, giấy tờ khác (quần áo, mắt kính...)",607,Quá hạn,Thuê Vendor tiêu hủy / Quyên góp,Phụ lục 3 (TTLT 18),GE + FPS + Vendor
2022-01-25 08:53:21,3936994,"1 áo khoác + 1 ví , (3 thẻ Sinh viên Trần Văn Lực, 1 thẻ Ngân Hàng và 5 tờ tiền)",256136601,HCM-GBC,TRONG KHO LÝ THƯỜNG KIỆT ,"Giấy tờ tùy thân (CCCD, GPLX,...) + giấy tờ có giá tiền (hóa đơn VAT)",Hàng Hubs Gò Vấp chuyển về,2022-01-25 08:53:21.000,3936994,Tiền mặt & giấy tờ cấp bởi CQCN,607,Cần gửi CQNN,Bàn giao CQNN / Ngân hàng,Phụ lục 4 (TTLT 18),COA + Legal + FPS
2022-01-28 08:54:47,4568680,"1 đt SamSung, (hoạt động bình thương)",255887324,HCM-GBC,TRONG KHO LÝ THƯỜNG KIỆT ,"Thiết bị điện tử có giá (máy tính, điện thoại, máy ảnh..)",Hàng Hubs Gò Vấp chuyển về,2022-01-28 08:54:47.000,4568680,Thiết bị điện tử có giá,604,Quá hạn,Xóa dữ liệu & Thanh lý / Thuê Vendor hủy,Phụ lục 3 (TTLT 18),GE + FPS + Procurement
2022-01-28 16:04:11,2850411,1 cái Quần Tây Xám,257630180,HCM-GBC,TRONG KHO LÝ THƯỜNG KIỆT ,"Hàng hóa hàng ngày, giấy tờ khác (quần áo, mắt kính...)",Hàng Hubs Gò Vấp chuyển về,2022-01-28 16:04:11.000,2850411,"Hàng hóa hàng ngày, giấy tờ khác (quần áo, mắt kính...)",604,Quá hạn,Thuê Vendor tiêu hủy / Quyên góp,Phụ lục 3 (TTLT 18),GE + FPS + Vendor
2022-02-10 15:56:25,632999,"1 đt IPhone, (hoạt động bình thường, bể màn hình)",261558293,HCM-GBC,TRONG KHO LÝ THƯỜNG KIỆT ,"Thiết bị điện tử có giá (máy tính, điện thoại, máy ảnh..)",Hàng Hubs Gò Vấp chuyển về,2022-10-02 15:56:25.000,632999,Thiết bị điện tử có giá,357,Quá hạn,Xóa dữ liệu & Thanh lý / Thuê Vendor hủy,Phụ lục 3 (TTLT 18),GE + FPS + Procurement
2022-02-11 08:41:59,5391738,"1 Hộp quà tết,",261723154,HCM-GBC,TRONG KHO LÝ THƯỜNG KIỆT ,,Hàng Hubs Gò Vấp chuyển về,2022-11-02 08:41:59.000,5391738,"Hàng hóa hàng ngày, giấy tờ khác (quần áo, mắt kính...)",326,Quá hạn,Thuê Vendor tiêu hủy / Quyên góp,Phụ lục 3 (TTLT 18),GE + FPS + Vendor
2022-02-18 11:02:53,4578239,"1 túi đồ dùng cá nhân ,",263857200,HCM-GBC,TRONG KHO LÝ THƯỜNG KIỆT ,"Hàng hóa hàng ngày, giấy tờ khác (quần áo, mắt kính...)",Hàng Hubs Gò Vấp chuyển về,2022-02-18 11:02:53.000,4578239,"Hàng hóa hàng ngày, giấy tờ khác (quần áo, mắt kính...)",583,Quá hạn,Thuê Vendor tiêu hủy / Quyên góp,Phụ lục 3 (TTLT 18),GE + FPS + Vendor
2022-02-25 11:24:55,4920424,4 hợp kỷ niệm chương,266298154,HCM-GBC,TRONG KHO LÝ THƯỜNG KIỆT ,"Hàng hóa hàng ngày, giấy tờ khác (quần áo, mắt kính...)",Hàng Hubs Gò Vấp chuyển về,2022-02-25 11:24:55.000,4920424,"Hàng hóa hàng ngày, giấy tờ khác (quần áo, mắt kính...)",576,Quá hạn,Thuê Vendor tiêu hủy / Quyên góp,Phụ lục 3 (TTLT 18),GE + FPS + Vendor
2022-03-08 08:38:08,213598,1 đôi guốc,267947423,HCM-GBC,TRONG KHO LÝ THƯỜNG KIỆT ,"Hàng hóa hàng ngày, giấy tờ khác (quần áo, mắt kính...)",Hàng Hubs Gò Vấp chuyển về,2022-08-03 08:38:08.000,213598,"Hàng hóa hàng ngày, giấy tờ khác (quần áo, mắt kính...)",417,Quá hạn,Thuê Vendor tiêu hủy / Quyên góp,Phụ lục 3 (TTLT 18),GE + FPS + Vendor
2022-03-08 08:39:56,653182,"1 đt Nokia, (hết pin)",268845890,HCM-GBC,TRONG KHO LÝ THƯỜNG KIỆT ,"Thiết bị điện tử có giá (máy tính, điện thoại, máy ảnh..)",Hàng Hubs Gò Vấp chuyển về,2022-08-03 08:39:56.000,653182,Thiết bị điện tử có giá,417,Quá hạn,Xóa dữ liệu & Thanh lý / Thuê Vendor hủy,Phụ lục 3 (TTLT 18),GE + FPS + Procurement
2022-03-09 16:02:55,973280,1 sâu chuỗi gỗ,269302733,HCM-GBC,TRONG KHO LÝ THƯỜNG KIỆT ,"Hàng hóa hàng ngày, giấy tờ khác (quần áo, mắt kính...)",Hàng Hubs Gò Vấp chuyển về,2022-09-03 16:02:55.000,973280,"Hàng hóa hàng ngày, giấy tờ khác (quần áo, mắt kính...)",386,Quá hạn,Thuê Vendor tiêu hủy / Quyên góp,Phụ lục 3 (TTLT 18),GE + FPS + Vendor
2022-03-14 10:19:40,4843938,1 áo khoác con nít,271612180,HCM-GBC,TRONG KHO LÝ THƯỜNG KIỆT ,"Hàng hóa hàng ngày, giấy tờ khác (quần áo, mắt kính...)",Hàng Hubs Gò Vấp chuyển về,2022-03-14 10:19:40.000,4843938,"Hàng hóa hàng ngày, giấy tờ khác (quần áo, mắt kính...)",559,Quá hạn,Thuê Vendor tiêu hủy / Quyên góp,Phụ lục 3 (TTLT 18),GE + FPS + Vendor
2022-03-25 16:06:27,5332888,"1 cái áo nữ,",274175440,HCM-GBC,TRONG KHO LÝ THƯỜNG KIỆT ,"Hàng hóa hàng ngày, giấy tờ khác (quần áo, mắt kính...)",Hàng Hubs Gò Vấp chuyển về,2022-03-25 16:06:27.000,5332888,"Hàng hóa hàng ngày, giấy tờ khác (quần áo, mắt kính...)",548,Quá hạn,Thuê Vendor tiêu hủy / Quyên góp,Phụ lục 3 (TTLT 18),GE + FPS + Vendor
2022-03-29 08:12:12,4843938,1 Ví Nam có 3 thẻ cứng khác nhau,275485986,HCM-GBC,TRONG KHO LÝ THƯỜNG KIỆT ,"Giấy tờ tùy thân (CCCD, GPLX,...) + giấy tờ có giá tiền (hóa đơn VAT)",Hàng Hubs Gò Vấp chuyển về,2022-03-29 08:12:12.000,4843938,Tiền mặt & giấy tờ cấp bởi CQCN,544,Cần gửi CQNN,Bàn giao CQNN / Ngân hàng,Phụ lục 4 (TTLT 18),COA + Legal + FPS
2022-03-29 09:28:14,5553000,"1 túi Nữ,",276041109,HCM-GBC,TRONG KHO LÝ THƯỜNG KIỆT ,"Hàng hóa hàng ngày, giấy tờ khác (quần áo, mắt kính...)",Hàng Hubs Gò Vấp chuyển về,2022-03-29 09:28:14.000,5553000,"Hàng hóa hàng ngày, giấy tờ khác (quần áo, mắt kính...)",544,Quá hạn,Thuê Vendor tiêu hủy / Quyên góp,Phụ lục 3 (TTLT 18),GE + FPS + Vendor
